fullname,fullname,param:tensor_cls,param:device,param:scale,col,op,pred,val,mean,min,max,stddev,ops,rounds,query_result_size,tuple_element_size_bytes,tuple_count,total_size_bytes
"test_tpch_string_processing[op=FilterScan,col=l_shipmode,pred=Eq,val=AIR-device=cpu-encoding=UnsortedDictionaryEncoding-scale=0.1]","bench_test.py::TestStringColumnTensor::test_tpch_string_processing[op=FilterScan,col=l_shipmode,pred=Eq,val=AIR-device=cpu-encoding=UnsortedDictionaryEncoding-scale=0.1]",UnsortedDictionaryEncoding,cpu,0.1,l_shipmode,FilterScan,Eq,AIR,6.66883835974982e-05,6.353016942739487e-05,0.0015597697347402,1.7478995264943062e-05,14995.11528177922,7511,0,8,600572,4804576
"test_tpch_string_processing[op=FilterScan,col=l_shipmode,pred=Eq,val=AIR-device=cpu-encoding=UnsortedCDictionaryEncoding-scale=0.1]","bench_test.py::TestStringColumnTensor::test_tpch_string_processing[op=FilterScan,col=l_shipmode,pred=Eq,val=AIR-device=cpu-encoding=UnsortedCDictionaryEncoding-scale=0.1]",UnsortedCDictionaryEncoding,cpu,0.1,l_shipmode,FilterScan,Eq,AIR,0.0001435867515252,0.0001387540251016,0.0007963608950376,1.0954700685645512e-05,6964.430836253633,5155,0,8,600572,4804576
"test_tpch_string_processing[op=FilterScan,col=l_shipmode,pred=Eq,val=AIR-device=cpu-encoding=UnsortedDictionaryEncoding-scale=0.2]","bench_test.py::TestStringColumnTensor::test_tpch_string_processing[op=FilterScan,col=l_shipmode,pred=Eq,val=AIR-device=cpu-encoding=UnsortedDictionaryEncoding-scale=0.2]",UnsortedDictionaryEncoding,cpu,0.2,l_shipmode,FilterScan,Eq,AIR,6.495651695024687e-05,6.246939301490784e-05,0.0001176530495285,2.151374629643606e-06,15394.914120255942,9503,0,8,1199969,9599752
"test_tpch_string_processing[op=FilterScan,col=l_shipmode,pred=Eq,val=AIR-device=cpu-encoding=UnsortedCDictionaryEncoding-scale=0.2]","bench_test.py::TestStringColumnTensor::test_tpch_string_processing[op=FilterScan,col=l_shipmode,pred=Eq,val=AIR-device=cpu-encoding=UnsortedCDictionaryEncoding-scale=0.2]",UnsortedCDictionaryEncoding,cpu,0.2,l_shipmode,FilterScan,Eq,AIR,0.0001437062709434,0.0001387326046824,0.0016164174303412,2.139053840082622e-05,6958.638571821449,5119,0,8,1199969,9599752
"test_tpch_string_processing[op=FilterScan,col=l_shipmode,pred=Eq,val=AIR-device=cuda-encoding=UnsortedDictionaryEncoding-scale=0.2]","bench_test.py::TestStringColumnTensor::test_tpch_string_processing[op=FilterScan,col=l_shipmode,pred=Eq,val=AIR-device=cuda-encoding=UnsortedDictionaryEncoding-scale=0.2]",UnsortedDictionaryEncoding,cuda,0.2,l_shipmode,FilterScan,Eq,AIR,0.0001944348284968,0.0001894989982247,0.0002290634438395,3.27452260259406e-06,5143.11148743674,2757,0,8,1199969,9599752
"test_tpch_string_processing[op=FilterScan,col=l_shipmode,pred=Eq,val=AIR-device=cuda-encoding=UnsortedCDictionaryEncoding-scale=0.2]","bench_test.py::TestStringColumnTensor::test_tpch_string_processing[op=FilterScan,col=l_shipmode,pred=Eq,val=AIR-device=cuda-encoding=UnsortedCDictionaryEncoding-scale=0.2]",UnsortedCDictionaryEncoding,cuda,0.2,l_shipmode,FilterScan,Eq,AIR,0.000361065921416,0.0003545628860592,0.0005152579396963,9.028760482044817e-06,2769.5773560632674,2659,0,8,1199969,9599752
"test_tpch_string_processing[op=FilterScan,col=l_shipmode,pred=Eq,val=AIR-device=cuda-encoding=UnsortedDictionaryEncoding-scale=0.1]","bench_test.py::TestStringColumnTensor::test_tpch_string_processing[op=FilterScan,col=l_shipmode,pred=Eq,val=AIR-device=cuda-encoding=UnsortedDictionaryEncoding-scale=0.1]",UnsortedDictionaryEncoding,cuda,0.1,l_shipmode,FilterScan,Eq,AIR,0.0001945397925033,0.000188797712326,0.002304040826857,3.1828437699852045e-05,5140.3365200102335,4595,0,8,600572,4804576
"test_tpch_string_processing[op=FilterScan,col=l_shipmode,pred=Eq,val=AIR-device=cuda-encoding=UnsortedCDictionaryEncoding-scale=0.1]","bench_test.py::TestStringColumnTensor::test_tpch_string_processing[op=FilterScan,col=l_shipmode,pred=Eq,val=AIR-device=cuda-encoding=UnsortedCDictionaryEncoding-scale=0.1]",UnsortedCDictionaryEncoding,cuda,0.1,l_shipmode,FilterScan,Eq,AIR,0.0003610871360134,0.0003531398251652,0.0005156090483069,8.236032165904813e-06,2769.414637808548,2608,0,8,600572,4804576
"test_tpch_string_processing[op=FilterScan,col=l_shipmode,pred=Eq,val=AIR-device=cuda-encoding=UnsortedDictionaryEncoding-scale=0.3]","bench_test.py::TestStringColumnTensor::test_tpch_string_processing[op=FilterScan,col=l_shipmode,pred=Eq,val=AIR-device=cuda-encoding=UnsortedDictionaryEncoding-scale=0.3]",UnsortedDictionaryEncoding,cuda,0.3,l_shipmode,FilterScan,Eq,AIR,0.0001948837365626,0.0001882370561361,0.0004053488373756,7.449145504771714e-06,5131.264504868683,4679,0,8,1800093,14400744
"test_tpch_string_processing[op=FilterScan,col=l_shipmode,pred=Eq,val=AIR-device=cuda-encoding=UnsortedCDictionaryEncoding-scale=0.3]","bench_test.py::TestStringColumnTensor::test_tpch_string_processing[op=FilterScan,col=l_shipmode,pred=Eq,val=AIR-device=cuda-encoding=UnsortedCDictionaryEncoding-scale=0.3]",UnsortedCDictionaryEncoding,cuda,0.3,l_shipmode,FilterScan,Eq,AIR,0.0003585355339735,0.000347820110619,0.0006094863638281,7.3464887424613025e-06,2789.123825237641,2693,0,8,1800093,14400744
"test_tpch_string_processing[op=FilterScan,col=l_shipmode,pred=Eq,val=AIR-device=cpu-encoding=UnsortedDictionaryEncoding-scale=0.3]","bench_test.py::TestStringColumnTensor::test_tpch_string_processing[op=FilterScan,col=l_shipmode,pred=Eq,val=AIR-device=cpu-encoding=UnsortedDictionaryEncoding-scale=0.3]",UnsortedDictionaryEncoding,cpu,0.3,l_shipmode,FilterScan,Eq,AIR,6.508313072493455e-05,6.286893039941788e-05,0.0002378411591053,3.553935223550673e-06,15364.9646054424,9925,0,8,1800093,14400744
"test_tpch_string_processing[op=FilterScan,col=l_shipmode,pred=Eq,val=AIR-device=cpu-encoding=UnsortedCDictionaryEncoding-scale=0.3]","bench_test.py::TestStringColumnTensor::test_tpch_string_processing[op=FilterScan,col=l_shipmode,pred=Eq,val=AIR-device=cpu-encoding=UnsortedCDictionaryEncoding-scale=0.3]",UnsortedCDictionaryEncoding,cpu,0.3,l_shipmode,FilterScan,Eq,AIR,0.0001419535342306,0.0001384830102324,0.0002921456471085,4.251864543089848e-06,7044.55866787506,5260,0,8,1800093,14400744
"test_tpch_string_processing[op=FilterScan,col=l_shipmode,pred=Eq,val=AIR-device=cuda-encoding=UnsortedDictionaryEncoding-scale=0.4]","bench_test.py::TestStringColumnTensor::test_tpch_string_processing[op=FilterScan,col=l_shipmode,pred=Eq,val=AIR-device=cuda-encoding=UnsortedDictionaryEncoding-scale=0.4]",UnsortedDictionaryEncoding,cuda,0.4,l_shipmode,FilterScan,Eq,AIR,0.0001953309934795,0.0001898603513836,0.0004270793870091,6.991062831402761e-06,5119.515250429073,4666,0,8,2399740,19197920
"test_tpch_string_processing[op=FilterScan,col=l_shipmode,pred=Eq,val=AIR-device=cuda-encoding=UnsortedCDictionaryEncoding-scale=0.4]","bench_test.py::TestStringColumnTensor::test_tpch_string_processing[op=FilterScan,col=l_shipmode,pred=Eq,val=AIR-device=cuda-encoding=UnsortedCDictionaryEncoding-scale=0.4]",UnsortedCDictionaryEncoding,cuda,0.4,l_shipmode,FilterScan,Eq,AIR,0.0003599362984116,0.0003537815064191,0.0005111200734972,7.81016878447201e-06,2778.269389369709,2678,0,8,2399740,19197920
"test_tpch_string_processing[op=FilterScan,col=l_shipmode,pred=Eq,val=AIR-device=cpu-encoding=UnsortedDictionaryEncoding-scale=0.4]","bench_test.py::TestStringColumnTensor::test_tpch_string_processing[op=FilterScan,col=l_shipmode,pred=Eq,val=AIR-device=cpu-encoding=UnsortedDictionaryEncoding-scale=0.4]",UnsortedDictionaryEncoding,cpu,0.4,l_shipmode,FilterScan,Eq,AIR,6.561395632644044e-05,6.304960697889328e-05,0.0002138558775186,3.687944602537474e-06,15240.66000569806,10068,0,8,2399740,19197920
"test_tpch_string_processing[op=FilterScan,col=l_shipmode,pred=Eq,val=AIR-device=cpu-encoding=UnsortedCDictionaryEncoding-scale=0.4]","bench_test.py::TestStringColumnTensor::test_tpch_string_processing[op=FilterScan,col=l_shipmode,pred=Eq,val=AIR-device=cpu-encoding=UnsortedCDictionaryEncoding-scale=0.4]",UnsortedCDictionaryEncoding,cpu,0.4,l_shipmode,FilterScan,Eq,AIR,0.0001420065480677,0.0001380015164613,0.0003064014017581,5.057380078981607e-06,7041.928795586206,5363,0,8,2399740,19197920
"test_tpch_string_processing[op=FilterScan,col=l_shipmode,pred=Eq,val=AIR-device=cuda-encoding=UnsortedDictionaryEncoding-scale=0.5]","bench_test.py::TestStringColumnTensor::test_tpch_string_processing[op=FilterScan,col=l_shipmode,pred=Eq,val=AIR-device=cuda-encoding=UnsortedDictionaryEncoding-scale=0.5]",UnsortedDictionaryEncoding,cuda,0.5,l_shipmode,FilterScan,Eq,AIR,0.000194732174431,0.0001892186701297,0.0004612049087882,6.923406814552393e-06,5135.258222846695,4603,0,8,2999671,23997368
"test_tpch_string_processing[op=FilterScan,col=l_shipmode,pred=Eq,val=AIR-device=cuda-encoding=UnsortedCDictionaryEncoding-scale=0.5]","bench_test.py::TestStringColumnTensor::test_tpch_string_processing[op=FilterScan,col=l_shipmode,pred=Eq,val=AIR-device=cuda-encoding=UnsortedCDictionaryEncoding-scale=0.5]",UnsortedCDictionaryEncoding,cuda,0.5,l_shipmode,FilterScan,Eq,AIR,0.0003612734821366,0.0003549233078956,0.0013547213748097,2.1290314726542565e-05,2767.9861640708946,2685,0,8,2999671,23997368
"test_tpch_string_processing[op=FilterScan,col=l_shipmode,pred=Eq,val=AIR-device=cpu-encoding=UnsortedDictionaryEncoding-scale=0.5]","bench_test.py::TestStringColumnTensor::test_tpch_string_processing[op=FilterScan,col=l_shipmode,pred=Eq,val=AIR-device=cpu-encoding=UnsortedDictionaryEncoding-scale=0.5]",UnsortedDictionaryEncoding,cpu,0.5,l_shipmode,FilterScan,Eq,AIR,6.486904516846809e-05,6.266869604587555e-05,0.0002122120931744,2.5300006390779967e-06,15415.673182840152,10203,0,8,2999671,23997368
"test_tpch_string_processing[op=FilterScan,col=l_shipmode,pred=Eq,val=AIR-device=cpu-encoding=UnsortedCDictionaryEncoding-scale=0.5]","bench_test.py::TestStringColumnTensor::test_tpch_string_processing[op=FilterScan,col=l_shipmode,pred=Eq,val=AIR-device=cpu-encoding=UnsortedCDictionaryEncoding-scale=0.5]",UnsortedCDictionaryEncoding,cpu,0.5,l_shipmode,FilterScan,Eq,AIR,0.000142641213647,0.0001390445977449,0.0003313291817903,5.465049159993824e-06,7010.596548025062,5206,0,8,2999671,23997368
"test_tpch_string_processing[op=FilterScan,col=l_shipmode,pred=Eq,val=AIR-device=cuda-encoding=UnsortedDictionaryEncoding-scale=0.6]","bench_test.py::TestStringColumnTensor::test_tpch_string_processing[op=FilterScan,col=l_shipmode,pred=Eq,val=AIR-device=cuda-encoding=UnsortedDictionaryEncoding-scale=0.6]",UnsortedDictionaryEncoding,cuda,0.6,l_shipmode,FilterScan,Eq,AIR,0.000194201090981,0.0001895800232887,0.0004431912675499,6.514384532752045e-06,5149.301659162097,4695,0,8,3601036,28808288
"test_tpch_string_processing[op=FilterScan,col=l_shipmode,pred=Eq,val=AIR-device=cuda-encoding=UnsortedCDictionaryEncoding-scale=0.6]","bench_test.py::TestStringColumnTensor::test_tpch_string_processing[op=FilterScan,col=l_shipmode,pred=Eq,val=AIR-device=cuda-encoding=UnsortedCDictionaryEncoding-scale=0.6]",UnsortedCDictionaryEncoding,cuda,0.6,l_shipmode,FilterScan,Eq,AIR,0.0003605360114331,0.000351988710463,0.0005014017224311,6.513641627115132e-06,2773.648035948008,2671,0,8,3601036,28808288
"test_tpch_string_processing[op=FilterScan,col=l_shipmode,pred=Eq,val=AIR-device=cpu-encoding=UnsortedDictionaryEncoding-scale=0.6]","bench_test.py::TestStringColumnTensor::test_tpch_string_processing[op=FilterScan,col=l_shipmode,pred=Eq,val=AIR-device=cpu-encoding=UnsortedDictionaryEncoding-scale=0.6]",UnsortedDictionaryEncoding,cpu,0.6,l_shipmode,FilterScan,Eq,AIR,6.641097436284035e-05,6.278883665800095e-05,0.0002165613695979,2.992255506528969e-06,15057.752270527457,10617,0,8,3601036,28808288
"test_tpch_string_processing[op=FilterScan,col=l_shipmode,pred=Eq,val=AIR-device=cpu-encoding=UnsortedCDictionaryEncoding-scale=0.6]","bench_test.py::TestStringColumnTensor::test_tpch_string_processing[op=FilterScan,col=l_shipmode,pred=Eq,val=AIR-device=cpu-encoding=UnsortedCDictionaryEncoding-scale=0.6]",UnsortedCDictionaryEncoding,cpu,0.6,l_shipmode,FilterScan,Eq,AIR,0.0001426774224943,0.0001388425007462,0.0003154585137963,4.809736297828992e-06,7008.817390428411,5311,0,8,3601036,28808288
"test_tpch_string_processing[op=FilterScan,col=l_shipmode,pred=Eq,val=AIR-device=cuda-encoding=UnsortedDictionaryEncoding-scale=0.7]","bench_test.py::TestStringColumnTensor::test_tpch_string_processing[op=FilterScan,col=l_shipmode,pred=Eq,val=AIR-device=cuda-encoding=UnsortedDictionaryEncoding-scale=0.7]",UnsortedDictionaryEncoding,cuda,0.7,l_shipmode,FilterScan,Eq,AIR,0.0001953447246788,0.0001900596544146,0.000466875731945,7.246891440865944e-06,5119.155388731797,4668,0,8,4200337,33602696
"test_tpch_string_processing[op=FilterScan,col=l_shipmode,pred=Eq,val=AIR-device=cuda-encoding=UnsortedCDictionaryEncoding-scale=0.7]","bench_test.py::TestStringColumnTensor::test_tpch_string_processing[op=FilterScan,col=l_shipmode,pred=Eq,val=AIR-device=cuda-encoding=UnsortedCDictionaryEncoding-scale=0.7]",UnsortedCDictionaryEncoding,cuda,0.7,l_shipmode,FilterScan,Eq,AIR,0.0003608301928297,0.0003543915227055,0.0004968829452991,5.961436653799264e-06,2771.3867072977373,2631,0,8,4200337,33602696
"test_tpch_string_processing[op=FilterScan,col=l_shipmode,pred=Eq,val=AIR-device=cpu-encoding=UnsortedDictionaryEncoding-scale=0.7]","bench_test.py::TestStringColumnTensor::test_tpch_string_processing[op=FilterScan,col=l_shipmode,pred=Eq,val=AIR-device=cpu-encoding=UnsortedDictionaryEncoding-scale=0.7]",UnsortedDictionaryEncoding,cpu,0.7,l_shipmode,FilterScan,Eq,AIR,0.0025863624871948,0.0023378562182188,0.0055089015513658,0.0002486714730483,386.6434055361681,369,601095,8,4200337,33602696
"test_tpch_string_processing[op=FilterScan,col=l_shipmode,pred=Eq,val=AIR-device=cpu-encoding=UnsortedCDictionaryEncoding-scale=0.7]","bench_test.py::TestStringColumnTensor::test_tpch_string_processing[op=FilterScan,col=l_shipmode,pred=Eq,val=AIR-device=cpu-encoding=UnsortedCDictionaryEncoding-scale=0.7]",UnsortedCDictionaryEncoding,cpu,0.7,l_shipmode,FilterScan,Eq,AIR,0.0001426092156747,0.0001386832445859,0.0003903210163116,5.563957163998783e-06,7012.169552077343,5232,0,8,4200337,33602696
"test_tpch_string_processing[op=FilterScan,col=l_shipmode,pred=Eq,val=AIR-device=cuda-encoding=UnsortedDictionaryEncoding-scale=0.8]","bench_test.py::TestStringColumnTensor::test_tpch_string_processing[op=FilterScan,col=l_shipmode,pred=Eq,val=AIR-device=cuda-encoding=UnsortedDictionaryEncoding-scale=0.8]",UnsortedDictionaryEncoding,cuda,0.8,l_shipmode,FilterScan,Eq,AIR,0.0003368519374202,0.0003190450370311,0.0005320897325873,1.193282467957862e-05,2968.663347043102,2773,687034,8,4800841,38406728
"test_tpch_string_processing[op=FilterScan,col=l_shipmode,pred=Eq,val=AIR-device=cuda-encoding=UnsortedCDictionaryEncoding-scale=0.8]","bench_test.py::TestStringColumnTensor::test_tpch_string_processing[op=FilterScan,col=l_shipmode,pred=Eq,val=AIR-device=cuda-encoding=UnsortedCDictionaryEncoding-scale=0.8]",UnsortedCDictionaryEncoding,cuda,0.8,l_shipmode,FilterScan,Eq,AIR,0.0003586834863866,0.0003520781174302,0.0004114909097552,3.872496514753809e-06,2787.973346846845,2699,0,8,4800841,38406728
"test_tpch_string_processing[op=FilterScan,col=l_shipmode,pred=Eq,val=AIR-device=cpu-encoding=UnsortedDictionaryEncoding-scale=0.8]","bench_test.py::TestStringColumnTensor::test_tpch_string_processing[op=FilterScan,col=l_shipmode,pred=Eq,val=AIR-device=cpu-encoding=UnsortedDictionaryEncoding-scale=0.8]",UnsortedDictionaryEncoding,cpu,0.8,l_shipmode,FilterScan,Eq,AIR,6.459585197456502e-05,6.231945008039474e-05,0.0001922752708196,2.133068798991992e-06,15480.870201909493,10462,0,8,4800841,38406728
"test_tpch_string_processing[op=FilterScan,col=l_shipmode,pred=Eq,val=AIR-device=cpu-encoding=UnsortedCDictionaryEncoding-scale=0.8]","bench_test.py::TestStringColumnTensor::test_tpch_string_processing[op=FilterScan,col=l_shipmode,pred=Eq,val=AIR-device=cpu-encoding=UnsortedCDictionaryEncoding-scale=0.8]",UnsortedCDictionaryEncoding,cpu,0.8,l_shipmode,FilterScan,Eq,AIR,0.000142250275641,0.000138422474265,0.0002303170040249,3.170879467286017e-06,7029.86335522656,4799,0,8,4800841,38406728
"test_tpch_string_processing[op=FilterScan,col=l_shipmode,pred=Eq,val=AIR-device=cuda-encoding=UnsortedDictionaryEncoding-scale=0.9]","bench_test.py::TestStringColumnTensor::test_tpch_string_processing[op=FilterScan,col=l_shipmode,pred=Eq,val=AIR-device=cuda-encoding=UnsortedDictionaryEncoding-scale=0.9]",UnsortedDictionaryEncoding,cuda,0.9,l_shipmode,FilterScan,Eq,AIR,0.0001952551753745,0.000190271064639,0.0003897985443472,5.517832631039342e-06,5121.503171845584,4681,0,8,5400556,43204448
"test_tpch_string_processing[op=FilterScan,col=l_shipmode,pred=Eq,val=AIR-device=cuda-encoding=UnsortedCDictionaryEncoding-scale=0.9]","bench_test.py::TestStringColumnTensor::test_tpch_string_processing[op=FilterScan,col=l_shipmode,pred=Eq,val=AIR-device=cuda-encoding=UnsortedCDictionaryEncoding-scale=0.9]",UnsortedCDictionaryEncoding,cuda,0.9,l_shipmode,FilterScan,Eq,AIR,0.0003607383151059,0.0003543319180607,0.0005307467654347,5.523521812744173e-06,2772.092561629255,2675,0,8,5400556,43204448
"test_tpch_string_processing[op=FilterScan,col=l_shipmode,pred=Eq,val=AIR-device=cpu-encoding=UnsortedDictionaryEncoding-scale=0.9]","bench_test.py::TestStringColumnTensor::test_tpch_string_processing[op=FilterScan,col=l_shipmode,pred=Eq,val=AIR-device=cpu-encoding=UnsortedDictionaryEncoding-scale=0.9]",UnsortedDictionaryEncoding,cpu,0.9,l_shipmode,FilterScan,Eq,AIR,6.531921479805016e-05,6.294902414083481e-05,0.0003236234188079,4.215021082928365e-06,15309.43081743614,10530,0,8,5400556,43204448
"test_tpch_string_processing[op=FilterScan,col=l_shipmode,pred=Eq,val=AIR-device=cpu-encoding=UnsortedCDictionaryEncoding-scale=0.9]","bench_test.py::TestStringColumnTensor::test_tpch_string_processing[op=FilterScan,col=l_shipmode,pred=Eq,val=AIR-device=cpu-encoding=UnsortedCDictionaryEncoding-scale=0.9]",UnsortedCDictionaryEncoding,cpu,0.9,l_shipmode,FilterScan,Eq,AIR,0.0001426150917165,0.0001389337703585,0.000252628698945,3.6360535072735982e-06,7011.880635938415,4960,0,8,5400556,43204448
"test_tpch_string_processing[op=FilterScan,col=l_shipmode,pred=Eq,val=AIR-device=cuda-encoding=UnsortedDictionaryEncoding-scale=1]","bench_test.py::TestStringColumnTensor::test_tpch_string_processing[op=FilterScan,col=l_shipmode,pred=Eq,val=AIR-device=cuda-encoding=UnsortedDictionaryEncoding-scale=1]",UnsortedDictionaryEncoding,cuda,1.0,l_shipmode,FilterScan,Eq,AIR,0.0003492473969773,0.00033441465348,0.0005948292091488,1.2722543036067208e-05,2863.299794514461,2685,858104,8,6001215,48009720
"test_tpch_string_processing[op=FilterScan,col=l_shipmode,pred=Eq,val=AIR-device=cuda-encoding=UnsortedCDictionaryEncoding-scale=1]","bench_test.py::TestStringColumnTensor::test_tpch_string_processing[op=FilterScan,col=l_shipmode,pred=Eq,val=AIR-device=cuda-encoding=UnsortedCDictionaryEncoding-scale=1]",UnsortedCDictionaryEncoding,cuda,1.0,l_shipmode,FilterScan,Eq,AIR,0.0003576768813812,0.0003483612090349,0.0005827061831951,1.029737521308168e-05,2795.81950093728,2665,0,8,6001215,48009720
"test_tpch_string_processing[op=FilterScan,col=l_shipmode,pred=Eq,val=AIR-device=cpu-encoding=UnsortedDictionaryEncoding-scale=1]","bench_test.py::TestStringColumnTensor::test_tpch_string_processing[op=FilterScan,col=l_shipmode,pred=Eq,val=AIR-device=cpu-encoding=UnsortedDictionaryEncoding-scale=1]",UnsortedDictionaryEncoding,cpu,1.0,l_shipmode,FilterScan,Eq,AIR,0.0041890780674293,0.0039986465126276,0.0067781405523419,0.0002272578744918,238.71600956189675,240,858104,8,6001215,48009720
"test_tpch_string_processing[op=FilterScan,col=l_shipmode,pred=Eq,val=AIR-device=cpu-encoding=UnsortedCDictionaryEncoding-scale=1]","bench_test.py::TestStringColumnTensor::test_tpch_string_processing[op=FilterScan,col=l_shipmode,pred=Eq,val=AIR-device=cpu-encoding=UnsortedCDictionaryEncoding-scale=1]",UnsortedCDictionaryEncoding,cpu,1.0,l_shipmode,FilterScan,Eq,AIR,0.0001429567516158,0.0001391340047121,0.0004000188782811,7.15754224463772e-06,6995.122571667021,5320,0,8,6001215,48009720
"test_tpch_string_processing[op=FilterScan,col=l_shipmode,pred=Eq,val=AIR-device=cuda-encoding=UnsortedDictionaryEncoding-scale=2]","bench_test.py::TestStringColumnTensor::test_tpch_string_processing[op=FilterScan,col=l_shipmode,pred=Eq,val=AIR-device=cuda-encoding=UnsortedDictionaryEncoding-scale=2]",UnsortedDictionaryEncoding,cuda,2.0,l_shipmode,FilterScan,Eq,AIR,0.0001954549191354,0.0001900810748338,0.0003707027062773,5.333297801466918e-06,5116.269288197917,4630,0,8,11997996,95983968
"test_tpch_string_processing[op=FilterScan,col=l_shipmode,pred=Eq,val=AIR-device=cuda-encoding=UnsortedCDictionaryEncoding-scale=2]","bench_test.py::TestStringColumnTensor::test_tpch_string_processing[op=FilterScan,col=l_shipmode,pred=Eq,val=AIR-device=cuda-encoding=UnsortedCDictionaryEncoding-scale=2]",UnsortedCDictionaryEncoding,cuda,2.0,l_shipmode,FilterScan,Eq,AIR,0.0003613802811027,0.0003546327352523,0.0004060808569192,4.742628004147272e-06,2767.168139192569,2668,0,8,11997996,95983968
"test_tpch_string_processing[op=FilterScan,col=l_shipmode,pred=Eq,val=AIR-device=cpu-encoding=UnsortedDictionaryEncoding-scale=2]","bench_test.py::TestStringColumnTensor::test_tpch_string_processing[op=FilterScan,col=l_shipmode,pred=Eq,val=AIR-device=cpu-encoding=UnsortedDictionaryEncoding-scale=2]",UnsortedDictionaryEncoding,cpu,2.0,l_shipmode,FilterScan,Eq,AIR,6.641793329483276e-05,6.289873272180557e-05,0.0002298466861248,2.621889833285395e-06,15056.174596113167,10590,0,8,11997996,95983968
"test_tpch_string_processing[op=FilterScan,col=l_shipmode,pred=Eq,val=AIR-device=cpu-encoding=UnsortedCDictionaryEncoding-scale=2]","bench_test.py::TestStringColumnTensor::test_tpch_string_processing[op=FilterScan,col=l_shipmode,pred=Eq,val=AIR-device=cpu-encoding=UnsortedCDictionaryEncoding-scale=2]",UnsortedCDictionaryEncoding,cpu,2.0,l_shipmode,FilterScan,Eq,AIR,0.000143492466163,0.0001388229429721,0.0003078440204262,4.72974928324266e-06,6969.00699207205,5681,0,8,11997996,95983968
"test_tpch_string_processing[op=FilterScan,col=l_shipmode,pred=Eq,val=AIR-device=cuda-encoding=UnsortedDictionaryEncoding-scale=3]","bench_test.py::TestStringColumnTensor::test_tpch_string_processing[op=FilterScan,col=l_shipmode,pred=Eq,val=AIR-device=cuda-encoding=UnsortedDictionaryEncoding-scale=3]",UnsortedDictionaryEncoding,cuda,3.0,l_shipmode,FilterScan,Eq,AIR,0.0005507346007738,0.0005298154428601,0.000681884586811,2.282975441298642e-05,1815.7566250512723,1443,2571601,8,17996609,143972872
"test_tpch_string_processing[op=FilterScan,col=l_shipmode,pred=Eq,val=AIR-device=cuda-encoding=UnsortedCDictionaryEncoding-scale=3]","bench_test.py::TestStringColumnTensor::test_tpch_string_processing[op=FilterScan,col=l_shipmode,pred=Eq,val=AIR-device=cuda-encoding=UnsortedCDictionaryEncoding-scale=3]",UnsortedCDictionaryEncoding,cuda,3.0,l_shipmode,FilterScan,Eq,AIR,0.0003583321910218,0.0003478303551673,0.0006188433617353,8.385596897141135e-06,2790.7065707611005,2696,0,8,17996609,143972872
"test_tpch_string_processing[op=FilterScan,col=l_shipmode,pred=Eq,val=AIR-device=cpu-encoding=UnsortedDictionaryEncoding-scale=3]","bench_test.py::TestStringColumnTensor::test_tpch_string_processing[op=FilterScan,col=l_shipmode,pred=Eq,val=AIR-device=cpu-encoding=UnsortedDictionaryEncoding-scale=3]",UnsortedDictionaryEncoding,cpu,3.0,l_shipmode,FilterScan,Eq,AIR,6.597361688853669e-05,6.261933594942093e-05,0.0002731187269091,4.45032747453714e-06,15157.5743026112,10878,0,8,17996609,143972872
"test_tpch_string_processing[op=FilterScan,col=l_shipmode,pred=Eq,val=AIR-device=cpu-encoding=UnsortedCDictionaryEncoding-scale=3]","bench_test.py::TestStringColumnTensor::test_tpch_string_processing[op=FilterScan,col=l_shipmode,pred=Eq,val=AIR-device=cpu-encoding=UnsortedCDictionaryEncoding-scale=3]",UnsortedCDictionaryEncoding,cpu,3.0,l_shipmode,FilterScan,Eq,AIR,0.0001446142199046,0.0001396741718053,0.0009016012772917,1.1395984918530272e-05,6914.949308989641,5701,0,8,17996609,143972872
"test_tpch_string_processing[op=FilterScan,col=l_shipmode,pred=Eq,val=AIR-device=cuda-encoding=UnsortedDictionaryEncoding-scale=4]","bench_test.py::TestStringColumnTensor::test_tpch_string_processing[op=FilterScan,col=l_shipmode,pred=Eq,val=AIR-device=cuda-encoding=UnsortedDictionaryEncoding-scale=4]",UnsortedDictionaryEncoding,cuda,4.0,l_shipmode,FilterScan,Eq,AIR,0.0006776368184668,0.0006392523646354,0.000844563357532,3.564892273478196e-05,1475.7167449408955,1072,3427035,8,23996604,191972832
"test_tpch_string_processing[op=FilterScan,col=l_shipmode,pred=Eq,val=AIR-device=cuda-encoding=UnsortedCDictionaryEncoding-scale=4]","bench_test.py::TestStringColumnTensor::test_tpch_string_processing[op=FilterScan,col=l_shipmode,pred=Eq,val=AIR-device=cuda-encoding=UnsortedCDictionaryEncoding-scale=4]",UnsortedCDictionaryEncoding,cuda,4.0,l_shipmode,FilterScan,Eq,AIR,0.0003584025162488,0.0003482308238744,0.0005448637530207,9.937455350889332e-06,2790.1589823264567,2718,0,8,23996604,191972832
"test_tpch_string_processing[op=FilterScan,col=l_shipmode,pred=Eq,val=AIR-device=cpu-encoding=UnsortedDictionaryEncoding-scale=4]","bench_test.py::TestStringColumnTensor::test_tpch_string_processing[op=FilterScan,col=l_shipmode,pred=Eq,val=AIR-device=cpu-encoding=UnsortedDictionaryEncoding-scale=4]",UnsortedDictionaryEncoding,cpu,4.0,l_shipmode,FilterScan,Eq,AIR,6.542471518201409e-05,6.286986172199249e-05,0.000317913480103,5.144966676467199e-06,15284.74365104932,11114,0,8,23996604,191972832
"test_tpch_string_processing[op=FilterScan,col=l_shipmode,pred=Eq,val=AIR-device=cpu-encoding=UnsortedCDictionaryEncoding-scale=4]","bench_test.py::TestStringColumnTensor::test_tpch_string_processing[op=FilterScan,col=l_shipmode,pred=Eq,val=AIR-device=cpu-encoding=UnsortedCDictionaryEncoding-scale=4]",UnsortedCDictionaryEncoding,cpu,4.0,l_shipmode,FilterScan,Eq,AIR,0.0001426866949287,0.0001386431977152,0.0003444943577051,5.7718292862571856e-06,7008.361925400591,5672,0,8,23996604,191972832
"test_tpch_string_processing[op=FilterScan,col=l_shipmode,pred=Eq,val=AIR-device=cuda-encoding=UnsortedDictionaryEncoding-scale=5]","bench_test.py::TestStringColumnTensor::test_tpch_string_processing[op=FilterScan,col=l_shipmode,pred=Eq,val=AIR-device=cuda-encoding=UnsortedDictionaryEncoding-scale=5]",UnsortedDictionaryEncoding,cuda,5.0,l_shipmode,FilterScan,Eq,AIR,0.0001955390003792,0.0001904126256704,0.000399007461965,4.956864690914503e-06,5114.069306175492,4641,0,8,29999795,239998360
"test_tpch_string_processing[op=FilterScan,col=l_shipmode,pred=Eq,val=AIR-device=cuda-encoding=UnsortedCDictionaryEncoding-scale=5]","bench_test.py::TestStringColumnTensor::test_tpch_string_processing[op=FilterScan,col=l_shipmode,pred=Eq,val=AIR-device=cuda-encoding=UnsortedCDictionaryEncoding-scale=5]",UnsortedCDictionaryEncoding,cuda,5.0,l_shipmode,FilterScan,Eq,AIR,0.0003606543477292,0.0003538327291607,0.0005162497982382,6.184365194590864e-06,2772.737958924684,2666,0,8,29999795,239998360
"test_tpch_string_processing[op=FilterScan,col=l_shipmode,pred=Eq,val=AIR-device=cpu-encoding=UnsortedDictionaryEncoding-scale=5]","bench_test.py::TestStringColumnTensor::test_tpch_string_processing[op=FilterScan,col=l_shipmode,pred=Eq,val=AIR-device=cpu-encoding=UnsortedDictionaryEncoding-scale=5]",UnsortedDictionaryEncoding,cpu,5.0,l_shipmode,FilterScan,Eq,AIR,6.568735449103403e-05,6.237812340259552e-05,0.0002824766561388,4.051546593465772e-06,15223.630297616788,11196,0,8,29999795,239998360
"test_tpch_string_processing[op=FilterScan,col=l_shipmode,pred=Eq,val=AIR-device=cpu-encoding=UnsortedCDictionaryEncoding-scale=5]","bench_test.py::TestStringColumnTensor::test_tpch_string_processing[op=FilterScan,col=l_shipmode,pred=Eq,val=AIR-device=cpu-encoding=UnsortedCDictionaryEncoding-scale=5]",UnsortedCDictionaryEncoding,cpu,5.0,l_shipmode,FilterScan,Eq,AIR,0.0001423408044984,0.0001386031508445,0.0003140559419989,4.38007056264954e-06,7025.392356909427,5788,0,8,29999795,239998360
"test_tpch_string_processing[op=FilterScan,col=l_shipmode,pred=Eq,val=AIR-device=cuda-encoding=UnsortedDictionaryEncoding-scale=6]","bench_test.py::TestStringColumnTensor::test_tpch_string_processing[op=FilterScan,col=l_shipmode,pred=Eq,val=AIR-device=cuda-encoding=UnsortedDictionaryEncoding-scale=6]",UnsortedDictionaryEncoding,cuda,6.0,l_shipmode,FilterScan,Eq,AIR,0.0001952338747965,0.0001899003982543,0.000340886414051,3.6275137870618234e-06,5122.061942591911,4575,0,8,36000148,288001184
"test_tpch_string_processing[op=FilterScan,col=l_shipmode,pred=Eq,val=AIR-device=cuda-encoding=UnsortedCDictionaryEncoding-scale=6]","bench_test.py::TestStringColumnTensor::test_tpch_string_processing[op=FilterScan,col=l_shipmode,pred=Eq,val=AIR-device=cuda-encoding=UnsortedCDictionaryEncoding-scale=6]",UnsortedCDictionaryEncoding,cuda,6.0,l_shipmode,FilterScan,Eq,AIR,0.0003603791066001,0.0003506848588585,0.0004056300967931,4.012904909999785e-06,2774.855649746431,2675,0,8,36000148,288001184
"test_tpch_string_processing[op=FilterScan,col=l_shipmode,pred=Eq,val=AIR-device=cpu-encoding=UnsortedDictionaryEncoding-scale=6]","bench_test.py::TestStringColumnTensor::test_tpch_string_processing[op=FilterScan,col=l_shipmode,pred=Eq,val=AIR-device=cpu-encoding=UnsortedDictionaryEncoding-scale=6]",UnsortedDictionaryEncoding,cpu,6.0,l_shipmode,FilterScan,Eq,AIR,6.560707391462309e-05,6.262864917516708e-05,0.0002242261543869,3.510494912177529e-06,15242.258804307245,10589,0,8,36000148,288001184
"test_tpch_string_processing[op=FilterScan,col=l_shipmode,pred=Eq,val=AIR-device=cpu-encoding=UnsortedCDictionaryEncoding-scale=6]","bench_test.py::TestStringColumnTensor::test_tpch_string_processing[op=FilterScan,col=l_shipmode,pred=Eq,val=AIR-device=cpu-encoding=UnsortedCDictionaryEncoding-scale=6]",UnsortedCDictionaryEncoding,cpu,6.0,l_shipmode,FilterScan,Eq,AIR,0.0001429166532532,0.0001379624009132,0.0002952488139271,5.229683367566957e-06,6997.085204814159,5657,0,8,36000148,288001184
"test_tpch_string_processing[op=FilterScan,col=l_shipmode,pred=Eq,val=AIR-device=cuda-encoding=UnsortedDictionaryEncoding-scale=7]","bench_test.py::TestStringColumnTensor::test_tpch_string_processing[op=FilterScan,col=l_shipmode,pred=Eq,val=AIR-device=cuda-encoding=UnsortedDictionaryEncoding-scale=7]",UnsortedDictionaryEncoding,cuda,7.0,l_shipmode,FilterScan,Eq,AIR,0.0001951998263002,0.0001900997012853,0.0004245461896061,5.223499743931925e-06,5122.955378362047,4505,0,8,41995307,335962456
"test_tpch_string_processing[op=FilterScan,col=l_shipmode,pred=Eq,val=AIR-device=cuda-encoding=UnsortedCDictionaryEncoding-scale=7]","bench_test.py::TestStringColumnTensor::test_tpch_string_processing[op=FilterScan,col=l_shipmode,pred=Eq,val=AIR-device=cuda-encoding=UnsortedCDictionaryEncoding-scale=7]",UnsortedCDictionaryEncoding,cuda,7.0,l_shipmode,FilterScan,Eq,AIR,0.0003595370495535,0.0003496743738651,0.0005099168047308,9.305775830086366e-06,2781.354525887201,2698,0,8,41995307,335962456
"test_tpch_string_processing[op=FilterScan,col=l_shipmode,pred=Eq,val=AIR-device=cpu-encoding=UnsortedDictionaryEncoding-scale=7]","bench_test.py::TestStringColumnTensor::test_tpch_string_processing[op=FilterScan,col=l_shipmode,pred=Eq,val=AIR-device=cpu-encoding=UnsortedDictionaryEncoding-scale=7]",UnsortedDictionaryEncoding,cpu,7.0,l_shipmode,FilterScan,Eq,AIR,6.556862460206415e-05,6.26780092716217e-05,0.0003091469407081,4.309320662644774e-06,15251.196834903858,10589,0,8,41995307,335962456
"test_tpch_string_processing[op=FilterScan,col=l_shipmode,pred=Eq,val=AIR-device=cpu-encoding=UnsortedCDictionaryEncoding-scale=7]","bench_test.py::TestStringColumnTensor::test_tpch_string_processing[op=FilterScan,col=l_shipmode,pred=Eq,val=AIR-device=cpu-encoding=UnsortedCDictionaryEncoding-scale=7]",UnsortedCDictionaryEncoding,cpu,7.0,l_shipmode,FilterScan,Eq,AIR,0.0001421970859879,0.0001382017508149,0.0002808822318911,3.874228499975615e-06,7032.492916800798,5250,0,8,41995307,335962456
"test_tpch_string_processing[op=FilterScan,col=l_shipmode,pred=Eq,val=AIR-device=cuda-encoding=UnsortedDictionaryEncoding-scale=8]","bench_test.py::TestStringColumnTensor::test_tpch_string_processing[op=FilterScan,col=l_shipmode,pred=Eq,val=AIR-device=cuda-encoding=UnsortedDictionaryEncoding-scale=8]",UnsortedDictionaryEncoding,cuda,8.0,l_shipmode,FilterScan,Eq,AIR,0.0001947704212445,0.000188959762454,0.0033308286219835,4.680260357655724e-05,5134.249818888989,4560,0,8,47989007,383912056
"test_tpch_string_processing[op=FilterScan,col=l_shipmode,pred=Eq,val=AIR-device=cuda-encoding=UnsortedCDictionaryEncoding-scale=8]","bench_test.py::TestStringColumnTensor::test_tpch_string_processing[op=FilterScan,col=l_shipmode,pred=Eq,val=AIR-device=cuda-encoding=UnsortedCDictionaryEncoding-scale=8]",UnsortedCDictionaryEncoding,cuda,8.0,l_shipmode,FilterScan,Eq,AIR,0.0003599375836834,0.0003490233793854,0.004480892792344,7.97599749135177e-05,2778.259468673614,2684,0,8,47989007,383912056
"test_tpch_string_processing[op=FilterScan,col=l_shipmode,pred=Eq,val=AIR-device=cpu-encoding=UnsortedDictionaryEncoding-scale=8]","bench_test.py::TestStringColumnTensor::test_tpch_string_processing[op=FilterScan,col=l_shipmode,pred=Eq,val=AIR-device=cpu-encoding=UnsortedDictionaryEncoding-scale=8]",UnsortedDictionaryEncoding,cpu,8.0,l_shipmode,FilterScan,Eq,AIR,0.0312090069337776,0.0308503154665231,0.0326182590797543,0.0003817689058792,32.04203203651752,33,6853099,8,47989007,383912056
"test_tpch_string_processing[op=FilterScan,col=l_shipmode,pred=Eq,val=AIR-device=cpu-encoding=UnsortedCDictionaryEncoding-scale=8]","bench_test.py::TestStringColumnTensor::test_tpch_string_processing[op=FilterScan,col=l_shipmode,pred=Eq,val=AIR-device=cpu-encoding=UnsortedCDictionaryEncoding-scale=8]",UnsortedCDictionaryEncoding,cpu,8.0,l_shipmode,FilterScan,Eq,AIR,0.0001430988461087,0.0001392243430018,0.0003937371075153,5.338485407225694e-06,6988.1765450431,5314,0,8,47989007,383912056
"test_tpch_string_processing[op=FilterScan,col=l_shipmode,pred=Eq,val=AIR-device=cuda-encoding=UnsortedDictionaryEncoding-scale=9]","bench_test.py::TestStringColumnTensor::test_tpch_string_processing[op=FilterScan,col=l_shipmode,pred=Eq,val=AIR-device=cuda-encoding=UnsortedDictionaryEncoding-scale=9]",UnsortedDictionaryEncoding,cuda,9.0,l_shipmode,FilterScan,Eq,AIR,0.0001940107928956,0.0001893900334835,0.0002761129289865,3.432916917556252e-06,5154.3524206821,4357,0,8,53986608,431892864
"test_tpch_string_processing[op=FilterScan,col=l_shipmode,pred=Eq,val=AIR-device=cuda-encoding=UnsortedCDictionaryEncoding-scale=9]","bench_test.py::TestStringColumnTensor::test_tpch_string_processing[op=FilterScan,col=l_shipmode,pred=Eq,val=AIR-device=cuda-encoding=UnsortedCDictionaryEncoding-scale=9]",UnsortedCDictionaryEncoding,cuda,9.0,l_shipmode,FilterScan,Eq,AIR,0.0003574707171154,0.0003455458208918,0.0046351151540875,8.265491380959452e-05,2797.431935318895,2698,0,8,53986608,431892864
"test_tpch_string_processing[op=FilterScan,col=l_shipmode,pred=Eq,val=AIR-device=cpu-encoding=UnsortedDictionaryEncoding-scale=9]","bench_test.py::TestStringColumnTensor::test_tpch_string_processing[op=FilterScan,col=l_shipmode,pred=Eq,val=AIR-device=cpu-encoding=UnsortedDictionaryEncoding-scale=9]",UnsortedDictionaryEncoding,cpu,9.0,l_shipmode,FilterScan,Eq,AIR,6.562121638129408e-05,6.274878978729248e-05,0.0001972643658518,2.557893365521272e-06,15238.973843298934,7413,0,8,53986608,431892864
"test_tpch_string_processing[op=FilterScan,col=l_shipmode,pred=Eq,val=AIR-device=cpu-encoding=UnsortedCDictionaryEncoding-scale=9]","bench_test.py::TestStringColumnTensor::test_tpch_string_processing[op=FilterScan,col=l_shipmode,pred=Eq,val=AIR-device=cpu-encoding=UnsortedCDictionaryEncoding-scale=9]",UnsortedCDictionaryEncoding,cpu,9.0,l_shipmode,FilterScan,Eq,AIR,0.0001424301879931,0.0001382315531373,0.0002779783681035,3.8462137793573605e-06,7020.983501393127,4947,0,8,53986608,431892864
"test_tpch_string_processing[op=FilterScan,col=l_shipmode,pred=Eq,val=AIR-device=cuda-encoding=UnsortedDictionaryEncoding-scale=10]","bench_test.py::TestStringColumnTensor::test_tpch_string_processing[op=FilterScan,col=l_shipmode,pred=Eq,val=AIR-device=cuda-encoding=UnsortedDictionaryEncoding-scale=10]",UnsortedDictionaryEncoding,cuda,10.0,l_shipmode,FilterScan,Eq,AIR,0.0001967461125151,0.0001901406794786,0.0040528606623411,8.00649629342301e-05,5082.692548363418,4627,0,8,59986052,479888416
"test_tpch_string_processing[op=FilterScan,col=l_shipmode,pred=Eq,val=AIR-device=cuda-encoding=UnsortedCDictionaryEncoding-scale=10]","bench_test.py::TestStringColumnTensor::test_tpch_string_processing[op=FilterScan,col=l_shipmode,pred=Eq,val=AIR-device=cuda-encoding=UnsortedCDictionaryEncoding-scale=10]",UnsortedCDictionaryEncoding,cuda,10.0,l_shipmode,FilterScan,Eq,AIR,0.0003608412422062,0.0003530392423272,0.0040975948795676,7.237286832193607e-05,2771.3018442287084,2692,0,8,59986052,479888416
"test_tpch_string_processing[op=FilterScan,col=l_shipmode,pred=Eq,val=AIR-device=cpu-encoding=UnsortedDictionaryEncoding-scale=10]","bench_test.py::TestStringColumnTensor::test_tpch_string_processing[op=FilterScan,col=l_shipmode,pred=Eq,val=AIR-device=cpu-encoding=UnsortedDictionaryEncoding-scale=10]",UnsortedDictionaryEncoding,cpu,10.0,l_shipmode,FilterScan,Eq,AIR,6.717686644858784e-05,6.467383354902267e-05,8.624233305454254e-05,3.372215086077563e-06,14886.07690216282,432,0,8,59986052,479888416
"test_tpch_string_processing[op=FilterScan,col=l_shipmode,pred=Eq,val=AIR-device=cpu-encoding=UnsortedCDictionaryEncoding-scale=10]","bench_test.py::TestStringColumnTensor::test_tpch_string_processing[op=FilterScan,col=l_shipmode,pred=Eq,val=AIR-device=cpu-encoding=UnsortedCDictionaryEncoding-scale=10]",UnsortedCDictionaryEncoding,cpu,10.0,l_shipmode,FilterScan,Eq,AIR,0.0001427471725037,0.0001383423805236,0.0043208980932831,5.78346768261636e-05,7005.392698575903,5248,0,8,59986052,479888416
"test_tpch_string_processing[op=FilterScan,col=l_shipmode,pred=Eq,val=AIR-device=cuda-encoding=UnsortedDictionaryEncoding-scale=20]","bench_test.py::TestStringColumnTensor::test_tpch_string_processing[op=FilterScan,col=l_shipmode,pred=Eq,val=AIR-device=cuda-encoding=UnsortedDictionaryEncoding-scale=20]",UnsortedDictionaryEncoding,cuda,20.0,l_shipmode,FilterScan,Eq,AIR,0.002449277610465,0.0023649269714951,0.0043156780302524,0.0001594744277432,408.2836489123556,246,17143690,8,119994608,959956864
"test_tpch_string_processing[op=FilterScan,col=l_shipmode,pred=Eq,val=AIR-device=cuda-encoding=UnsortedCDictionaryEncoding-scale=20]","bench_test.py::TestStringColumnTensor::test_tpch_string_processing[op=FilterScan,col=l_shipmode,pred=Eq,val=AIR-device=cuda-encoding=UnsortedCDictionaryEncoding-scale=20]",UnsortedCDictionaryEncoding,cuda,20.0,l_shipmode,FilterScan,Eq,AIR,0.0003580251998881,0.0003489926457405,0.0007590996101498,1.2579903386675302e-05,2793.09948102053,2676,0,8,119994608,959956864
"test_tpch_string_processing[op=FilterScan,col=l_shipmode,pred=Eq,val=AIR-device=cpu-encoding=UnsortedDictionaryEncoding-scale=20]","bench_test.py::TestStringColumnTensor::test_tpch_string_processing[op=FilterScan,col=l_shipmode,pred=Eq,val=AIR-device=cpu-encoding=UnsortedDictionaryEncoding-scale=20]",UnsortedDictionaryEncoding,cpu,20.0,l_shipmode,FilterScan,Eq,AIR,0.0002452700416772,6.519444286823273e-05,0.0095366742461919,0.0012765777238788,4077.138786138148,104,0,8,119994608,959956864
"test_tpch_string_processing[op=FilterScan,col=l_shipmode,pred=Eq,val=AIR-device=cpu-encoding=UnsortedCDictionaryEncoding-scale=20]","bench_test.py::TestStringColumnTensor::test_tpch_string_processing[op=FilterScan,col=l_shipmode,pred=Eq,val=AIR-device=cpu-encoding=UnsortedCDictionaryEncoding-scale=20]",UnsortedCDictionaryEncoding,cpu,20.0,l_shipmode,FilterScan,Eq,AIR,0.0001468277639812,0.0001439824700355,0.0001683793962001,3.7549389288815385e-06,6810.701006980074,63,0,8,119994608,959956864
"test_tpch_string_processing[op=FilterScan,col=l_shipmode,pred=Eq,val=AIR-device=cuda-encoding=UnsortedDictionaryEncoding-scale=30]","bench_test.py::TestStringColumnTensor::test_tpch_string_processing[op=FilterScan,col=l_shipmode,pred=Eq,val=AIR-device=cuda-encoding=UnsortedDictionaryEncoding-scale=30]",UnsortedDictionaryEncoding,cuda,30.0,l_shipmode,FilterScan,Eq,AIR,0.0001946865102588,0.0001874659210443,0.0045265993103384,7.800362066087518e-05,5136.462709565506,4647,0,8,179998372,1439986976
"test_tpch_string_processing[op=FilterScan,col=l_shipmode,pred=Eq,val=AIR-device=cuda-encoding=UnsortedCDictionaryEncoding-scale=30]","bench_test.py::TestStringColumnTensor::test_tpch_string_processing[op=FilterScan,col=l_shipmode,pred=Eq,val=AIR-device=cuda-encoding=UnsortedCDictionaryEncoding-scale=30]",UnsortedCDictionaryEncoding,cuda,30.0,l_shipmode,FilterScan,Eq,AIR,0.0003601063997853,0.0003505852073431,0.0046026026830077,0.0001151195154488,2776.9570343547057,2717,0,8,179998372,1439986976
"test_tpch_string_processing[op=FilterScan,col=l_shipmode,pred=Eq,val=AIR-device=cpu-encoding=UnsortedDictionaryEncoding-scale=30]","bench_test.py::TestStringColumnTensor::test_tpch_string_processing[op=FilterScan,col=l_shipmode,pred=Eq,val=AIR-device=cpu-encoding=UnsortedDictionaryEncoding-scale=30]",UnsortedDictionaryEncoding,cpu,30.0,l_shipmode,FilterScan,Eq,AIR,0.0003707220185209,6.471294909715652e-05,0.0091120479628443,0.0014299318481508,2697.4389166029923,110,0,8,179998372,1439986976
"test_tpch_string_processing[op=FilterScan,col=l_shipmode,pred=Eq,val=AIR-device=cpu-encoding=UnsortedCDictionaryEncoding-scale=30]","bench_test.py::TestStringColumnTensor::test_tpch_string_processing[op=FilterScan,col=l_shipmode,pred=Eq,val=AIR-device=cpu-encoding=UnsortedCDictionaryEncoding-scale=30]",UnsortedCDictionaryEncoding,cpu,30.0,l_shipmode,FilterScan,Eq,AIR,0.0005904323929412,0.0001434721052646,0.0196496723219752,0.0029401119628491,1693.6740123935797,44,0,8,179998372,1439986976
"test_tpch_string_processing[op=FilterScan,col=l_shipmode,pred=Eq,val=AIR-device=cuda-encoding=UnsortedDictionaryEncoding-scale=40]","bench_test.py::TestStringColumnTensor::test_tpch_string_processing[op=FilterScan,col=l_shipmode,pred=Eq,val=AIR-device=cuda-encoding=UnsortedDictionaryEncoding-scale=40]",UnsortedDictionaryEncoding,cuda,40.0,l_shipmode,FilterScan,Eq,AIR,0.0001946333943879,0.0001884270459413,0.0039157597348093,7.885960914118594e-05,5137.864461258053,4465,0,8,240012290,1920098320
"test_tpch_string_processing[op=FilterScan,col=l_shipmode,pred=Eq,val=AIR-device=cuda-encoding=UnsortedCDictionaryEncoding-scale=40]","bench_test.py::TestStringColumnTensor::test_tpch_string_processing[op=FilterScan,col=l_shipmode,pred=Eq,val=AIR-device=cuda-encoding=UnsortedCDictionaryEncoding-scale=40]",UnsortedCDictionaryEncoding,cuda,40.0,l_shipmode,FilterScan,Eq,AIR,0.0003596547832364,0.0003523686900734,0.0041334424167871,8.321349292551691e-05,2780.4440441500424,2653,0,8,240012290,1920098320
"test_tpch_string_processing[op=FilterScan,col=l_shipmode,pred=Eq,val=AIR-device=cpu-encoding=UnsortedDictionaryEncoding-scale=40]","bench_test.py::TestStringColumnTensor::test_tpch_string_processing[op=FilterScan,col=l_shipmode,pred=Eq,val=AIR-device=cpu-encoding=UnsortedDictionaryEncoding-scale=40]",UnsortedDictionaryEncoding,cpu,40.0,l_shipmode,FilterScan,Eq,AIR,0.0005810659040104,6.554368883371353e-05,0.0095874201506376,0.0019870960814806,1720.9751821577493,110,0,8,240012290,1920098320
"test_tpch_string_processing[op=FilterScan,col=l_shipmode,pred=Eq,val=AIR-device=cpu-encoding=UnsortedCDictionaryEncoding-scale=40]","bench_test.py::TestStringColumnTensor::test_tpch_string_processing[op=FilterScan,col=l_shipmode,pred=Eq,val=AIR-device=cpu-encoding=UnsortedCDictionaryEncoding-scale=40]",UnsortedCDictionaryEncoding,cpu,40.0,l_shipmode,FilterScan,Eq,AIR,0.007326599742685,0.000147620216012,0.0223744120448827,0.0104773977278436,136.4889628368754,7,0,8,240012290,1920098320
"test_tpch_string_processing[op=FilterScan,col=l_shipmode,pred=Eq,val=AIR-device=cuda-encoding=UnsortedDictionaryEncoding-scale=50]","bench_test.py::TestStringColumnTensor::test_tpch_string_processing[op=FilterScan,col=l_shipmode,pred=Eq,val=AIR-device=cuda-encoding=UnsortedDictionaryEncoding-scale=50]",UnsortedDictionaryEncoding,cuda,50.0,l_shipmode,FilterScan,Eq,AIR,0.0001934332834852,0.0001878766342997,0.0016436874866485,2.3142145662151e-05,5169.741122014546,4584,0,8,300005811,2400046488
"test_tpch_string_processing[op=FilterScan,col=l_shipmode,pred=Eq,val=AIR-device=cuda-encoding=UnsortedCDictionaryEncoding-scale=50]","bench_test.py::TestStringColumnTensor::test_tpch_string_processing[op=FilterScan,col=l_shipmode,pred=Eq,val=AIR-device=cuda-encoding=UnsortedCDictionaryEncoding-scale=50]",UnsortedCDictionaryEncoding,cuda,50.0,l_shipmode,FilterScan,Eq,AIR,0.0003566471530747,0.0003474885597825,0.0006166500970721,1.2891080157593227e-05,2803.8917214918847,2717,0,8,300005811,2400046488
"test_tpch_string_processing[op=FilterScan,col=l_shipmode,pred=Eq,val=AIR-device=cpu-encoding=UnsortedDictionaryEncoding-scale=50]","bench_test.py::TestStringColumnTensor::test_tpch_string_processing[op=FilterScan,col=l_shipmode,pred=Eq,val=AIR-device=cpu-encoding=UnsortedDictionaryEncoding-scale=50]",UnsortedDictionaryEncoding,cpu,50.0,l_shipmode,FilterScan,Eq,AIR,0.0010567130774936,6.497371941804886e-05,0.0257634408771991,0.0037324729747183,946.330675089021,110,0,8,300005811,2400046488
"test_tpch_string_processing[op=FilterScan,col=l_shipmode,pred=Eq,val=AIR-device=cpu-encoding=UnsortedCDictionaryEncoding-scale=50]","bench_test.py::TestStringColumnTensor::test_tpch_string_processing[op=FilterScan,col=l_shipmode,pred=Eq,val=AIR-device=cpu-encoding=UnsortedCDictionaryEncoding-scale=50]",UnsortedCDictionaryEncoding,cpu,50.0,l_shipmode,FilterScan,Eq,AIR,0.0019958718181696,0.0001446148380637,0.0398412616923451,0.0073180710043291,501.0341800993465,43,0,8,300005811,2400046488
"test_tpch_string_processing[op=FilterScan,col=l_shipmode,pred=Eq,val=AIR-device=cuda-encoding=UnsortedDictionaryEncoding-scale=60]","bench_test.py::TestStringColumnTensor::test_tpch_string_processing[op=FilterScan,col=l_shipmode,pred=Eq,val=AIR-device=cuda-encoding=UnsortedDictionaryEncoding-scale=60]",UnsortedDictionaryEncoding,cuda,60.0,l_shipmode,FilterScan,Eq,AIR,0.0067503298347701,0.0066835610195994,0.0073223020881414,7.282275535579824e-05,148.140909329958,98,51432481,8,360011594,2880092752
"test_tpch_string_processing[op=FilterScan,col=l_shipmode,pred=Eq,val=AIR-device=cuda-encoding=UnsortedCDictionaryEncoding-scale=60]","bench_test.py::TestStringColumnTensor::test_tpch_string_processing[op=FilterScan,col=l_shipmode,pred=Eq,val=AIR-device=cuda-encoding=UnsortedCDictionaryEncoding-scale=60]",UnsortedCDictionaryEncoding,cuda,60.0,l_shipmode,FilterScan,Eq,AIR,0.0003624582849299,0.0003494322299957,0.0020256340503692,6.743937908104968e-05,2758.938177377671,2592,0,8,360011594,2880092752
"test_tpch_string_processing[op=FilterScan,col=l_shipmode,pred=Eq,val=AIR-device=cpu-encoding=UnsortedDictionaryEncoding-scale=60]","bench_test.py::TestStringColumnTensor::test_tpch_string_processing[op=FilterScan,col=l_shipmode,pred=Eq,val=AIR-device=cpu-encoding=UnsortedDictionaryEncoding-scale=60]",UnsortedDictionaryEncoding,cpu,60.0,l_shipmode,FilterScan,Eq,AIR,0.0035818133002786,6.605498492717743e-05,0.0581903662532568,0.0099405228118919,279.188197755088,67,0,8,360011594,2880092752
"test_tpch_string_processing[op=FilterScan,col=l_shipmode,pred=Eq,val=AIR-device=cpu-encoding=UnsortedCDictionaryEncoding-scale=60]","bench_test.py::TestStringColumnTensor::test_tpch_string_processing[op=FilterScan,col=l_shipmode,pred=Eq,val=AIR-device=cpu-encoding=UnsortedCDictionaryEncoding-scale=60]",UnsortedCDictionaryEncoding,cpu,60.0,l_shipmode,FilterScan,Eq,AIR,0.217303691804409,0.2143304478377103,0.2189112100750208,0.0017791965116763,4.601854628866965,5,51432481,8,360011594,2880092752
"test_tpch_string_processing[op=FilterScan,col=l_shipmode,pred=Eq,val=AIR-device=cuda-encoding=UnsortedDictionaryEncoding-scale=70]","bench_test.py::TestStringColumnTensor::test_tpch_string_processing[op=FilterScan,col=l_shipmode,pred=Eq,val=AIR-device=cuda-encoding=UnsortedDictionaryEncoding-scale=70]",UnsortedDictionaryEncoding,cuda,70.0,l_shipmode,FilterScan,Eq,AIR,0.0001946947431908,0.0001896098256111,0.0007899589836597,1.2243028802427202e-05,5136.245507253109,4195,0,8,420017438,3360139504
"test_tpch_string_processing[op=FilterScan,col=l_shipmode,pred=Eq,val=AIR-device=cuda-encoding=UnsortedCDictionaryEncoding-scale=70]","bench_test.py::TestStringColumnTensor::test_tpch_string_processing[op=FilterScan,col=l_shipmode,pred=Eq,val=AIR-device=cuda-encoding=UnsortedCDictionaryEncoding-scale=70]",UnsortedCDictionaryEncoding,cuda,70.0,l_shipmode,FilterScan,Eq,AIR,0.0003597148665219,0.0003510257229208,0.0009574573487043,1.6605020566736815e-05,2779.979625720869,2580,0,8,420017438,3360139504
"test_tpch_string_processing[op=FilterScan,col=l_shipmode,pred=Eq,val=AIR-device=cpu-encoding=UnsortedDictionaryEncoding-scale=70]","bench_test.py::TestStringColumnTensor::test_tpch_string_processing[op=FilterScan,col=l_shipmode,pred=Eq,val=AIR-device=cpu-encoding=UnsortedDictionaryEncoding-scale=70]",UnsortedDictionaryEncoding,cpu,70.0,l_shipmode,FilterScan,Eq,AIR,0.0022336284510127,6.520375609397888e-05,0.0619593290612101,0.0077664390312716,447.7020336782488,101,0,8,420017438,3360139504
"test_tpch_string_processing[op=FilterScan,col=l_shipmode,pred=Eq,val=AIR-device=cpu-encoding=UnsortedCDictionaryEncoding-scale=70]","bench_test.py::TestStringColumnTensor::test_tpch_string_processing[op=FilterScan,col=l_shipmode,pred=Eq,val=AIR-device=cpu-encoding=UnsortedCDictionaryEncoding-scale=70]",UnsortedCDictionaryEncoding,cpu,70.0,l_shipmode,FilterScan,Eq,AIR,0.0192297279136255,0.0001488318666815,0.0443425197154283,0.016694177334448,52.002815874031874,8,0,8,420017438,3360139504
"test_tpch_string_processing[op=FilterScan,col=l_shipmode,pred=Eq,val=AIR-device=cuda-encoding=UnsortedDictionaryEncoding-scale=80]","bench_test.py::TestStringColumnTensor::test_tpch_string_processing[op=FilterScan,col=l_shipmode,pred=Eq,val=AIR-device=cuda-encoding=UnsortedDictionaryEncoding-scale=80]",UnsortedDictionaryEncoding,cuda,80.0,l_shipmode,FilterScan,Eq,AIR,0.000198210720465,0.0001880172640085,0.0018594292923808,5.502955031163819e-05,5045.135791109709,4049,0,8,480025129,3840201032
"test_tpch_string_processing[op=FilterScan,col=l_shipmode,pred=Eq,val=AIR-device=cuda-encoding=UnsortedCDictionaryEncoding-scale=80]","bench_test.py::TestStringColumnTensor::test_tpch_string_processing[op=FilterScan,col=l_shipmode,pred=Eq,val=AIR-device=cuda-encoding=UnsortedCDictionaryEncoding-scale=80]",UnsortedCDictionaryEncoding,cuda,80.0,l_shipmode,FilterScan,Eq,AIR,0.0003633376407853,0.0003482410684227,0.0019310740754008,5.7527539030834765e-05,2752.260948903135,2516,0,8,480025129,3840201032
"test_tpch_string_processing[op=FilterScan,col=l_shipmode,pred=Eq,val=AIR-device=cpu-encoding=UnsortedDictionaryEncoding-scale=80]","bench_test.py::TestStringColumnTensor::test_tpch_string_processing[op=FilterScan,col=l_shipmode,pred=Eq,val=AIR-device=cpu-encoding=UnsortedDictionaryEncoding-scale=80]",UnsortedDictionaryEncoding,cpu,80.0,l_shipmode,FilterScan,Eq,AIR,0.0035901731811463,6.638560444116592e-05,0.0348425544798374,0.0062559980578825,278.5380953908994,50,0,8,480025129,3840201032
"test_tpch_string_processing[op=FilterScan,col=l_shipmode,pred=Eq,val=AIR-device=cpu-encoding=UnsortedCDictionaryEncoding-scale=80]","bench_test.py::TestStringColumnTensor::test_tpch_string_processing[op=FilterScan,col=l_shipmode,pred=Eq,val=AIR-device=cpu-encoding=UnsortedCDictionaryEncoding-scale=80]",UnsortedCDictionaryEncoding,cpu,80.0,l_shipmode,FilterScan,Eq,AIR,0.0401897110277786,0.0001492844894528,0.1024917708709836,0.0389918513935535,24.881990301169647,8,0,8,480025129,3840201032
"test_tpch_string_processing[op=FilterScan,col=l_shipmode,pred=Eq,val=AIR-device=cuda-encoding=UnsortedDictionaryEncoding-scale=90]","bench_test.py::TestStringColumnTensor::test_tpch_string_processing[op=FilterScan,col=l_shipmode,pred=Eq,val=AIR-device=cuda-encoding=UnsortedDictionaryEncoding-scale=90]",UnsortedDictionaryEncoding,cuda,90.0,l_shipmode,FilterScan,Eq,AIR,0.0100650570426995,0.0099595561623573,0.0116248354315757,0.0002268523806894,99.35363463491962,65,77156646,8,540030432,4320243456
"test_tpch_string_processing[op=FilterScan,col=l_shipmode,pred=Eq,val=AIR-device=cuda-encoding=UnsortedCDictionaryEncoding-scale=90]","bench_test.py::TestStringColumnTensor::test_tpch_string_processing[op=FilterScan,col=l_shipmode,pred=Eq,val=AIR-device=cuda-encoding=UnsortedCDictionaryEncoding-scale=90]",UnsortedCDictionaryEncoding,cuda,90.0,l_shipmode,FilterScan,Eq,AIR,0.0003620236936324,0.0003495337441563,0.00204305537045,7.604663822740105e-05,2762.2501443659376,2544,0,8,540030432,4320243456
"test_tpch_string_processing[op=FilterScan,col=l_shipmode,pred=Eq,val=AIR-device=cpu-encoding=UnsortedDictionaryEncoding-scale=90]","bench_test.py::TestStringColumnTensor::test_tpch_string_processing[op=FilterScan,col=l_shipmode,pred=Eq,val=AIR-device=cpu-encoding=UnsortedDictionaryEncoding-scale=90]",UnsortedDictionaryEncoding,cpu,90.0,l_shipmode,FilterScan,Eq,AIR,0.0031803440229565,6.542447954416275e-05,0.0550599815323948,0.0087561171012305,314.4313925731746,102,0,8,540030432,4320243456
"test_tpch_string_processing[op=FilterScan,col=l_shipmode,pred=Eq,val=AIR-device=cpu-encoding=UnsortedCDictionaryEncoding-scale=90]","bench_test.py::TestStringColumnTensor::test_tpch_string_processing[op=FilterScan,col=l_shipmode,pred=Eq,val=AIR-device=cpu-encoding=UnsortedCDictionaryEncoding-scale=90]",UnsortedCDictionaryEncoding,cpu,90.0,l_shipmode,FilterScan,Eq,AIR,0.3641052955761552,0.3368890704587102,0.4044751450419426,0.0279645450785958,2.7464582694893624,5,77156646,8,540030432,4320243456
"test_tpch_string_processing[op=FilterScan,col=l_shipmode,pred=Eq,val=AIR-device=cuda-encoding=UnsortedDictionaryEncoding-scale=100]","bench_test.py::TestStringColumnTensor::test_tpch_string_processing[op=FilterScan,col=l_shipmode,pred=Eq,val=AIR-device=cuda-encoding=UnsortedDictionaryEncoding-scale=100]",UnsortedDictionaryEncoding,cuda,100.0,l_shipmode,FilterScan,Eq,AIR,0.0001938732723629,0.000187867321074,0.0019450606778264,3.544370583798588e-05,5158.008568234731,4103,0,8,600037902,4800303216
"test_tpch_string_processing[op=FilterScan,col=l_shipmode,pred=Eq,val=AIR-device=cuda-encoding=UnsortedCDictionaryEncoding-scale=100]","bench_test.py::TestStringColumnTensor::test_tpch_string_processing[op=FilterScan,col=l_shipmode,pred=Eq,val=AIR-device=cuda-encoding=UnsortedCDictionaryEncoding-scale=100]",UnsortedCDictionaryEncoding,cuda,100.0,l_shipmode,FilterScan,Eq,AIR,0.0003607580445635,0.0003517577424645,0.0019553499296307,7.575578842965629e-05,2771.940958959558,2524,0,8,600037902,4800303216
"test_tpch_string_processing[op=FilterScan,col=l_shipmode,pred=Eq,val=AIR-device=cpu-encoding=UnsortedDictionaryEncoding-scale=100]","bench_test.py::TestStringColumnTensor::test_tpch_string_processing[op=FilterScan,col=l_shipmode,pred=Eq,val=AIR-device=cpu-encoding=UnsortedDictionaryEncoding-scale=100]",UnsortedDictionaryEncoding,cpu,100.0,l_shipmode,FilterScan,Eq,AIR,0.0067473950613046,6.510410457849503e-05,0.1494742659851908,0.020676711278325,148.20534308638003,107,0,8,600037902,4800303216
"test_tpch_string_processing[op=FilterScan,col=l_shipmode,pred=Eq,val=AIR-device=cpu-encoding=UnsortedCDictionaryEncoding-scale=100]","bench_test.py::TestStringColumnTensor::test_tpch_string_processing[op=FilterScan,col=l_shipmode,pred=Eq,val=AIR-device=cpu-encoding=UnsortedCDictionaryEncoding-scale=100]",UnsortedCDictionaryEncoding,cpu,100.0,l_shipmode,FilterScan,Eq,AIR,0.0919777055969461,0.0188981173560023,0.1368812723085284,0.048982487909442,10.872199882676805,8,0,8,600037902,4800303216
