fullname,fullname.1,param:tensor_cls,param:device,param:scale,col,op,pred,val,mean,min,max,stddev,ops,rounds,query_result_size,tuple_element_size_bytes,tuple_count,total_size_bytes
"test_tpch_string_processing[op=FilterScan,col=l_shipmode,pred=Eq,val=AIR-device=cuda-encoding=PlainEncoding-scale=1.0]","bench_test.py::TestStringColumnTensor::test_tpch_string_processing[op=FilterScan,col=l_shipmode,pred=Eq,val=AIR-device=cuda-encoding=PlainEncoding-scale=1.0]",PlainEncoding,cuda,1.0,l_shipmode,FilterScan,Eq,AIR,0.0006646751028913,0.0006362264975905,0.0019209049642086,6.061106468925313e-05,1504.4944449550524,1266,858104,7,6001215,42008505
"test_tpch_string_processing[op=FilterScan,col=l_shipmode,pred=Eq,val=AIR-device=cuda-encoding=CPlainEncoding-scale=1.0]","bench_test.py::TestStringColumnTensor::test_tpch_string_processing[op=FilterScan,col=l_shipmode,pred=Eq,val=AIR-device=cuda-encoding=CPlainEncoding-scale=1.0]",CPlainEncoding,cuda,1.0,l_shipmode,FilterScan,Eq,AIR,0.0012103748229639,0.0011833747848868,0.0023585958406329,4.2317575873637806e-05,826.1903511436202,827,858104,7,6001215,42008505
"test_tpch_string_processing[op=FilterScan,col=l_shipmode,pred=Eq,val=AIR-device=cuda-encoding=DictionaryEncoding-scale=1.0]","bench_test.py::TestStringColumnTensor::test_tpch_string_processing[op=FilterScan,col=l_shipmode,pred=Eq,val=AIR-device=cuda-encoding=DictionaryEncoding-scale=1.0]",DictionaryEncoding,cuda,1.0,l_shipmode,FilterScan,Eq,AIR,0.0003422717708695,0.0003308486193418,0.0015592481940984,2.548119758643508e-05,2921.6549102472623,2764,858104,8,6001215,48009720
"test_tpch_string_processing[op=FilterScan,col=l_shipmode,pred=Eq,val=AIR-device=cuda-encoding=CDictionaryEncoding-scale=1.0]","bench_test.py::TestStringColumnTensor::test_tpch_string_processing[op=FilterScan,col=l_shipmode,pred=Eq,val=AIR-device=cuda-encoding=CDictionaryEncoding-scale=1.0]",CDictionaryEncoding,cuda,1.0,l_shipmode,FilterScan,Eq,AIR,0.0010307182871499,0.0010119313374161,0.0021861484274268,3.93216283304057e-05,970.1972037045516,977,858104,8,6001215,48009720
"test_tpch_string_processing[op=FilterScan,col=l_shipmode,pred=Eq,val=AIR-device=cuda-encoding=PlainEncoding-scale=1]","bench_test.py::TestStringColumnTensor::test_tpch_string_processing[op=FilterScan,col=l_shipmode,pred=Eq,val=AIR-device=cuda-encoding=PlainEncoding-scale=1]",PlainEncoding,cuda,1.0,l_shipmode,FilterScan,Eq,AIR,0.0006422353267827,0.0006338721141219,0.0013784049078822,2.012759986145001e-05,1557.0616537235317,1512,858104,7,6001215,42008505
"test_tpch_string_processing[op=FilterScan,col=l_shipmode,pred=Eq,val=AIR-device=cuda-encoding=CPlainEncoding-scale=1]","bench_test.py::TestStringColumnTensor::test_tpch_string_processing[op=FilterScan,col=l_shipmode,pred=Eq,val=AIR-device=cuda-encoding=CPlainEncoding-scale=1]",CPlainEncoding,cuda,1.0,l_shipmode,FilterScan,Eq,AIR,0.0012069982448648,0.00118288397789,0.0023624021559953,4.198377850652675e-05,828.5016189994277,835,858104,7,6001215,42008505
"test_tpch_string_processing[op=FilterScan,col=l_shipmode,pred=Eq,val=AIR-device=cuda-encoding=DictionaryEncoding-scale=1]","bench_test.py::TestStringColumnTensor::test_tpch_string_processing[op=FilterScan,col=l_shipmode,pred=Eq,val=AIR-device=cuda-encoding=DictionaryEncoding-scale=1]",DictionaryEncoding,cuda,1.0,l_shipmode,FilterScan,Eq,AIR,0.0003422058610933,0.0003311177715659,0.0015153437852859,2.363418639453567e-05,2922.2176288999644,2817,858104,8,6001215,48009720
"test_tpch_string_processing[op=FilterScan,col=l_shipmode,pred=Eq,val=AIR-device=cuda-encoding=CDictionaryEncoding-scale=1]","bench_test.py::TestStringColumnTensor::test_tpch_string_processing[op=FilterScan,col=l_shipmode,pred=Eq,val=AIR-device=cuda-encoding=CDictionaryEncoding-scale=1]",CDictionaryEncoding,cuda,1.0,l_shipmode,FilterScan,Eq,AIR,0.0010308000651388,0.0010052574798464,0.0021826215088367,3.8113274666178574e-05,970.1202336122124,971,858104,8,6001215,48009720
"test_tpch_string_processing[op=FilterScan,col=l_shipmode,pred=Eq,val=AIR-device=cuda-encoding=PlainEncoding-scale=2]","bench_test.py::TestStringColumnTensor::test_tpch_string_processing[op=FilterScan,col=l_shipmode,pred=Eq,val=AIR-device=cuda-encoding=PlainEncoding-scale=2]",PlainEncoding,cuda,2.0,l_shipmode,FilterScan,Eq,AIR,0.0011800182848889,0.0011260071769356,0.0016137016937136,8.754273204601156e-05,847.4444953996033,693,1715532,7,11997996,83985972
"test_tpch_string_processing[op=FilterScan,col=l_shipmode,pred=Eq,val=AIR-device=cuda-encoding=CPlainEncoding-scale=2]","bench_test.py::TestStringColumnTensor::test_tpch_string_processing[op=FilterScan,col=l_shipmode,pred=Eq,val=AIR-device=cuda-encoding=CPlainEncoding-scale=2]",CPlainEncoding,cuda,2.0,l_shipmode,FilterScan,Eq,AIR,0.0017619465615438,0.0016998155042529,0.0019704177975654,4.392079253891608e-05,567.5541028462228,575,1715532,7,11997996,83985972
"test_tpch_string_processing[op=FilterScan,col=l_shipmode,pred=Eq,val=AIR-device=cuda-encoding=DictionaryEncoding-scale=2]","bench_test.py::TestStringColumnTensor::test_tpch_string_processing[op=FilterScan,col=l_shipmode,pred=Eq,val=AIR-device=cuda-encoding=DictionaryEncoding-scale=2]",DictionaryEncoding,cuda,2.0,l_shipmode,FilterScan,Eq,AIR,0.0004450384477926,0.0004315292462706,0.0005255676805973,9.09298787508429e-06,2246.9968717531515,1956,1715532,8,11997996,95983968
"test_tpch_string_processing[op=FilterScan,col=l_shipmode,pred=Eq,val=AIR-device=cuda-encoding=CDictionaryEncoding-scale=2]","bench_test.py::TestStringColumnTensor::test_tpch_string_processing[op=FilterScan,col=l_shipmode,pred=Eq,val=AIR-device=cuda-encoding=CDictionaryEncoding-scale=2]",CDictionaryEncoding,cuda,2.0,l_shipmode,FilterScan,Eq,AIR,0.0011300968294444,0.0011076312512159,0.0013058371841907,1.406065592815198e-05,884.8799270515897,879,1715532,8,11997996,95983968
"test_tpch_string_processing[op=FilterScan,col=l_shipmode,pred=Eq,val=AIR-device=cuda-encoding=PlainEncoding-scale=3]","bench_test.py::TestStringColumnTensor::test_tpch_string_processing[op=FilterScan,col=l_shipmode,pred=Eq,val=AIR-device=cuda-encoding=PlainEncoding-scale=3]",PlainEncoding,cuda,3.0,l_shipmode,FilterScan,Eq,AIR,0.0017370725168209,0.0016323570162057,0.0027649262920022,0.0001706793980132,575.6812051981165,475,2571601,7,17996609,125976263
"test_tpch_string_processing[op=FilterScan,col=l_shipmode,pred=Eq,val=AIR-device=cuda-encoding=CPlainEncoding-scale=3]","bench_test.py::TestStringColumnTensor::test_tpch_string_processing[op=FilterScan,col=l_shipmode,pred=Eq,val=AIR-device=cuda-encoding=CPlainEncoding-scale=3]",CPlainEncoding,cuda,3.0,l_shipmode,FilterScan,Eq,AIR,0.0023665295744078,0.002316384576261,0.0025215130299329,3.047119272548636e-05,422.5596885896673,417,2571601,7,17996609,125976263
"test_tpch_string_processing[op=FilterScan,col=l_shipmode,pred=Eq,val=AIR-device=cuda-encoding=DictionaryEncoding-scale=3]","bench_test.py::TestStringColumnTensor::test_tpch_string_processing[op=FilterScan,col=l_shipmode,pred=Eq,val=AIR-device=cuda-encoding=DictionaryEncoding-scale=3]",DictionaryEncoding,cuda,3.0,l_shipmode,FilterScan,Eq,AIR,0.0005450226498655,0.0005324194207787,0.0016811192035675,2.9735355967043743e-05,1834.7861327354435,1607,2571601,8,17996609,143972872
"test_tpch_string_processing[op=FilterScan,col=l_shipmode,pred=Eq,val=AIR-device=cuda-encoding=CDictionaryEncoding-scale=3]","bench_test.py::TestStringColumnTensor::test_tpch_string_processing[op=FilterScan,col=l_shipmode,pred=Eq,val=AIR-device=cuda-encoding=CDictionaryEncoding-scale=3]",CDictionaryEncoding,cuda,3.0,l_shipmode,FilterScan,Eq,AIR,0.001231074528371,0.0012150555849075,0.0013571744784712,1.153738342093516e-05,812.298505861524,773,2571601,8,17996609,143972872
"test_tpch_string_processing[op=FilterScan,col=l_shipmode,pred=Eq,val=AIR-device=cuda-encoding=PlainEncoding-scale=4]","bench_test.py::TestStringColumnTensor::test_tpch_string_processing[op=FilterScan,col=l_shipmode,pred=Eq,val=AIR-device=cuda-encoding=PlainEncoding-scale=4]",PlainEncoding,cuda,4.0,l_shipmode,FilterScan,Eq,AIR,0.0022945067250711,0.0021380055695772,0.0027556279674172,0.0002317592818591,435.8235210528657,354,3427035,7,23996604,167976228
"test_tpch_string_processing[op=FilterScan,col=l_shipmode,pred=Eq,val=AIR-device=cuda-encoding=CPlainEncoding-scale=4]","bench_test.py::TestStringColumnTensor::test_tpch_string_processing[op=FilterScan,col=l_shipmode,pred=Eq,val=AIR-device=cuda-encoding=CPlainEncoding-scale=4]",CPlainEncoding,cuda,4.0,l_shipmode,FilterScan,Eq,AIR,0.0030463672056794,0.0029645645990967,0.0039605740457773,7.409470415755544e-05,328.2598362192436,325,3427035,7,23996604,167976228
"test_tpch_string_processing[op=FilterScan,col=l_shipmode,pred=Eq,val=AIR-device=cuda-encoding=DictionaryEncoding-scale=4]","bench_test.py::TestStringColumnTensor::test_tpch_string_processing[op=FilterScan,col=l_shipmode,pred=Eq,val=AIR-device=cuda-encoding=DictionaryEncoding-scale=4]",DictionaryEncoding,cuda,4.0,l_shipmode,FilterScan,Eq,AIR,0.0006628234332946,0.000635745935142,0.0009028129279613,2.356593501955212e-05,1508.6974143767727,1259,3427035,8,23996604,191972832
"test_tpch_string_processing[op=FilterScan,col=l_shipmode,pred=Eq,val=AIR-device=cuda-encoding=CDictionaryEncoding-scale=4]","bench_test.py::TestStringColumnTensor::test_tpch_string_processing[op=FilterScan,col=l_shipmode,pred=Eq,val=AIR-device=cuda-encoding=CDictionaryEncoding-scale=4]",CDictionaryEncoding,cuda,4.0,l_shipmode,FilterScan,Eq,AIR,0.0013603329479079,0.0013270173221826,0.0024063158780336,4.504886367383503e-05,735.1141509421785,654,3427035,8,23996604,191972832
"test_tpch_string_processing[op=FilterScan,col=l_shipmode,pred=Eq,val=AIR-device=cuda-encoding=PlainEncoding-scale=5]","bench_test.py::TestStringColumnTensor::test_tpch_string_processing[op=FilterScan,col=l_shipmode,pred=Eq,val=AIR-device=cuda-encoding=PlainEncoding-scale=5]",PlainEncoding,cuda,5.0,l_shipmode,FilterScan,Eq,AIR,0.0027743394429858,0.0026496164500713,0.0034248884767293,0.0002341935360844,360.4461604466642,279,4285543,7,29999795,209998565
"test_tpch_string_processing[op=FilterScan,col=l_shipmode,pred=Eq,val=AIR-device=cuda-encoding=CPlainEncoding-scale=5]","bench_test.py::TestStringColumnTensor::test_tpch_string_processing[op=FilterScan,col=l_shipmode,pred=Eq,val=AIR-device=cuda-encoding=CPlainEncoding-scale=5]",CPlainEncoding,cuda,5.0,l_shipmode,FilterScan,Eq,AIR,0.0036881680827843,0.0035883085802197,0.0046216882765293,7.54825954800157e-05,271.1373173765582,262,4285543,7,29999795,209998565
"test_tpch_string_processing[op=FilterScan,col=l_shipmode,pred=Eq,val=AIR-device=cuda-encoding=DictionaryEncoding-scale=5]","bench_test.py::TestStringColumnTensor::test_tpch_string_processing[op=FilterScan,col=l_shipmode,pred=Eq,val=AIR-device=cuda-encoding=DictionaryEncoding-scale=5]",DictionaryEncoding,cuda,5.0,l_shipmode,FilterScan,Eq,AIR,0.0007819444467906,0.000750733539462,0.0008966205641627,2.306099959364329e-05,1278.8632288447964,1036,4285543,8,29999795,239998360
"test_tpch_string_processing[op=FilterScan,col=l_shipmode,pred=Eq,val=AIR-device=cuda-encoding=CDictionaryEncoding-scale=5]","bench_test.py::TestStringColumnTensor::test_tpch_string_processing[op=FilterScan,col=l_shipmode,pred=Eq,val=AIR-device=cuda-encoding=CDictionaryEncoding-scale=5]",CDictionaryEncoding,cuda,5.0,l_shipmode,FilterScan,Eq,AIR,0.0014753752452394,0.0014306949451565,0.0025490159168839,5.05221254105135e-05,677.7936685779738,608,4285543,8,29999795,239998360
"test_tpch_string_processing[op=FilterScan,col=l_shipmode,pred=Eq,val=AIR-device=cuda-encoding=PlainEncoding-scale=6]","bench_test.py::TestStringColumnTensor::test_tpch_string_processing[op=FilterScan,col=l_shipmode,pred=Eq,val=AIR-device=cuda-encoding=PlainEncoding-scale=6]",PlainEncoding,cuda,6.0,l_shipmode,FilterScan,Eq,AIR,0.0033463342702251,0.0031565679237246,0.0040205577388405,0.0002611138172026,298.83446160706825,238,5141780,7,36000148,252001036
"test_tpch_string_processing[op=FilterScan,col=l_shipmode,pred=Eq,val=AIR-device=cuda-encoding=CPlainEncoding-scale=6]","bench_test.py::TestStringColumnTensor::test_tpch_string_processing[op=FilterScan,col=l_shipmode,pred=Eq,val=AIR-device=cuda-encoding=CPlainEncoding-scale=6]",CPlainEncoding,cuda,6.0,l_shipmode,FilterScan,Eq,AIR,0.0042200228477963,0.0041890386492013,0.0043101673945784,1.9049165425305988e-05,236.9655416728818,234,5141780,7,36000148,252001036
"test_tpch_string_processing[op=FilterScan,col=l_shipmode,pred=Eq,val=AIR-device=cuda-encoding=DictionaryEncoding-scale=6]","bench_test.py::TestStringColumnTensor::test_tpch_string_processing[op=FilterScan,col=l_shipmode,pred=Eq,val=AIR-device=cuda-encoding=DictionaryEncoding-scale=6]",DictionaryEncoding,cuda,6.0,l_shipmode,FilterScan,Eq,AIR,0.0008894803918602,0.0008623963221907,0.0009923325851559,2.101646187060754e-05,1124.2518768835023,858,5141780,8,36000148,288001184
"test_tpch_string_processing[op=FilterScan,col=l_shipmode,pred=Eq,val=AIR-device=cuda-encoding=CDictionaryEncoding-scale=6]","bench_test.py::TestStringColumnTensor::test_tpch_string_processing[op=FilterScan,col=l_shipmode,pred=Eq,val=AIR-device=cuda-encoding=CDictionaryEncoding-scale=6]",CDictionaryEncoding,cuda,6.0,l_shipmode,FilterScan,Eq,AIR,0.0015771257589486,0.0015387395396828,0.0018454305827617,2.3627637648218822e-05,634.0648450676649,550,5141780,8,36000148,288001184
"test_tpch_string_processing[op=FilterScan,col=l_shipmode,pred=Eq,val=AIR-device=cuda-encoding=PlainEncoding-scale=7]","bench_test.py::TestStringColumnTensor::test_tpch_string_processing[op=FilterScan,col=l_shipmode,pred=Eq,val=AIR-device=cuda-encoding=PlainEncoding-scale=7]",PlainEncoding,cuda,7.0,l_shipmode,FilterScan,Eq,AIR,0.0038266537720384,0.0036632195115089,0.0046940548345446,0.0002751197776812,261.3249223922621,199,5997233,7,41995307,293967149
"test_tpch_string_processing[op=FilterScan,col=l_shipmode,pred=Eq,val=AIR-device=cuda-encoding=CPlainEncoding-scale=7]","bench_test.py::TestStringColumnTensor::test_tpch_string_processing[op=FilterScan,col=l_shipmode,pred=Eq,val=AIR-device=cuda-encoding=CPlainEncoding-scale=7]",CPlainEncoding,cuda,7.0,l_shipmode,FilterScan,Eq,AIR,0.0049263554088441,0.0048375576734542,0.0051033524796366,5.364847484329456e-05,202.9898204674265,203,5997233,7,41995307,293967149
"test_tpch_string_processing[op=FilterScan,col=l_shipmode,pred=Eq,val=AIR-device=cuda-encoding=DictionaryEncoding-scale=7]","bench_test.py::TestStringColumnTensor::test_tpch_string_processing[op=FilterScan,col=l_shipmode,pred=Eq,val=AIR-device=cuda-encoding=DictionaryEncoding-scale=7]",DictionaryEncoding,cuda,7.0,l_shipmode,FilterScan,Eq,AIR,0.0009785387262233,0.0009650215506553,0.001063066534698,8.584522777215166e-06,1021.9319616092276,763,5997233,8,41995307,335962456
"test_tpch_string_processing[op=FilterScan,col=l_shipmode,pred=Eq,val=AIR-device=cuda-encoding=CDictionaryEncoding-scale=7]","bench_test.py::TestStringColumnTensor::test_tpch_string_processing[op=FilterScan,col=l_shipmode,pred=Eq,val=AIR-device=cuda-encoding=CDictionaryEncoding-scale=7]",CDictionaryEncoding,cuda,7.0,l_shipmode,FilterScan,Eq,AIR,0.0016595043992925,0.0016358233988285,0.0018457323312759,1.5369726869524085e-05,602.5895444605628,506,5997233,8,41995307,335962456
"test_tpch_string_processing[op=FilterScan,col=l_shipmode,pred=Eq,val=AIR-device=cuda-encoding=PlainEncoding-scale=8]","bench_test.py::TestStringColumnTensor::test_tpch_string_processing[op=FilterScan,col=l_shipmode,pred=Eq,val=AIR-device=cuda-encoding=PlainEncoding-scale=8]",PlainEncoding,cuda,8.0,l_shipmode,FilterScan,Eq,AIR,0.0043661640374921,0.004169700667262,0.0052913688123226,0.0003874869318913,229.033996756198,176,6853099,7,47989007,335923049
"test_tpch_string_processing[op=FilterScan,col=l_shipmode,pred=Eq,val=AIR-device=cuda-encoding=CPlainEncoding-scale=8]","bench_test.py::TestStringColumnTensor::test_tpch_string_processing[op=FilterScan,col=l_shipmode,pred=Eq,val=AIR-device=cuda-encoding=CPlainEncoding-scale=8]",CPlainEncoding,cuda,8.0,l_shipmode,FilterScan,Eq,AIR,0.0055240165675058,0.0054618623107671,0.0056613814085721,3.8098204253981296e-05,181.0276974696877,176,6853099,7,47989007,335923049
"test_tpch_string_processing[op=FilterScan,col=l_shipmode,pred=Eq,val=AIR-device=cuda-encoding=DictionaryEncoding-scale=8]","bench_test.py::TestStringColumnTensor::test_tpch_string_processing[op=FilterScan,col=l_shipmode,pred=Eq,val=AIR-device=cuda-encoding=DictionaryEncoding-scale=8]",DictionaryEncoding,cuda,8.0,l_shipmode,FilterScan,Eq,AIR,0.0010889954700385,0.0010715844109654,0.0019941944628953,3.62660808504326e-05,918.2774653457302,679,6853099,8,47989007,383912056
"test_tpch_string_processing[op=FilterScan,col=l_shipmode,pred=Eq,val=AIR-device=cuda-encoding=CDictionaryEncoding-scale=8]","bench_test.py::TestStringColumnTensor::test_tpch_string_processing[op=FilterScan,col=l_shipmode,pred=Eq,val=AIR-device=cuda-encoding=CDictionaryEncoding-scale=8]",CDictionaryEncoding,cuda,8.0,l_shipmode,FilterScan,Eq,AIR,0.0017719240351894,0.0017484873533248,0.0019803782925009,1.74368548028598e-05,564.3582795540542,459,6853099,8,47989007,383912056
"test_tpch_string_processing[op=FilterScan,col=l_shipmode,pred=Eq,val=AIR-device=cuda-encoding=PlainEncoding-scale=9]","bench_test.py::TestStringColumnTensor::test_tpch_string_processing[op=FilterScan,col=l_shipmode,pred=Eq,val=AIR-device=cuda-encoding=PlainEncoding-scale=9]",PlainEncoding,cuda,9.0,l_shipmode,FilterScan,Eq,AIR,0.0049173860116654,0.0046781664714217,0.0058985305950045,0.0004506962474803,203.3600774126173,157,7709685,7,53986608,377906256
"test_tpch_string_processing[op=FilterScan,col=l_shipmode,pred=Eq,val=AIR-device=cuda-encoding=CPlainEncoding-scale=9]","bench_test.py::TestStringColumnTensor::test_tpch_string_processing[op=FilterScan,col=l_shipmode,pred=Eq,val=AIR-device=cuda-encoding=CPlainEncoding-scale=9]",CPlainEncoding,cuda,9.0,l_shipmode,FilterScan,Eq,AIR,0.0060984035488218,0.0060630142688751,0.006220662035048,2.6444808858952124e-05,163.9773412819158,160,7709685,7,53986608,377906256
"test_tpch_string_processing[op=FilterScan,col=l_shipmode,pred=Eq,val=AIR-device=cuda-encoding=DictionaryEncoding-scale=9]","bench_test.py::TestStringColumnTensor::test_tpch_string_processing[op=FilterScan,col=l_shipmode,pred=Eq,val=AIR-device=cuda-encoding=DictionaryEncoding-scale=9]",DictionaryEncoding,cuda,9.0,l_shipmode,FilterScan,Eq,AIR,0.001220571115289,0.0011821743100881,0.0013504019007086,2.628010477684921e-05,819.2885997987822,575,7709685,8,53986608,431892864
"test_tpch_string_processing[op=FilterScan,col=l_shipmode,pred=Eq,val=AIR-device=cuda-encoding=CDictionaryEncoding-scale=9]","bench_test.py::TestStringColumnTensor::test_tpch_string_processing[op=FilterScan,col=l_shipmode,pred=Eq,val=AIR-device=cuda-encoding=CDictionaryEncoding-scale=9]",CDictionaryEncoding,cuda,9.0,l_shipmode,FilterScan,Eq,AIR,0.0019007580045819,0.001853646710515,0.0020625526085495,2.602792200452196e-05,526.1058996407779,428,7709685,8,53986608,431892864
"test_tpch_string_processing[op=FilterScan,col=l_shipmode,pred=Eq,val=AIR-device=cuda-encoding=PlainEncoding-scale=10_0]","bench_test.py::TestStringColumnTensor::test_tpch_string_processing[op=FilterScan,col=l_shipmode,pred=Eq,val=AIR-device=cuda-encoding=PlainEncoding-scale=10_0]",PlainEncoding,cuda,10.0,l_shipmode,FilterScan,Eq,AIR,0.0055622405947205,0.005189805291593,0.0065868170931935,0.0005781709734943,179.78366504842532,141,8566164,7,59986052,419902364
"test_tpch_string_processing[op=FilterScan,col=l_shipmode,pred=Eq,val=AIR-device=cuda-encoding=CPlainEncoding-scale=10_0]","bench_test.py::TestStringColumnTensor::test_tpch_string_processing[op=FilterScan,col=l_shipmode,pred=Eq,val=AIR-device=cuda-encoding=CPlainEncoding-scale=10_0]",CPlainEncoding,cuda,10.0,l_shipmode,FilterScan,Eq,AIR,0.0068266624056384,0.0067101502791047,0.0070337951183319,5.6969258099233246e-05,146.48446643180435,141,8566164,7,59986052,419902364
"test_tpch_string_processing[op=FilterScan,col=l_shipmode,pred=Eq,val=AIR-device=cuda-encoding=DictionaryEncoding-scale=10_0]","bench_test.py::TestStringColumnTensor::test_tpch_string_processing[op=FilterScan,col=l_shipmode,pred=Eq,val=AIR-device=cuda-encoding=DictionaryEncoding-scale=10_0]",DictionaryEncoding,cuda,10.0,l_shipmode,FilterScan,Eq,AIR,0.0013304002401555,0.0012882836163043,0.002373844385147,5.214605974766563e-05,751.6535023197583,544,8566164,8,59986052,479888416
"test_tpch_string_processing[op=FilterScan,col=l_shipmode,pred=Eq,val=AIR-device=cuda-encoding=CDictionaryEncoding-scale=10_0]","bench_test.py::TestStringColumnTensor::test_tpch_string_processing[op=FilterScan,col=l_shipmode,pred=Eq,val=AIR-device=cuda-encoding=CDictionaryEncoding-scale=10_0]",CDictionaryEncoding,cuda,10.0,l_shipmode,FilterScan,Eq,AIR,0.0020088894826922,0.0019704084843397,0.0022009247913956,2.7911587237803507e-05,497.787463479487,394,8566164,8,59986052,479888416
"test_tpch_string_processing[op=FilterScan,col=l_shipmode,pred=Eq,val=AIR-device=cuda-encoding=PlainEncoding-scale=10_1]","bench_test.py::TestStringColumnTensor::test_tpch_string_processing[op=FilterScan,col=l_shipmode,pred=Eq,val=AIR-device=cuda-encoding=PlainEncoding-scale=10_1]",PlainEncoding,cuda,10.0,l_shipmode,FilterScan,Eq,AIR,0.0052136457019618,0.0051865112036466,0.0052893050014972,2.226775757694933e-05,191.8043643862695,175,8566164,7,59986052,419902364
"test_tpch_string_processing[op=FilterScan,col=l_shipmode,pred=Eq,val=AIR-device=cuda-encoding=CPlainEncoding-scale=10_1]","bench_test.py::TestStringColumnTensor::test_tpch_string_processing[op=FilterScan,col=l_shipmode,pred=Eq,val=AIR-device=cuda-encoding=CPlainEncoding-scale=10_1]",CPlainEncoding,cuda,10.0,l_shipmode,FilterScan,Eq,AIR,0.0067310054240555,0.0066948626190423,0.0068280855193734,2.457757853436882e-05,148.5662151491004,145,8566164,7,59986052,419902364
"test_tpch_string_processing[op=FilterScan,col=l_shipmode,pred=Eq,val=AIR-device=cuda-encoding=DictionaryEncoding-scale=10_1]","bench_test.py::TestStringColumnTensor::test_tpch_string_processing[op=FilterScan,col=l_shipmode,pred=Eq,val=AIR-device=cuda-encoding=DictionaryEncoding-scale=10_1]",DictionaryEncoding,cuda,10.0,l_shipmode,FilterScan,Eq,AIR,0.0013245237323794,0.00128701236099,0.0025106631219387,5.775894958619595e-05,754.9883596298843,547,8566164,8,59986052,479888416
"test_tpch_string_processing[op=FilterScan,col=l_shipmode,pred=Eq,val=AIR-device=cuda-encoding=CDictionaryEncoding-scale=10_1]","bench_test.py::TestStringColumnTensor::test_tpch_string_processing[op=FilterScan,col=l_shipmode,pred=Eq,val=AIR-device=cuda-encoding=CDictionaryEncoding-scale=10_1]",CDictionaryEncoding,cuda,10.0,l_shipmode,FilterScan,Eq,AIR,0.0020082128496888,0.0019686250016093,0.0021350309252738,2.4259633056147647e-05,497.9551844591304,390,8566164,8,59986052,479888416
"test_tpch_string_processing[op=FilterScan,col=l_shipmode,pred=Eq,val=AIR-device=cuda-encoding=PlainEncoding-scale=20]","bench_test.py::TestStringColumnTensor::test_tpch_string_processing[op=FilterScan,col=l_shipmode,pred=Eq,val=AIR-device=cuda-encoding=PlainEncoding-scale=20]",PlainEncoding,cuda,20.0,l_shipmode,FilterScan,Eq,AIR,0.0105142895132303,0.0102478004992008,0.0114022707566618,0.0004506372979971,95.10866128820987,80,17143690,7,119994608,839962256
"test_tpch_string_processing[op=FilterScan,col=l_shipmode,pred=Eq,val=AIR-device=cuda-encoding=CPlainEncoding-scale=20]","bench_test.py::TestStringColumnTensor::test_tpch_string_processing[op=FilterScan,col=l_shipmode,pred=Eq,val=AIR-device=cuda-encoding=CPlainEncoding-scale=20]",CPlainEncoding,cuda,20.0,l_shipmode,FilterScan,Eq,AIR,0.0129679626583851,0.0129275741055607,0.0131749240681529,3.30577261853359e-05,77.11311532451042,74,17143690,7,119994608,839962256
"test_tpch_string_processing[op=FilterScan,col=l_shipmode,pred=Eq,val=AIR-device=cuda-encoding=DictionaryEncoding-scale=20]","bench_test.py::TestStringColumnTensor::test_tpch_string_processing[op=FilterScan,col=l_shipmode,pred=Eq,val=AIR-device=cuda-encoding=DictionaryEncoding-scale=20]",DictionaryEncoding,cuda,20.0,l_shipmode,FilterScan,Eq,AIR,0.0024008909340149,0.0023661684244871,0.0027032196521759,2.8368646912963096e-05,416.5120480203244,280,17143690,8,119994608,959956864
"test_tpch_string_processing[op=FilterScan,col=l_shipmode,pred=Eq,val=AIR-device=cuda-encoding=CDictionaryEncoding-scale=20]","bench_test.py::TestStringColumnTensor::test_tpch_string_processing[op=FilterScan,col=l_shipmode,pred=Eq,val=AIR-device=cuda-encoding=CDictionaryEncoding-scale=20]",CDictionaryEncoding,cuda,20.0,l_shipmode,FilterScan,Eq,AIR,0.0030866648117471,0.0030442448332905,0.0032537830993533,2.836705014456601e-05,323.974276764429,238,17143690,8,119994608,959956864
"test_tpch_string_processing[op=FilterScan,col=l_shipmode,pred=Eq,val=AIR-device=cuda-encoding=PlainEncoding-scale=30]","bench_test.py::TestStringColumnTensor::test_tpch_string_processing[op=FilterScan,col=l_shipmode,pred=Eq,val=AIR-device=cuda-encoding=PlainEncoding-scale=30]",PlainEncoding,cuda,30.0,l_shipmode,FilterScan,Eq,AIR,0.0156720815662373,0.0153195727616548,0.0192447388544678,0.0010481435133328,63.80773324676383,47,25713820,7,179998372,1259988604
"test_tpch_string_processing[op=FilterScan,col=l_shipmode,pred=Eq,val=AIR-device=cuda-encoding=CPlainEncoding-scale=30]","bench_test.py::TestStringColumnTensor::test_tpch_string_processing[op=FilterScan,col=l_shipmode,pred=Eq,val=AIR-device=cuda-encoding=CPlainEncoding-scale=30]",CPlainEncoding,cuda,30.0,l_shipmode,FilterScan,Eq,AIR,0.0193744694255292,0.0192682528868317,0.0195003431290388,5.503009915471603e-05,51.61431665748356,50,25713820,7,179998372,1259988604
"test_tpch_string_processing[op=FilterScan,col=l_shipmode,pred=Eq,val=AIR-device=cuda-encoding=DictionaryEncoding-scale=30]","bench_test.py::TestStringColumnTensor::test_tpch_string_processing[op=FilterScan,col=l_shipmode,pred=Eq,val=AIR-device=cuda-encoding=DictionaryEncoding-scale=30]",DictionaryEncoding,cuda,30.0,l_shipmode,FilterScan,Eq,AIR,0.0034859072475228,0.0034476211294531,0.0035874648019671,2.508643504036048e-05,286.86936541717216,192,25713820,8,179998372,1439986976
"test_tpch_string_processing[op=FilterScan,col=l_shipmode,pred=Eq,val=AIR-device=cuda-encoding=CDictionaryEncoding-scale=30]","bench_test.py::TestStringColumnTensor::test_tpch_string_processing[op=FilterScan,col=l_shipmode,pred=Eq,val=AIR-device=cuda-encoding=CDictionaryEncoding-scale=30]",CDictionaryEncoding,cuda,30.0,l_shipmode,FilterScan,Eq,AIR,0.0041866807979257,0.004127430729568,0.0044553522020578,6.148109974363413e-05,238.8526969850284,170,25713820,8,179998372,1439986976
"test_tpch_string_processing[op=FilterScan,col=l_shipmode,pred=Eq,val=AIR-device=cuda-encoding=PlainEncoding-scale=40]","bench_test.py::TestStringColumnTensor::test_tpch_string_processing[op=FilterScan,col=l_shipmode,pred=Eq,val=AIR-device=cuda-encoding=PlainEncoding-scale=40]",PlainEncoding,cuda,40.0,l_shipmode,FilterScan,Eq,AIR,0.0211514975202994,0.0203680898994207,0.0255717318505048,0.0018052141012679,47.27797637213556,36,34289827,7,240012290,1680086030
"test_tpch_string_processing[op=FilterScan,col=l_shipmode,pred=Eq,val=AIR-device=cuda-encoding=CPlainEncoding-scale=40]","bench_test.py::TestStringColumnTensor::test_tpch_string_processing[op=FilterScan,col=l_shipmode,pred=Eq,val=AIR-device=cuda-encoding=CPlainEncoding-scale=40]",CPlainEncoding,cuda,40.0,l_shipmode,FilterScan,Eq,AIR,0.0255729464461674,0.0255033513531088,0.0257014762610197,3.961228246756816e-05,39.10382411761032,37,34289827,7,240012290,1680086030
"test_tpch_string_processing[op=FilterScan,col=l_shipmode,pred=Eq,val=AIR-device=cuda-encoding=DictionaryEncoding-scale=40]","bench_test.py::TestStringColumnTensor::test_tpch_string_processing[op=FilterScan,col=l_shipmode,pred=Eq,val=AIR-device=cuda-encoding=DictionaryEncoding-scale=40]",DictionaryEncoding,cuda,40.0,l_shipmode,FilterScan,Eq,AIR,0.0045655983526052,0.0045241126790642,0.0046493802219629,2.631765671723468e-05,219.0293413412876,144,34289827,8,240012290,1920098320
"test_tpch_string_processing[op=FilterScan,col=l_shipmode,pred=Eq,val=AIR-device=cuda-encoding=CDictionaryEncoding-scale=40]","bench_test.py::TestStringColumnTensor::test_tpch_string_processing[op=FilterScan,col=l_shipmode,pred=Eq,val=AIR-device=cuda-encoding=CDictionaryEncoding-scale=40]",CDictionaryEncoding,cuda,40.0,l_shipmode,FilterScan,Eq,AIR,0.0052450896226659,0.005198280327022,0.0053397705778479,2.698842007077612e-05,190.6545115413524,132,34289827,8,240012290,1920098320
"test_tpch_string_processing[op=FilterScan,col=l_shipmode,pred=Eq,val=AIR-device=cuda-encoding=PlainEncoding-scale=50]","bench_test.py::TestStringColumnTensor::test_tpch_string_processing[op=FilterScan,col=l_shipmode,pred=Eq,val=AIR-device=cuda-encoding=PlainEncoding-scale=50]",PlainEncoding,cuda,50.0,l_shipmode,FilterScan,Eq,AIR,0.0269981640358937,0.0254482366144657,0.0320799984037876,0.0027272301553442,37.03955567758284,29,42860070,7,300005811,2100040677
"test_tpch_string_processing[op=FilterScan,col=l_shipmode,pred=Eq,val=AIR-device=cuda-encoding=CPlainEncoding-scale=50]","bench_test.py::TestStringColumnTensor::test_tpch_string_processing[op=FilterScan,col=l_shipmode,pred=Eq,val=AIR-device=cuda-encoding=CPlainEncoding-scale=50]",CPlainEncoding,cuda,50.0,l_shipmode,FilterScan,Eq,AIR,0.0318601403074959,0.0317740878090262,0.0322982119396328,9.072937974019486e-05,31.387181297651782,30,42860070,7,300005811,2100040677
"test_tpch_string_processing[op=FilterScan,col=l_shipmode,pred=Eq,val=AIR-device=cuda-encoding=DictionaryEncoding-scale=50]","bench_test.py::TestStringColumnTensor::test_tpch_string_processing[op=FilterScan,col=l_shipmode,pred=Eq,val=AIR-device=cuda-encoding=DictionaryEncoding-scale=50]",DictionaryEncoding,cuda,50.0,l_shipmode,FilterScan,Eq,AIR,0.00565548801524,0.0056069465354084,0.0057676909491419,2.772915128294964e-05,176.81940043109617,117,42860070,8,300005811,2400046488
"test_tpch_string_processing[op=FilterScan,col=l_shipmode,pred=Eq,val=AIR-device=cuda-encoding=CDictionaryEncoding-scale=50]","bench_test.py::TestStringColumnTensor::test_tpch_string_processing[op=FilterScan,col=l_shipmode,pred=Eq,val=AIR-device=cuda-encoding=CDictionaryEncoding-scale=50]",CDictionaryEncoding,cuda,50.0,l_shipmode,FilterScan,Eq,AIR,0.0063521516060939,0.0062972661107778,0.0066925175487995,4.818941060326788e-05,157.42697309690266,108,42860070,8,300005811,2400046488
"test_tpch_string_processing[op=FilterScan,col=l_shipmode,pred=Eq,val=AIR-device=cuda-encoding=PlainEncoding-scale=60]","bench_test.py::TestStringColumnTensor::test_tpch_string_processing[op=FilterScan,col=l_shipmode,pred=Eq,val=AIR-device=cuda-encoding=PlainEncoding-scale=60]",PlainEncoding,cuda,60.0,l_shipmode,FilterScan,Eq,AIR,0.0314765279181301,0.0306206243112683,0.0383144514635205,0.0022916476115692,31.769704797205737,24,51432481,7,360011594,2520081158
"test_tpch_string_processing[op=FilterScan,col=l_shipmode,pred=Eq,val=AIR-device=cuda-encoding=CPlainEncoding-scale=60]","bench_test.py::TestStringColumnTensor::test_tpch_string_processing[op=FilterScan,col=l_shipmode,pred=Eq,val=AIR-device=cuda-encoding=CPlainEncoding-scale=60]",CPlainEncoding,cuda,60.0,l_shipmode,FilterScan,Eq,AIR,0.0381817978993058,0.0380750875920057,0.0383323533460497,5.103861976334653e-05,26.190490103091268,25,51432481,7,360011594,2520081158
"test_tpch_string_processing[op=FilterScan,col=l_shipmode,pred=Eq,val=AIR-device=cuda-encoding=DictionaryEncoding-scale=60]","bench_test.py::TestStringColumnTensor::test_tpch_string_processing[op=FilterScan,col=l_shipmode,pred=Eq,val=AIR-device=cuda-encoding=DictionaryEncoding-scale=60]",DictionaryEncoding,cuda,60.0,l_shipmode,FilterScan,Eq,AIR,0.0067415133829122,0.0066827489063143,0.0074999295175075,8.621539944884363e-05,148.3346458281457,97,51432481,8,360011594,2880092752
"test_tpch_string_processing[op=FilterScan,col=l_shipmode,pred=Eq,val=AIR-device=cuda-encoding=CDictionaryEncoding-scale=60]","bench_test.py::TestStringColumnTensor::test_tpch_string_processing[op=FilterScan,col=l_shipmode,pred=Eq,val=AIR-device=cuda-encoding=CDictionaryEncoding-scale=60]",CDictionaryEncoding,cuda,60.0,l_shipmode,FilterScan,Eq,AIR,0.0074189492885995,0.0073652034625411,0.0076292240992188,3.474837099052759e-05,134.78997646427788,92,51432481,8,360011594,2880092752
"test_tpch_string_processing[op=FilterScan,col=l_shipmode,pred=Eq,val=AIR-device=cuda-encoding=PlainEncoding-scale=70]","bench_test.py::TestStringColumnTensor::test_tpch_string_processing[op=FilterScan,col=l_shipmode,pred=Eq,val=AIR-device=cuda-encoding=PlainEncoding-scale=70]",PlainEncoding,cuda,70.0,l_shipmode,FilterScan,Eq,AIR,0.0373727889021947,0.0355596654117107,0.0446767313405871,0.0036209194172531,26.757435807560903,21,60005955,7,420017438,2940122066
"test_tpch_string_processing[op=FilterScan,col=l_shipmode,pred=Eq,val=AIR-device=cuda-encoding=CPlainEncoding-scale=70]","bench_test.py::TestStringColumnTensor::test_tpch_string_processing[op=FilterScan,col=l_shipmode,pred=Eq,val=AIR-device=cuda-encoding=CPlainEncoding-scale=70]",CPlainEncoding,cuda,70.0,l_shipmode,FilterScan,Eq,AIR,0.044566854157231,0.0444447323679924,0.0449709799140691,0.0001082435309109,22.438200292800964,22,60005955,7,420017438,2940122066
"test_tpch_string_processing[op=FilterScan,col=l_shipmode,pred=Eq,val=AIR-device=cuda-encoding=DictionaryEncoding-scale=70]","bench_test.py::TestStringColumnTensor::test_tpch_string_processing[op=FilterScan,col=l_shipmode,pred=Eq,val=AIR-device=cuda-encoding=DictionaryEncoding-scale=70]",DictionaryEncoding,cuda,70.0,l_shipmode,FilterScan,Eq,AIR,0.0078330927876284,0.0077855810523033,0.0079370681196451,2.858697148195952e-05,127.66349475387264,83,60005955,8,420017438,3360139504
"test_tpch_string_processing[op=FilterScan,col=l_shipmode,pred=Eq,val=AIR-device=cuda-encoding=CDictionaryEncoding-scale=70]","bench_test.py::TestStringColumnTensor::test_tpch_string_processing[op=FilterScan,col=l_shipmode,pred=Eq,val=AIR-device=cuda-encoding=CDictionaryEncoding-scale=70]",CDictionaryEncoding,cuda,70.0,l_shipmode,FilterScan,Eq,AIR,0.0085236609712997,0.0084700416773557,0.0086080003529787,3.337237307766972e-05,117.32048040943044,79,60005955,8,420017438,3360139504
"test_tpch_string_processing[op=FilterScan,col=l_shipmode,pred=Eq,val=AIR-device=cuda-encoding=PlainEncoding-scale=80]","bench_test.py::TestStringColumnTensor::test_tpch_string_processing[op=FilterScan,col=l_shipmode,pred=Eq,val=AIR-device=cuda-encoding=PlainEncoding-scale=80]",PlainEncoding,cuda,80.0,l_shipmode,FilterScan,Eq,AIR,0.0416915383603837,0.0404703170061111,0.0510769505053758,0.0030490184372904,23.98568245085968,18,68580321,7,480025129,3360175903
"test_tpch_string_processing[op=FilterScan,col=l_shipmode,pred=Eq,val=AIR-device=cuda-encoding=CPlainEncoding-scale=80]","bench_test.py::TestStringColumnTensor::test_tpch_string_processing[op=FilterScan,col=l_shipmode,pred=Eq,val=AIR-device=cuda-encoding=CPlainEncoding-scale=80]",CPlainEncoding,cuda,80.0,l_shipmode,FilterScan,Eq,AIR,0.0507657162256931,0.050680068321526,0.0509081203490495,5.177293032504384e-05,19.69833333098704,19,68580321,7,480025129,3360175903
"test_tpch_string_processing[op=FilterScan,col=l_shipmode,pred=Eq,val=AIR-device=cuda-encoding=DictionaryEncoding-scale=80]","bench_test.py::TestStringColumnTensor::test_tpch_string_processing[op=FilterScan,col=l_shipmode,pred=Eq,val=AIR-device=cuda-encoding=DictionaryEncoding-scale=80]",DictionaryEncoding,cuda,80.0,l_shipmode,FilterScan,Eq,AIR,0.008915438431583,0.0088600097224116,0.008994085714221,3.492620863299156e-05,112.16498298698234,73,68580321,8,480025129,3840201032
"test_tpch_string_processing[op=FilterScan,col=l_shipmode,pred=Eq,val=AIR-device=cuda-encoding=CDictionaryEncoding-scale=80]","bench_test.py::TestStringColumnTensor::test_tpch_string_processing[op=FilterScan,col=l_shipmode,pred=Eq,val=AIR-device=cuda-encoding=CDictionaryEncoding-scale=80]",CDictionaryEncoding,cuda,80.0,l_shipmode,FilterScan,Eq,AIR,0.0096160505233066,0.0095349615439772,0.0097007751464843,3.269609084913458e-05,103.99279803868303,70,68580321,8,480025129,3840201032
"test_tpch_string_processing[op=FilterScan,col=l_shipmode,pred=Eq,val=AIR-device=cuda-encoding=PlainEncoding-scale=90]","bench_test.py::TestStringColumnTensor::test_tpch_string_processing[op=FilterScan,col=l_shipmode,pred=Eq,val=AIR-device=cuda-encoding=PlainEncoding-scale=90]",PlainEncoding,cuda,90.0,l_shipmode,FilterScan,Eq,AIR,0.0475751985795795,0.045544353313744,0.0573700116947293,0.0041450527382891,21.019355249296297,16,77156646,7,540030432,3780213024
"test_tpch_string_processing[op=FilterScan,col=l_shipmode,pred=Eq,val=AIR-device=cuda-encoding=CPlainEncoding-scale=90]","bench_test.py::TestStringColumnTensor::test_tpch_string_processing[op=FilterScan,col=l_shipmode,pred=Eq,val=AIR-device=cuda-encoding=CPlainEncoding-scale=90]",CPlainEncoding,cuda,90.0,l_shipmode,FilterScan,Eq,AIR,0.0570560327238019,0.0569443628191947,0.057182134129107,6.923128999879217e-05,17.526630441356144,17,77156646,7,540030432,3780213024
"test_tpch_string_processing[op=FilterScan,col=l_shipmode,pred=Eq,val=AIR-device=cuda-encoding=DictionaryEncoding-scale=90]","bench_test.py::TestStringColumnTensor::test_tpch_string_processing[op=FilterScan,col=l_shipmode,pred=Eq,val=AIR-device=cuda-encoding=DictionaryEncoding-scale=90]",DictionaryEncoding,cuda,90.0,l_shipmode,FilterScan,Eq,AIR,0.0100196624461274,0.0099613098427653,0.0103996023535728,5.970214639755278e-05,99.80376139183124,65,77156646,8,540030432,4320243456
"test_tpch_string_processing[op=FilterScan,col=l_shipmode,pred=Eq,val=AIR-device=cuda-encoding=CDictionaryEncoding-scale=90]","bench_test.py::TestStringColumnTensor::test_tpch_string_processing[op=FilterScan,col=l_shipmode,pred=Eq,val=AIR-device=cuda-encoding=CDictionaryEncoding-scale=90]",CDictionaryEncoding,cuda,90.0,l_shipmode,FilterScan,Eq,AIR,0.0107076267401377,0.0106381839141249,0.0114942891523242,0.0001081530993861,93.3913764710794,63,77156646,8,540030432,4320243456
"test_tpch_string_processing[op=FilterScan,col=l_shipmode,pred=Eq,val=AIR-device=cuda-encoding=PlainEncoding-scale=100]","bench_test.py::TestStringColumnTensor::test_tpch_string_processing[op=FilterScan,col=l_shipmode,pred=Eq,val=AIR-device=cuda-encoding=PlainEncoding-scale=100]",PlainEncoding,cuda,100.0,l_shipmode,FilterScan,Eq,AIR,0.0508757042388121,0.0506047299131751,0.052217811346054,0.0003794429508676,19.65574757070623,15,85729153,7,600037902,4200265314
"test_tpch_string_processing[op=FilterScan,col=l_shipmode,pred=Eq,val=AIR-device=cuda-encoding=CPlainEncoding-scale=100]","bench_test.py::TestStringColumnTensor::test_tpch_string_processing[op=FilterScan,col=l_shipmode,pred=Eq,val=AIR-device=cuda-encoding=CPlainEncoding-scale=100]",CPlainEncoding,cuda,100.0,l_shipmode,FilterScan,Eq,AIR,0.0633983685324589,0.0632917005568742,0.0635109459981322,6.154120747188303e-05,15.773276555027062,15,85729153,7,600037902,4200265314
"test_tpch_string_processing[op=FilterScan,col=l_shipmode,pred=Eq,val=AIR-device=cuda-encoding=DictionaryEncoding-scale=100]","bench_test.py::TestStringColumnTensor::test_tpch_string_processing[op=FilterScan,col=l_shipmode,pred=Eq,val=AIR-device=cuda-encoding=DictionaryEncoding-scale=100]",DictionaryEncoding,cuda,100.0,l_shipmode,FilterScan,Eq,AIR,0.0111134812488394,0.0110489837825298,0.0112205483019351,3.945810335182931e-05,89.9808059787233,59,85729153,8,600037902,4800303216
"test_tpch_string_processing[op=FilterScan,col=l_shipmode,pred=Eq,val=AIR-device=cuda-encoding=CDictionaryEncoding-scale=100]","bench_test.py::TestStringColumnTensor::test_tpch_string_processing[op=FilterScan,col=l_shipmode,pred=Eq,val=AIR-device=cuda-encoding=CDictionaryEncoding-scale=100]",CDictionaryEncoding,cuda,100.0,l_shipmode,FilterScan,Eq,AIR,0.0117920232670647,0.0117190741002559,0.0118926828727126,3.954106506717511e-05,84.80308911813367,56,85729153,8,600037902,4800303216
"test_tpch_string_processing[op=FilterScan,col=l_shipmode,pred=Eq,val=AIR-device=cpu-encoding=PlainEncoding-scale=1.0]","bench_test.py::TestStringColumnTensor::test_tpch_string_processing[op=FilterScan,col=l_shipmode,pred=Eq,val=AIR-device=cpu-encoding=PlainEncoding-scale=1.0]",PlainEncoding,cpu,1.0,l_shipmode,FilterScan,Eq,AIR,0.0166102067765886,0.0163196856155991,0.01789181958884,0.0002439963219033,60.203946492072255,61,858104,7,6001215,42008505
"test_tpch_string_processing[op=FilterScan,col=l_shipmode,pred=Eq,val=AIR-device=cpu-encoding=CPlainEncoding-scale=1.0]","bench_test.py::TestStringColumnTensor::test_tpch_string_processing[op=FilterScan,col=l_shipmode,pred=Eq,val=AIR-device=cpu-encoding=CPlainEncoding-scale=1.0]",CPlainEncoding,cpu,1.0,l_shipmode,FilterScan,Eq,AIR,0.030161147170207,0.0297056147828698,0.0306856045499444,0.0002323643829864,33.155237576234875,34,858104,7,6001215,42008505
"test_tpch_string_processing[op=FilterScan,col=l_shipmode,pred=Eq,val=AIR-device=cpu-encoding=DictionaryEncoding-scale=1.0]","bench_test.py::TestStringColumnTensor::test_tpch_string_processing[op=FilterScan,col=l_shipmode,pred=Eq,val=AIR-device=cpu-encoding=DictionaryEncoding-scale=1.0]",DictionaryEncoding,cpu,1.0,l_shipmode,FilterScan,Eq,AIR,0.0042243539707876,0.0040141073986887,0.0059236902743577,0.0001917912830641,236.7225869127525,238,858104,8,6001215,48009720
"test_tpch_string_processing[op=FilterScan,col=l_shipmode,pred=Eq,val=AIR-device=cpu-encoding=CDictionaryEncoding-scale=1.0]","bench_test.py::TestStringColumnTensor::test_tpch_string_processing[op=FilterScan,col=l_shipmode,pred=Eq,val=AIR-device=cpu-encoding=CDictionaryEncoding-scale=1.0]",CDictionaryEncoding,cpu,1.0,l_shipmode,FilterScan,Eq,AIR,0.0045994886037225,0.0043628886342048,0.006405534222722,0.0001983802245021,217.41547510100497,198,858104,8,6001215,48009720
"test_tpch_string_processing[op=FilterScan,col=l_shipmode,pred=Eq,val=AIR-device=cpu-encoding=PlainEncoding-scale=1]","bench_test.py::TestStringColumnTensor::test_tpch_string_processing[op=FilterScan,col=l_shipmode,pred=Eq,val=AIR-device=cpu-encoding=PlainEncoding-scale=1]",PlainEncoding,cpu,1.0,l_shipmode,FilterScan,Eq,AIR,0.0217172006833488,0.0209930734708905,0.0232072854414582,0.0003810932738365,46.04645021154712,46,858104,7,6001215,42008505
"test_tpch_string_processing[op=FilterScan,col=l_shipmode,pred=Eq,val=AIR-device=cpu-encoding=CPlainEncoding-scale=1]","bench_test.py::TestStringColumnTensor::test_tpch_string_processing[op=FilterScan,col=l_shipmode,pred=Eq,val=AIR-device=cpu-encoding=CPlainEncoding-scale=1]",CPlainEncoding,cpu,1.0,l_shipmode,FilterScan,Eq,AIR,0.0350368763159575,0.0343365734443068,0.0356381023302674,0.000361854503313,28.541357139892945,29,858104,7,6001215,42008505
"test_tpch_string_processing[op=FilterScan,col=l_shipmode,pred=Eq,val=AIR-device=cpu-encoding=DictionaryEncoding-scale=1]","bench_test.py::TestStringColumnTensor::test_tpch_string_processing[op=FilterScan,col=l_shipmode,pred=Eq,val=AIR-device=cpu-encoding=DictionaryEncoding-scale=1]",DictionaryEncoding,cpu,1.0,l_shipmode,FilterScan,Eq,AIR,0.0042701384339195,0.0039991876110434,0.0066829100251197,0.0002294490995846,234.18444518252147,234,858104,8,6001215,48009720
"test_tpch_string_processing[op=FilterScan,col=l_shipmode,pred=Eq,val=AIR-device=cpu-encoding=CDictionaryEncoding-scale=1]","bench_test.py::TestStringColumnTensor::test_tpch_string_processing[op=FilterScan,col=l_shipmode,pred=Eq,val=AIR-device=cpu-encoding=CDictionaryEncoding-scale=1]",CDictionaryEncoding,cpu,1.0,l_shipmode,FilterScan,Eq,AIR,0.0046531241184667,0.0044087450951337,0.0057525746524333,0.0002021784546397,214.909375838767,184,858104,8,6001215,48009720
"test_tpch_string_processing[op=FilterScan,col=l_shipmode,pred=Eq,val=AIR-device=cpu-encoding=PlainEncoding-scale=2]","bench_test.py::TestStringColumnTensor::test_tpch_string_processing[op=FilterScan,col=l_shipmode,pred=Eq,val=AIR-device=cpu-encoding=PlainEncoding-scale=2]",PlainEncoding,cpu,2.0,l_shipmode,FilterScan,Eq,AIR,0.0419284296610082,0.0411648787558078,0.0443254560232162,0.0006565307716416,23.85016582030403,24,1715532,7,11997996,83985972
"test_tpch_string_processing[op=FilterScan,col=l_shipmode,pred=Eq,val=AIR-device=cpu-encoding=CPlainEncoding-scale=2]","bench_test.py::TestStringColumnTensor::test_tpch_string_processing[op=FilterScan,col=l_shipmode,pred=Eq,val=AIR-device=cpu-encoding=CPlainEncoding-scale=2]",CPlainEncoding,cpu,2.0,l_shipmode,FilterScan,Eq,AIR,0.0703627282132705,0.0695013673976063,0.0711024338379502,0.0004862063883098,14.212069733410344,15,1715532,7,11997996,83985972
"test_tpch_string_processing[op=FilterScan,col=l_shipmode,pred=Eq,val=AIR-device=cpu-encoding=DictionaryEncoding-scale=2]","bench_test.py::TestStringColumnTensor::test_tpch_string_processing[op=FilterScan,col=l_shipmode,pred=Eq,val=AIR-device=cpu-encoding=DictionaryEncoding-scale=2]",DictionaryEncoding,cpu,2.0,l_shipmode,FilterScan,Eq,AIR,0.008381560716811,0.0081256674602627,0.009596899151802,0.0001746169279094,119.3095216734858,113,1715532,8,11997996,95983968
"test_tpch_string_processing[op=FilterScan,col=l_shipmode,pred=Eq,val=AIR-device=cpu-encoding=CDictionaryEncoding-scale=2]","bench_test.py::TestStringColumnTensor::test_tpch_string_processing[op=FilterScan,col=l_shipmode,pred=Eq,val=AIR-device=cpu-encoding=CDictionaryEncoding-scale=2]",CDictionaryEncoding,cpu,2.0,l_shipmode,FilterScan,Eq,AIR,0.0087600932456552,0.0084533486515283,0.009717890061438,0.0004065151119319,114.15403603106223,8,1715532,8,11997996,95983968
"test_tpch_string_processing[op=FilterScan,col=l_shipmode,pred=Eq,val=AIR-device=cpu-encoding=PlainEncoding-scale=3]","bench_test.py::TestStringColumnTensor::test_tpch_string_processing[op=FilterScan,col=l_shipmode,pred=Eq,val=AIR-device=cpu-encoding=PlainEncoding-scale=3]",PlainEncoding,cpu,3.0,l_shipmode,FilterScan,Eq,AIR,0.0620744860498234,0.0611856169998645,0.06466631218791,0.0009647500767262,16.109678285493334,16,2571601,7,17996609,125976263
"test_tpch_string_processing[op=FilterScan,col=l_shipmode,pred=Eq,val=AIR-device=cpu-encoding=CPlainEncoding-scale=3]","bench_test.py::TestStringColumnTensor::test_tpch_string_processing[op=FilterScan,col=l_shipmode,pred=Eq,val=AIR-device=cpu-encoding=CPlainEncoding-scale=3]",CPlainEncoding,cpu,3.0,l_shipmode,FilterScan,Eq,AIR,0.1047070264816284,0.1037481790408492,0.1060707364231348,0.0006328751709942,9.550457439219295,10,2571601,7,17996609,125976263
"test_tpch_string_processing[op=FilterScan,col=l_shipmode,pred=Eq,val=AIR-device=cpu-encoding=DictionaryEncoding-scale=3]","bench_test.py::TestStringColumnTensor::test_tpch_string_processing[op=FilterScan,col=l_shipmode,pred=Eq,val=AIR-device=cpu-encoding=DictionaryEncoding-scale=3]",DictionaryEncoding,cpu,3.0,l_shipmode,FilterScan,Eq,AIR,0.0122451201702157,0.011978798545897,0.0145836817100644,0.0003552015216227,81.66518466942733,78,2571601,8,17996609,143972872
"test_tpch_string_processing[op=FilterScan,col=l_shipmode,pred=Eq,val=AIR-device=cpu-encoding=CDictionaryEncoding-scale=3]","bench_test.py::TestStringColumnTensor::test_tpch_string_processing[op=FilterScan,col=l_shipmode,pred=Eq,val=AIR-device=cpu-encoding=CDictionaryEncoding-scale=3]",CDictionaryEncoding,cpu,3.0,l_shipmode,FilterScan,Eq,AIR,0.012554275705234,0.0122839082032442,0.01401003357023,0.0002911007928765,79.65413724211028,76,2571601,8,17996609,143972872
"test_tpch_string_processing[op=FilterScan,col=l_shipmode,pred=Eq,val=AIR-device=cpu-encoding=PlainEncoding-scale=4]","bench_test.py::TestStringColumnTensor::test_tpch_string_processing[op=FilterScan,col=l_shipmode,pred=Eq,val=AIR-device=cpu-encoding=PlainEncoding-scale=4]",PlainEncoding,cpu,4.0,l_shipmode,FilterScan,Eq,AIR,0.0818948396123372,0.0812078202143311,0.0837000580504536,0.0007468255018938,12.21078159177874,13,3427035,7,23996604,167976228
"test_tpch_string_processing[op=FilterScan,col=l_shipmode,pred=Eq,val=AIR-device=cpu-encoding=CPlainEncoding-scale=4]","bench_test.py::TestStringColumnTensor::test_tpch_string_processing[op=FilterScan,col=l_shipmode,pred=Eq,val=AIR-device=cpu-encoding=CPlainEncoding-scale=4]",CPlainEncoding,cpu,4.0,l_shipmode,FilterScan,Eq,AIR,0.1379315704107284,0.1369401197880506,0.1390166291967034,0.0006480325827721,7.249971830395538,8,3427035,7,23996604,167976228
"test_tpch_string_processing[op=FilterScan,col=l_shipmode,pred=Eq,val=AIR-device=cpu-encoding=DictionaryEncoding-scale=4]","bench_test.py::TestStringColumnTensor::test_tpch_string_processing[op=FilterScan,col=l_shipmode,pred=Eq,val=AIR-device=cpu-encoding=DictionaryEncoding-scale=4]",DictionaryEncoding,cpu,4.0,l_shipmode,FilterScan,Eq,AIR,0.0159614200718582,0.0157618476077914,0.0164730073884129,0.0001304634265604,62.65106710418016,63,3427035,8,23996604,191972832
"test_tpch_string_processing[op=FilterScan,col=l_shipmode,pred=Eq,val=AIR-device=cpu-encoding=CDictionaryEncoding-scale=4]","bench_test.py::TestStringColumnTensor::test_tpch_string_processing[op=FilterScan,col=l_shipmode,pred=Eq,val=AIR-device=cpu-encoding=CDictionaryEncoding-scale=4]",CDictionaryEncoding,cpu,4.0,l_shipmode,FilterScan,Eq,AIR,0.0166946686621682,0.016122531145811,0.0276036681607365,0.0019665895947617,59.89936190025135,51,3427035,8,23996604,191972832
"test_tpch_string_processing[op=FilterScan,col=l_shipmode,pred=Eq,val=AIR-device=cpu-encoding=PlainEncoding-scale=5]","bench_test.py::TestStringColumnTensor::test_tpch_string_processing[op=FilterScan,col=l_shipmode,pred=Eq,val=AIR-device=cpu-encoding=PlainEncoding-scale=5]",PlainEncoding,cpu,5.0,l_shipmode,FilterScan,Eq,AIR,0.1010906314477324,0.100159415975213,0.1043233750388026,0.0012144504952853,9.892113499330913,11,4285543,7,29999795,209998565
"test_tpch_string_processing[op=FilterScan,col=l_shipmode,pred=Eq,val=AIR-device=cpu-encoding=CPlainEncoding-scale=5]","bench_test.py::TestStringColumnTensor::test_tpch_string_processing[op=FilterScan,col=l_shipmode,pred=Eq,val=AIR-device=cpu-encoding=CPlainEncoding-scale=5]",CPlainEncoding,cpu,5.0,l_shipmode,FilterScan,Eq,AIR,0.1858323795410494,0.1838811337947845,0.1911605056375265,0.0026724935298399,5.381193538336548,6,4285543,7,29999795,209998565
"test_tpch_string_processing[op=FilterScan,col=l_shipmode,pred=Eq,val=AIR-device=cpu-encoding=DictionaryEncoding-scale=5]","bench_test.py::TestStringColumnTensor::test_tpch_string_processing[op=FilterScan,col=l_shipmode,pred=Eq,val=AIR-device=cpu-encoding=DictionaryEncoding-scale=5]",DictionaryEncoding,cpu,5.0,l_shipmode,FilterScan,Eq,AIR,0.0198245746832267,0.0195836964994668,0.0210080202668905,0.0002189351522878,50.442444086635646,51,4285543,8,29999795,239998360
"test_tpch_string_processing[op=FilterScan,col=l_shipmode,pred=Eq,val=AIR-device=cpu-encoding=CDictionaryEncoding-scale=5]","bench_test.py::TestStringColumnTensor::test_tpch_string_processing[op=FilterScan,col=l_shipmode,pred=Eq,val=AIR-device=cpu-encoding=CDictionaryEncoding-scale=5]",CDictionaryEncoding,cpu,5.0,l_shipmode,FilterScan,Eq,AIR,0.0202864198572933,0.0198916802182793,0.0269284313544631,0.0010158866064849,49.29406011679682,50,4285543,8,29999795,239998360
"test_tpch_string_processing[op=FilterScan,col=l_shipmode,pred=Eq,val=AIR-device=cpu-encoding=PlainEncoding-scale=6]","bench_test.py::TestStringColumnTensor::test_tpch_string_processing[op=FilterScan,col=l_shipmode,pred=Eq,val=AIR-device=cpu-encoding=PlainEncoding-scale=6]",PlainEncoding,cpu,6.0,l_shipmode,FilterScan,Eq,AIR,0.1197839077148172,0.1193843223154544,0.1201895596459508,0.000262336612122,8.34836681385291,9,5141780,7,36000148,252001036
"test_tpch_string_processing[op=FilterScan,col=l_shipmode,pred=Eq,val=AIR-device=cpu-encoding=CPlainEncoding-scale=6]","bench_test.py::TestStringColumnTensor::test_tpch_string_processing[op=FilterScan,col=l_shipmode,pred=Eq,val=AIR-device=cpu-encoding=CPlainEncoding-scale=6]",CPlainEncoding,cpu,6.0,l_shipmode,FilterScan,Eq,AIR,0.2187026837840676,0.2175811231136322,0.2201166450977325,0.0009671203839516,4.572417597706908,5,5141780,7,36000148,252001036
"test_tpch_string_processing[op=FilterScan,col=l_shipmode,pred=Eq,val=AIR-device=cpu-encoding=DictionaryEncoding-scale=6]","bench_test.py::TestStringColumnTensor::test_tpch_string_processing[op=FilterScan,col=l_shipmode,pred=Eq,val=AIR-device=cpu-encoding=DictionaryEncoding-scale=6]",DictionaryEncoding,cpu,6.0,l_shipmode,FilterScan,Eq,AIR,0.0236382450431931,0.0232481183484196,0.0287398789077997,0.0008181311100038,42.30432496882664,43,5141780,8,36000148,288001184
"test_tpch_string_processing[op=FilterScan,col=l_shipmode,pred=Eq,val=AIR-device=cpu-encoding=CDictionaryEncoding-scale=6]","bench_test.py::TestStringColumnTensor::test_tpch_string_processing[op=FilterScan,col=l_shipmode,pred=Eq,val=AIR-device=cpu-encoding=CDictionaryEncoding-scale=6]",CDictionaryEncoding,cpu,6.0,l_shipmode,FilterScan,Eq,AIR,0.0239218800047109,0.0236174305900931,0.0254241880029439,0.0003226674119183,41.80273455945228,43,5141780,8,36000148,288001184
"test_tpch_string_processing[op=FilterScan,col=l_shipmode,pred=Eq,val=AIR-device=cpu-encoding=PlainEncoding-scale=7]","bench_test.py::TestStringColumnTensor::test_tpch_string_processing[op=FilterScan,col=l_shipmode,pred=Eq,val=AIR-device=cpu-encoding=PlainEncoding-scale=7]",PlainEncoding,cpu,7.0,l_shipmode,FilterScan,Eq,AIR,0.1446867461449333,0.1422448251396417,0.1563468528911471,0.0051812910432102,6.911483094645694,7,5997233,7,41995307,293967149
"test_tpch_string_processing[op=FilterScan,col=l_shipmode,pred=Eq,val=AIR-device=cpu-encoding=CPlainEncoding-scale=7]","bench_test.py::TestStringColumnTensor::test_tpch_string_processing[op=FilterScan,col=l_shipmode,pred=Eq,val=AIR-device=cpu-encoding=CPlainEncoding-scale=7]",CPlainEncoding,cpu,7.0,l_shipmode,FilterScan,Eq,AIR,0.2772709673270583,0.274746055714786,0.2798683932051062,0.0019170959600562,3.606580269258548,5,5997233,7,41995307,293967149
"test_tpch_string_processing[op=FilterScan,col=l_shipmode,pred=Eq,val=AIR-device=cpu-encoding=DictionaryEncoding-scale=7]","bench_test.py::TestStringColumnTensor::test_tpch_string_processing[op=FilterScan,col=l_shipmode,pred=Eq,val=AIR-device=cpu-encoding=DictionaryEncoding-scale=7]",DictionaryEncoding,cpu,7.0,l_shipmode,FilterScan,Eq,AIR,0.0320377599447965,0.0316592883318662,0.0334909642115235,0.0003534476469181,31.21316851499837,30,5997233,8,41995307,335962456
"test_tpch_string_processing[op=FilterScan,col=l_shipmode,pred=Eq,val=AIR-device=cpu-encoding=CDictionaryEncoding-scale=7]","bench_test.py::TestStringColumnTensor::test_tpch_string_processing[op=FilterScan,col=l_shipmode,pred=Eq,val=AIR-device=cpu-encoding=CDictionaryEncoding-scale=7]",CDictionaryEncoding,cpu,7.0,l_shipmode,FilterScan,Eq,AIR,0.0322371633956208,0.0318480059504509,0.0327612292021513,0.0002311778980417,31.02009899964836,32,5997233,8,41995307,335962456
"test_tpch_string_processing[op=FilterScan,col=l_shipmode,pred=Eq,val=AIR-device=cpu-encoding=PlainEncoding-scale=8]","bench_test.py::TestStringColumnTensor::test_tpch_string_processing[op=FilterScan,col=l_shipmode,pred=Eq,val=AIR-device=cpu-encoding=PlainEncoding-scale=8]",PlainEncoding,cpu,8.0,l_shipmode,FilterScan,Eq,AIR,0.1615556692704558,0.1607427224516868,0.1627068696543574,0.0006676090330468,6.189816826086913,7,6853099,7,47989007,335923049
"test_tpch_string_processing[op=FilterScan,col=l_shipmode,pred=Eq,val=AIR-device=cpu-encoding=CPlainEncoding-scale=8]","bench_test.py::TestStringColumnTensor::test_tpch_string_processing[op=FilterScan,col=l_shipmode,pred=Eq,val=AIR-device=cpu-encoding=CPlainEncoding-scale=8]",CPlainEncoding,cpu,8.0,l_shipmode,FilterScan,Eq,AIR,0.3393024334684014,0.3368449276313185,0.3434039009734988,0.0024856487803493,2.947223188993509,5,6853099,7,47989007,335923049
"test_tpch_string_processing[op=FilterScan,col=l_shipmode,pred=Eq,val=AIR-device=cpu-encoding=DictionaryEncoding-scale=8]","bench_test.py::TestStringColumnTensor::test_tpch_string_processing[op=FilterScan,col=l_shipmode,pred=Eq,val=AIR-device=cpu-encoding=DictionaryEncoding-scale=8]",DictionaryEncoding,cpu,8.0,l_shipmode,FilterScan,Eq,AIR,0.036425872206954,0.036078231409192,0.0369642032310366,0.0002273175027868,27.45301455840201,28,6853099,8,47989007,383912056
"test_tpch_string_processing[op=FilterScan,col=l_shipmode,pred=Eq,val=AIR-device=cpu-encoding=CDictionaryEncoding-scale=8]","bench_test.py::TestStringColumnTensor::test_tpch_string_processing[op=FilterScan,col=l_shipmode,pred=Eq,val=AIR-device=cpu-encoding=CDictionaryEncoding-scale=8]",CDictionaryEncoding,cpu,8.0,l_shipmode,FilterScan,Eq,AIR,0.0368863457946905,0.0363870793953537,0.039986265823245,0.000649470472992,27.11030270024585,28,6853099,8,47989007,383912056
"test_tpch_string_processing[op=FilterScan,col=l_shipmode,pred=Eq,val=AIR-device=cpu-encoding=PlainEncoding-scale=9]","bench_test.py::TestStringColumnTensor::test_tpch_string_processing[op=FilterScan,col=l_shipmode,pred=Eq,val=AIR-device=cpu-encoding=PlainEncoding-scale=9]",PlainEncoding,cpu,9.0,l_shipmode,FilterScan,Eq,AIR,0.1848294079924623,0.1845547901466488,0.1852853270247578,0.0002683489500785,5.410394432691046,6,7709685,7,53986608,377906256
"test_tpch_string_processing[op=FilterScan,col=l_shipmode,pred=Eq,val=AIR-device=cpu-encoding=CPlainEncoding-scale=9]","bench_test.py::TestStringColumnTensor::test_tpch_string_processing[op=FilterScan,col=l_shipmode,pred=Eq,val=AIR-device=cpu-encoding=CPlainEncoding-scale=9]",CPlainEncoding,cpu,9.0,l_shipmode,FilterScan,Eq,AIR,0.3785593727603554,0.3770634718239307,0.3797206645831465,0.0010032599905016,2.641593556932068,5,7709685,7,53986608,377906256
"test_tpch_string_processing[op=FilterScan,col=l_shipmode,pred=Eq,val=AIR-device=cpu-encoding=DictionaryEncoding-scale=9]","bench_test.py::TestStringColumnTensor::test_tpch_string_processing[op=FilterScan,col=l_shipmode,pred=Eq,val=AIR-device=cpu-encoding=DictionaryEncoding-scale=9]",DictionaryEncoding,cpu,9.0,l_shipmode,FilterScan,Eq,AIR,0.0452737477405563,0.0444111423566937,0.049985478632152,0.001189771486537,22.087855543361545,23,7709685,8,53986608,431892864
"test_tpch_string_processing[op=FilterScan,col=l_shipmode,pred=Eq,val=AIR-device=cpu-encoding=CDictionaryEncoding-scale=9]","bench_test.py::TestStringColumnTensor::test_tpch_string_processing[op=FilterScan,col=l_shipmode,pred=Eq,val=AIR-device=cpu-encoding=CDictionaryEncoding-scale=9]",CDictionaryEncoding,cpu,9.0,l_shipmode,FilterScan,Eq,AIR,0.0456166259775107,0.0448266807943582,0.0479224352166056,0.0007958032608015,21.92183175697837,22,7709685,8,53986608,431892864
"test_tpch_string_processing[op=FilterScan,col=l_shipmode,pred=Eq,val=AIR-device=cpu-encoding=PlainEncoding-scale=10_0]","bench_test.py::TestStringColumnTensor::test_tpch_string_processing[op=FilterScan,col=l_shipmode,pred=Eq,val=AIR-device=cpu-encoding=PlainEncoding-scale=10_0]",PlainEncoding,cpu,10.0,l_shipmode,FilterScan,Eq,AIR,0.205689612403512,0.2050164928659796,0.2069387910887599,0.0007352103357006,4.861694221282542,5,8566164,7,59986052,419902364
"test_tpch_string_processing[op=FilterScan,col=l_shipmode,pred=Eq,val=AIR-device=cpu-encoding=CPlainEncoding-scale=10_0]","bench_test.py::TestStringColumnTensor::test_tpch_string_processing[op=FilterScan,col=l_shipmode,pred=Eq,val=AIR-device=cpu-encoding=CPlainEncoding-scale=10_0]",CPlainEncoding,cpu,10.0,l_shipmode,FilterScan,Eq,AIR,0.4172113424167037,0.4158317996188998,0.4185061231255531,0.0011746011549554,2.396866763514825,5,8566164,7,59986052,419902364
"test_tpch_string_processing[op=FilterScan,col=l_shipmode,pred=Eq,val=AIR-device=cpu-encoding=DictionaryEncoding-scale=10_0]","bench_test.py::TestStringColumnTensor::test_tpch_string_processing[op=FilterScan,col=l_shipmode,pred=Eq,val=AIR-device=cpu-encoding=DictionaryEncoding-scale=10_0]",DictionaryEncoding,cpu,10.0,l_shipmode,FilterScan,Eq,AIR,0.0500394067771378,0.0495535181835293,0.0513419024646282,0.000450265499162,19.984249702514138,21,8566164,8,59986052,479888416
"test_tpch_string_processing[op=FilterScan,col=l_shipmode,pred=Eq,val=AIR-device=cpu-encoding=CDictionaryEncoding-scale=10_0]","bench_test.py::TestStringColumnTensor::test_tpch_string_processing[op=FilterScan,col=l_shipmode,pred=Eq,val=AIR-device=cpu-encoding=CDictionaryEncoding-scale=10_0]",CDictionaryEncoding,cpu,10.0,l_shipmode,FilterScan,Eq,AIR,0.0501348621522386,0.0496835801750421,0.0513490606099367,0.0004000454726707,19.94620025010574,21,8566164,8,59986052,479888416
"test_tpch_string_processing[op=FilterScan,col=l_shipmode,pred=Eq,val=AIR-device=cpu-encoding=PlainEncoding-scale=10_1]","bench_test.py::TestStringColumnTensor::test_tpch_string_processing[op=FilterScan,col=l_shipmode,pred=Eq,val=AIR-device=cpu-encoding=PlainEncoding-scale=10_1]",PlainEncoding,cpu,10.0,l_shipmode,FilterScan,Eq,AIR,0.2059749614447355,0.2056477777659893,0.206190999597311,0.000199111872013,4.85495903475776,5,8566164,7,59986052,419902364
"test_tpch_string_processing[op=FilterScan,col=l_shipmode,pred=Eq,val=AIR-device=cpu-encoding=CPlainEncoding-scale=10_1]","bench_test.py::TestStringColumnTensor::test_tpch_string_processing[op=FilterScan,col=l_shipmode,pred=Eq,val=AIR-device=cpu-encoding=CPlainEncoding-scale=10_1]",CPlainEncoding,cpu,10.0,l_shipmode,FilterScan,Eq,AIR,0.41973891351372,0.4176115011796355,0.4218051573261618,0.0015876129276662,2.382433383716549,5,8566164,7,59986052,419902364
"test_tpch_string_processing[op=FilterScan,col=l_shipmode,pred=Eq,val=AIR-device=cpu-encoding=DictionaryEncoding-scale=10_1]","bench_test.py::TestStringColumnTensor::test_tpch_string_processing[op=FilterScan,col=l_shipmode,pred=Eq,val=AIR-device=cpu-encoding=DictionaryEncoding-scale=10_1]",DictionaryEncoding,cpu,10.0,l_shipmode,FilterScan,Eq,AIR,0.0499234019911715,0.0493359714746475,0.0506620071828365,0.0003929637061521,20.030686213588588,21,8566164,8,59986052,479888416
"test_tpch_string_processing[op=FilterScan,col=l_shipmode,pred=Eq,val=AIR-device=cpu-encoding=CDictionaryEncoding-scale=10_1]","bench_test.py::TestStringColumnTensor::test_tpch_string_processing[op=FilterScan,col=l_shipmode,pred=Eq,val=AIR-device=cpu-encoding=CDictionaryEncoding-scale=10_1]",CDictionaryEncoding,cpu,10.0,l_shipmode,FilterScan,Eq,AIR,0.0501500317117288,0.0495420005172491,0.0513771129772067,0.0004221453676149,19.940166852698635,21,8566164,8,59986052,479888416
"test_tpch_string_processing[op=FilterScan,col=l_shipmode,pred=Eq,val=AIR-device=cpu-encoding=PlainEncoding-scale=20]","bench_test.py::TestStringColumnTensor::test_tpch_string_processing[op=FilterScan,col=l_shipmode,pred=Eq,val=AIR-device=cpu-encoding=PlainEncoding-scale=20]",PlainEncoding,cpu,20.0,l_shipmode,FilterScan,Eq,AIR,0.4102212725207209,0.4077266156673431,0.413793908432126,0.0022383356925782,2.437708785444539,5,17143690,7,119994608,839962256
"test_tpch_string_processing[op=FilterScan,col=l_shipmode,pred=Eq,val=AIR-device=cpu-encoding=CPlainEncoding-scale=20]","bench_test.py::TestStringColumnTensor::test_tpch_string_processing[op=FilterScan,col=l_shipmode,pred=Eq,val=AIR-device=cpu-encoding=CPlainEncoding-scale=20]",CPlainEncoding,cpu,20.0,l_shipmode,FilterScan,Eq,AIR,0.807910542562604,0.8003204064443707,0.8225861834362149,0.0088780819632056,1.2377608006303635,5,17143690,7,119994608,839962256
"test_tpch_string_processing[op=FilterScan,col=l_shipmode,pred=Eq,val=AIR-device=cpu-encoding=DictionaryEncoding-scale=20]","bench_test.py::TestStringColumnTensor::test_tpch_string_processing[op=FilterScan,col=l_shipmode,pred=Eq,val=AIR-device=cpu-encoding=DictionaryEncoding-scale=20]",DictionaryEncoding,cpu,20.0,l_shipmode,FilterScan,Eq,AIR,0.0967959063127636,0.0962807070463895,0.0971691217273473,0.0003056339477503,10.331015412664597,11,17143690,8,119994608,959956864
"test_tpch_string_processing[op=FilterScan,col=l_shipmode,pred=Eq,val=AIR-device=cpu-encoding=CDictionaryEncoding-scale=20]","bench_test.py::TestStringColumnTensor::test_tpch_string_processing[op=FilterScan,col=l_shipmode,pred=Eq,val=AIR-device=cpu-encoding=CDictionaryEncoding-scale=20]",CDictionaryEncoding,cpu,20.0,l_shipmode,FilterScan,Eq,AIR,0.0984520649706775,0.0962316142395138,0.1094931559637188,0.0038155001195862,10.157227279060471,11,17143690,8,119994608,959956864
"test_tpch_string_processing[op=FilterScan,col=l_shipmode,pred=Eq,val=AIR-device=cpu-encoding=PlainEncoding-scale=30]","bench_test.py::TestStringColumnTensor::test_tpch_string_processing[op=FilterScan,col=l_shipmode,pred=Eq,val=AIR-device=cpu-encoding=PlainEncoding-scale=30]",PlainEncoding,cpu,30.0,l_shipmode,FilterScan,Eq,AIR,0.6169470395892859,0.6147591238841414,0.6192763149738312,0.0020490190458854,1.6208846721522812,5,25713820,7,179998372,1259988604
"test_tpch_string_processing[op=FilterScan,col=l_shipmode,pred=Eq,val=AIR-device=cpu-encoding=CPlainEncoding-scale=30]","bench_test.py::TestStringColumnTensor::test_tpch_string_processing[op=FilterScan,col=l_shipmode,pred=Eq,val=AIR-device=cpu-encoding=CPlainEncoding-scale=30]",CPlainEncoding,cpu,30.0,l_shipmode,FilterScan,Eq,AIR,1.1807491013780236,1.1752937259152532,1.1887952042743564,0.0063560286669886,0.8469199754909187,5,25713820,7,179998372,1259988604
"test_tpch_string_processing[op=FilterScan,col=l_shipmode,pred=Eq,val=AIR-device=cpu-encoding=DictionaryEncoding-scale=30]","bench_test.py::TestStringColumnTensor::test_tpch_string_processing[op=FilterScan,col=l_shipmode,pred=Eq,val=AIR-device=cpu-encoding=DictionaryEncoding-scale=30]",DictionaryEncoding,cpu,30.0,l_shipmode,FilterScan,Eq,AIR,0.1425783723825588,0.1417273413389921,0.1450196169316768,0.0010805932346452,7.013686460923063,8,25713820,8,179998372,1439986976
"test_tpch_string_processing[op=FilterScan,col=l_shipmode,pred=Eq,val=AIR-device=cpu-encoding=CDictionaryEncoding-scale=30]","bench_test.py::TestStringColumnTensor::test_tpch_string_processing[op=FilterScan,col=l_shipmode,pred=Eq,val=AIR-device=cpu-encoding=CDictionaryEncoding-scale=30]",CDictionaryEncoding,cpu,30.0,l_shipmode,FilterScan,Eq,AIR,0.1427727058762684,0.1410547662526369,0.1453834474086761,0.0013292725464695,7.004139858963191,8,25713820,8,179998372,1439986976
"test_tpch_string_processing[op=FilterScan,col=l_shipmode,pred=Eq,val=AIR-device=cpu-encoding=PlainEncoding-scale=40]","bench_test.py::TestStringColumnTensor::test_tpch_string_processing[op=FilterScan,col=l_shipmode,pred=Eq,val=AIR-device=cpu-encoding=PlainEncoding-scale=40]",PlainEncoding,cpu,40.0,l_shipmode,FilterScan,Eq,AIR,0.8263358497992158,0.8217980498448014,0.8337731817737222,0.0048570205513836,1.2101617039161272,5,34289827,7,240012290,1680086030
"test_tpch_string_processing[op=FilterScan,col=l_shipmode,pred=Eq,val=AIR-device=cpu-encoding=CPlainEncoding-scale=40]","bench_test.py::TestStringColumnTensor::test_tpch_string_processing[op=FilterScan,col=l_shipmode,pred=Eq,val=AIR-device=cpu-encoding=CPlainEncoding-scale=40]",CPlainEncoding,cpu,40.0,l_shipmode,FilterScan,Eq,AIR,1.6192944889888168,1.5998839577659965,1.643020037561655,0.0169186579336114,0.6175528952886508,5,34289827,7,240012290,1680086030
"test_tpch_string_processing[op=FilterScan,col=l_shipmode,pred=Eq,val=AIR-device=cpu-encoding=DictionaryEncoding-scale=40]","bench_test.py::TestStringColumnTensor::test_tpch_string_processing[op=FilterScan,col=l_shipmode,pred=Eq,val=AIR-device=cpu-encoding=DictionaryEncoding-scale=40]",DictionaryEncoding,cpu,40.0,l_shipmode,FilterScan,Eq,AIR,0.1975504683330655,0.1925804279744625,0.2014223951846361,0.0033146418807686,5.061997617307711,5,34289827,8,240012290,1920098320
"test_tpch_string_processing[op=FilterScan,col=l_shipmode,pred=Eq,val=AIR-device=cpu-encoding=CDictionaryEncoding-scale=40]","bench_test.py::TestStringColumnTensor::test_tpch_string_processing[op=FilterScan,col=l_shipmode,pred=Eq,val=AIR-device=cpu-encoding=CDictionaryEncoding-scale=40]",CDictionaryEncoding,cpu,40.0,l_shipmode,FilterScan,Eq,AIR,0.1826453610944251,0.1793895997107029,0.1878373194485902,0.0034899274323644,5.475091149361378,6,34289827,8,240012290,1920098320
"test_tpch_string_processing[op=FilterScan,col=l_shipmode,pred=Eq,val=AIR-device=cpu-encoding=PlainEncoding-scale=50]","bench_test.py::TestStringColumnTensor::test_tpch_string_processing[op=FilterScan,col=l_shipmode,pred=Eq,val=AIR-device=cpu-encoding=PlainEncoding-scale=50]",PlainEncoding,cpu,50.0,l_shipmode,FilterScan,Eq,AIR,1.0532137218862772,1.039051491767168,1.0803047670051455,0.0160673938956539,0.9494749063931937,5,42860070,7,300005811,2100040677
"test_tpch_string_processing[op=FilterScan,col=l_shipmode,pred=Eq,val=AIR-device=cpu-encoding=CPlainEncoding-scale=50]","bench_test.py::TestStringColumnTensor::test_tpch_string_processing[op=FilterScan,col=l_shipmode,pred=Eq,val=AIR-device=cpu-encoding=CPlainEncoding-scale=50]",CPlainEncoding,cpu,50.0,l_shipmode,FilterScan,Eq,AIR,2.1009011244401337,2.086749060079456,2.1183833135291934,0.0132593063731155,0.4759862272273706,5,42860070,7,300005811,2100040677
"test_tpch_string_processing[op=FilterScan,col=l_shipmode,pred=Eq,val=AIR-device=cpu-encoding=DictionaryEncoding-scale=50]","bench_test.py::TestStringColumnTensor::test_tpch_string_processing[op=FilterScan,col=l_shipmode,pred=Eq,val=AIR-device=cpu-encoding=DictionaryEncoding-scale=50]",DictionaryEncoding,cpu,50.0,l_shipmode,FilterScan,Eq,AIR,0.2309520805254578,0.2276937076821923,0.2384849209338426,0.0043945362991542,4.329902539629947,5,42860070,8,300005811,2400046488
"test_tpch_string_processing[op=FilterScan,col=l_shipmode,pred=Eq,val=AIR-device=cpu-encoding=CDictionaryEncoding-scale=50]","bench_test.py::TestStringColumnTensor::test_tpch_string_processing[op=FilterScan,col=l_shipmode,pred=Eq,val=AIR-device=cpu-encoding=CDictionaryEncoding-scale=50]",CDictionaryEncoding,cpu,50.0,l_shipmode,FilterScan,Eq,AIR,0.2468073038384318,0.2422014484182,0.2616570638492703,0.0083376256881911,4.05174394941988,5,42860070,8,300005811,2400046488
"test_tpch_string_processing[op=FilterScan,col=l_shipmode,pred=Eq,val=AIR-device=cpu-encoding=PlainEncoding-scale=60]","bench_test.py::TestStringColumnTensor::test_tpch_string_processing[op=FilterScan,col=l_shipmode,pred=Eq,val=AIR-device=cpu-encoding=PlainEncoding-scale=60]",PlainEncoding,cpu,60.0,l_shipmode,FilterScan,Eq,AIR,1.286348944529891,1.2789637064561248,1.3044242728501558,0.0104538394644114,0.7773940377938895,5,51432481,7,360011594,2520081158
"test_tpch_string_processing[op=FilterScan,col=l_shipmode,pred=Eq,val=AIR-device=cpu-encoding=CPlainEncoding-scale=60]","bench_test.py::TestStringColumnTensor::test_tpch_string_processing[op=FilterScan,col=l_shipmode,pred=Eq,val=AIR-device=cpu-encoding=CPlainEncoding-scale=60]",CPlainEncoding,cpu,60.0,l_shipmode,FilterScan,Eq,AIR,2.537414745427668,2.529612368904054,2.5534365717321634,0.0095079156615096,0.3941019109319691,5,51432481,7,360011594,2520081158
"test_tpch_string_processing[op=FilterScan,col=l_shipmode,pred=Eq,val=AIR-device=cpu-encoding=DictionaryEncoding-scale=60]","bench_test.py::TestStringColumnTensor::test_tpch_string_processing[op=FilterScan,col=l_shipmode,pred=Eq,val=AIR-device=cpu-encoding=DictionaryEncoding-scale=60]",DictionaryEncoding,cpu,60.0,l_shipmode,FilterScan,Eq,AIR,0.3020365417003631,0.2896234849467873,0.313333049416542,0.0100503066394649,3.31085766765286,5,51432481,8,360011594,2880092752
"test_tpch_string_processing[op=FilterScan,col=l_shipmode,pred=Eq,val=AIR-device=cpu-encoding=CDictionaryEncoding-scale=60]","bench_test.py::TestStringColumnTensor::test_tpch_string_processing[op=FilterScan,col=l_shipmode,pred=Eq,val=AIR-device=cpu-encoding=CDictionaryEncoding-scale=60]",CDictionaryEncoding,cpu,60.0,l_shipmode,FilterScan,Eq,AIR,0.2983252657577395,0.289884072728455,0.308266376145184,0.008667055083079,3.3520459538015404,5,51432481,8,360011594,2880092752
"test_tpch_string_processing[op=FilterScan,col=l_shipmode,pred=Eq,val=AIR-device=cpu-encoding=PlainEncoding-scale=70]","bench_test.py::TestStringColumnTensor::test_tpch_string_processing[op=FilterScan,col=l_shipmode,pred=Eq,val=AIR-device=cpu-encoding=PlainEncoding-scale=70]",PlainEncoding,cpu,70.0,l_shipmode,FilterScan,Eq,AIR,1.4994809670373797,1.469194463454187,1.534958640113473,0.0274166978590532,0.6668974278318209,5,60005955,7,420017438,2940122066
"test_tpch_string_processing[op=FilterScan,col=l_shipmode,pred=Eq,val=AIR-device=cpu-encoding=CPlainEncoding-scale=70]","bench_test.py::TestStringColumnTensor::test_tpch_string_processing[op=FilterScan,col=l_shipmode,pred=Eq,val=AIR-device=cpu-encoding=CPlainEncoding-scale=70]",CPlainEncoding,cpu,70.0,l_shipmode,FilterScan,Eq,AIR,2.9432242276147007,2.8997527733445168,3.00072411634028,0.0421467338120452,0.3397634439868815,5,60005955,7,420017438,2940122066
"test_tpch_string_processing[op=FilterScan,col=l_shipmode,pred=Eq,val=AIR-device=cpu-encoding=DictionaryEncoding-scale=70]","bench_test.py::TestStringColumnTensor::test_tpch_string_processing[op=FilterScan,col=l_shipmode,pred=Eq,val=AIR-device=cpu-encoding=DictionaryEncoding-scale=70]",DictionaryEncoding,cpu,70.0,l_shipmode,FilterScan,Eq,AIR,0.3374990819022059,0.3290656236931681,0.3503373451530933,0.0084729117972237,2.9629710231026967,5,60005955,8,420017438,3360139504
"test_tpch_string_processing[op=FilterScan,col=l_shipmode,pred=Eq,val=AIR-device=cpu-encoding=CDictionaryEncoding-scale=70]","bench_test.py::TestStringColumnTensor::test_tpch_string_processing[op=FilterScan,col=l_shipmode,pred=Eq,val=AIR-device=cpu-encoding=CDictionaryEncoding-scale=70]",CDictionaryEncoding,cpu,70.0,l_shipmode,FilterScan,Eq,AIR,0.3217038879171013,0.3212982341647148,0.322343417443335,0.0004535421169385,3.1084485999674523,5,60005955,8,420017438,3360139504
"test_tpch_string_processing[op=FilterScan,col=l_shipmode,pred=Eq,val=AIR-device=cpu-encoding=PlainEncoding-scale=80]","bench_test.py::TestStringColumnTensor::test_tpch_string_processing[op=FilterScan,col=l_shipmode,pred=Eq,val=AIR-device=cpu-encoding=PlainEncoding-scale=80]",PlainEncoding,cpu,80.0,l_shipmode,FilterScan,Eq,AIR,1.70514704156667,1.6871031122282147,1.732812561094761,0.0193421225309524,0.5864596868321756,5,68580321,7,480025129,3360175903
"test_tpch_string_processing[op=FilterScan,col=l_shipmode,pred=Eq,val=AIR-device=cpu-encoding=CPlainEncoding-scale=80]","bench_test.py::TestStringColumnTensor::test_tpch_string_processing[op=FilterScan,col=l_shipmode,pred=Eq,val=AIR-device=cpu-encoding=CPlainEncoding-scale=80]",CPlainEncoding,cpu,80.0,l_shipmode,FilterScan,Eq,AIR,3.354019810818136,3.3369791340082884,3.391504599712789,0.0223143114299405,0.2981496998838754,5,68580321,7,480025129,3360175903
"test_tpch_string_processing[op=FilterScan,col=l_shipmode,pred=Eq,val=AIR-device=cpu-encoding=DictionaryEncoding-scale=80]","bench_test.py::TestStringColumnTensor::test_tpch_string_processing[op=FilterScan,col=l_shipmode,pred=Eq,val=AIR-device=cpu-encoding=DictionaryEncoding-scale=80]",DictionaryEncoding,cpu,80.0,l_shipmode,FilterScan,Eq,AIR,0.3122499495744705,0.2797418721020221,0.4336496787145734,0.0679359484180127,3.2025625668243816,5,68580321,8,480025129,3840201032
"test_tpch_string_processing[op=FilterScan,col=l_shipmode,pred=Eq,val=AIR-device=cpu-encoding=CDictionaryEncoding-scale=80]","bench_test.py::TestStringColumnTensor::test_tpch_string_processing[op=FilterScan,col=l_shipmode,pred=Eq,val=AIR-device=cpu-encoding=CDictionaryEncoding-scale=80]",CDictionaryEncoding,cpu,80.0,l_shipmode,FilterScan,Eq,AIR,0.3003670768812299,0.2991958511993289,0.3011824488639831,0.0007392358074864,3.32925968579245,5,68580321,8,480025129,3840201032
"test_tpch_string_processing[op=FilterScan,col=l_shipmode,pred=Eq,val=AIR-device=cpu-encoding=PlainEncoding-scale=90]","bench_test.py::TestStringColumnTensor::test_tpch_string_processing[op=FilterScan,col=l_shipmode,pred=Eq,val=AIR-device=cpu-encoding=PlainEncoding-scale=90]",PlainEncoding,cpu,90.0,l_shipmode,FilterScan,Eq,AIR,1.473357066884637,1.449773478321731,1.4948275042697787,0.0169199615369757,0.6787220983128454,5,77156646,7,540030432,3780213024
"test_tpch_string_processing[op=FilterScan,col=l_shipmode,pred=Eq,val=AIR-device=cpu-encoding=CPlainEncoding-scale=90]","bench_test.py::TestStringColumnTensor::test_tpch_string_processing[op=FilterScan,col=l_shipmode,pred=Eq,val=AIR-device=cpu-encoding=CPlainEncoding-scale=90]",CPlainEncoding,cpu,90.0,l_shipmode,FilterScan,Eq,AIR,2.537051204033196,2.523777303285897,2.563286949880421,0.0169737977226397,0.3941583829330216,5,77156646,7,540030432,3780213024
"test_tpch_string_processing[op=FilterScan,col=l_shipmode,pred=Eq,val=AIR-device=cpu-encoding=DictionaryEncoding-scale=90]","bench_test.py::TestStringColumnTensor::test_tpch_string_processing[op=FilterScan,col=l_shipmode,pred=Eq,val=AIR-device=cpu-encoding=DictionaryEncoding-scale=90]",DictionaryEncoding,cpu,90.0,l_shipmode,FilterScan,Eq,AIR,0.3572489710524678,0.3442418929189443,0.3683018051087856,0.011307227675843,2.7991683140583032,5,77156646,8,540030432,4320243456
"test_tpch_string_processing[op=FilterScan,col=l_shipmode,pred=Eq,val=AIR-device=cpu-encoding=CDictionaryEncoding-scale=90]","bench_test.py::TestStringColumnTensor::test_tpch_string_processing[op=FilterScan,col=l_shipmode,pred=Eq,val=AIR-device=cpu-encoding=CDictionaryEncoding-scale=90]",CDictionaryEncoding,cpu,90.0,l_shipmode,FilterScan,Eq,AIR,0.3252710500732064,0.3237534752115607,0.3279887000098824,0.0016212460872845,3.0743590607738907,5,77156646,8,540030432,4320243456
"test_tpch_string_processing[op=FilterScan,col=l_shipmode,pred=Eq,val=AIR-device=cpu-encoding=PlainEncoding-scale=100]","bench_test.py::TestStringColumnTensor::test_tpch_string_processing[op=FilterScan,col=l_shipmode,pred=Eq,val=AIR-device=cpu-encoding=PlainEncoding-scale=100]",PlainEncoding,cpu,100.0,l_shipmode,FilterScan,Eq,AIR,1.636914562061429,1.6040840288624167,1.6863554129377007,0.0440325457047615,0.6109054334153285,5,85729153,7,600037902,4200265314
"test_tpch_string_processing[op=FilterScan,col=l_shipmode,pred=Eq,val=AIR-device=cpu-encoding=CPlainEncoding-scale=100]","bench_test.py::TestStringColumnTensor::test_tpch_string_processing[op=FilterScan,col=l_shipmode,pred=Eq,val=AIR-device=cpu-encoding=CPlainEncoding-scale=100]",CPlainEncoding,cpu,100.0,l_shipmode,FilterScan,Eq,AIR,2.828070824407041,2.8002783292904496,2.8646544264629483,0.0262600429827033,0.3535979337468216,5,85729153,7,600037902,4200265314
"test_tpch_string_processing[op=FilterScan,col=l_shipmode,pred=Eq,val=AIR-device=cpu-encoding=DictionaryEncoding-scale=100]","bench_test.py::TestStringColumnTensor::test_tpch_string_processing[op=FilterScan,col=l_shipmode,pred=Eq,val=AIR-device=cpu-encoding=DictionaryEncoding-scale=100]",DictionaryEncoding,cpu,100.0,l_shipmode,FilterScan,Eq,AIR,0.3924108738079667,0.3763029687106609,0.4047697214409709,0.0140114427148381,2.5483493622283464,5,85729153,8,600037902,4800303216
"test_tpch_string_processing[op=FilterScan,col=l_shipmode,pred=Eq,val=AIR-device=cpu-encoding=CDictionaryEncoding-scale=100]","bench_test.py::TestStringColumnTensor::test_tpch_string_processing[op=FilterScan,col=l_shipmode,pred=Eq,val=AIR-device=cpu-encoding=CDictionaryEncoding-scale=100]",CDictionaryEncoding,cpu,100.0,l_shipmode,FilterScan,Eq,AIR,0.4461613737046718,0.36007294151932,0.523949708789587,0.0644634853876908,2.2413414942144483,5,85729153,8,600037902,4800303216
