name,param:col,param:device,param:group,param:predicate,param:return_mask,param:scale,param:tensor_cls,param:torch_compile,col,op,pred,val,tuple_count,query_result_size,tuple_element_size_bytes,total_size_bytes,stage,error,min,max,mean,stddev,median,iqr,outliers,ops,rounds,iterations
bench_test.py::TestStringColumnTensor::test_tpch_string_processing[10-l_shipmode-eq-cuda-CPlainEncoding-mask-compile],l_shipmode,cuda,,eq,True,10,CPlainEncoding,True,l_shipmode,FilterScan,Eq,TRUCK,59986052,59986052,7,419902364,,,0.00041454700021859026,0.0024023779997150996,0.0004193562544578641,4.210799374637854e-05,0.00041743200017663185,1.659749841564917e-06,7;202,2384.607334145478,2303,1
bench_test.py::TestStringColumnTensor::test_tpch_string_processing[20-l_shipmode-eq-cuda-CPlainEncoding-mask-compile],l_shipmode,cuda,,eq,True,20,CPlainEncoding,True,l_shipmode,FilterScan,Eq,TRUCK,119994608,119994608,7,839962256,,,0.0007537800001955475,0.0024185789998227847,0.0007603478443953685,5.121002704707925e-05,0.0007575770005132654,2.096749767588335e-06,7;88,1315.187525513673,1311,1
bench_test.py::TestStringColumnTensor::test_tpch_string_processing[30-l_shipmode-eq-cuda-CPlainEncoding-mask-compile],l_shipmode,cuda,,eq,True,30,CPlainEncoding,True,l_shipmode,FilterScan,Eq,TRUCK,179998372,179998372,7,1259988604,,,0.0011044359998777509,0.0019253630007369793,0.0011099753407683023,2.736176707784243e-05,0.0011085030000685947,2.0529996618279256e-06,1;61,900.9209153311643,898,1
bench_test.py::TestStringColumnTensor::test_tpch_string_processing[40-l_shipmode-eq-cuda-CPlainEncoding-mask-compile],l_shipmode,cuda,,eq,True,40,CPlainEncoding,True,l_shipmode,FilterScan,Eq,TRUCK,240012290,240012290,7,1680086030,,,0.0015131710006244248,0.0027452090007500374,0.001528042801515864,4.915102868749968e-05,0.001525353999568324,4.744000079881516e-06,3;15,654.431930184135,655,1
bench_test.py::TestStringColumnTensor::test_tpch_string_processing[50-l_shipmode-eq-cuda-CPlainEncoding-mask-compile],l_shipmode,cuda,,eq,True,50,CPlainEncoding,True,l_shipmode,FilterScan,Eq,TRUCK,300005811,300005811,7,2100040677,,,0.0021634750000885106,0.003138885000225855,0.0021688295773083454,4.543093010289783e-05,0.002166140000554151,1.3919998309575021e-06,1;47,461.07818265788467,459,1
bench_test.py::TestStringColumnTensor::test_tpch_string_processing[60-l_shipmode-eq-cuda-CPlainEncoding-mask-compile],l_shipmode,cuda,,eq,True,60,CPlainEncoding,True,l_shipmode,FilterScan,Eq,TRUCK,360011594,360011594,7,2520081158,,,0.0022601279997616075,0.0023183889998108498,0.002271708081825223,4.864563106196942e-06,0.0022713289999956032,5.646000772685511e-06,102;8,440.1974038832232,440,1
bench_test.py::TestStringColumnTensor::test_tpch_string_processing[70-l_shipmode-eq-cuda-CPlainEncoding-mask-compile],l_shipmode,cuda,,eq,True,70,CPlainEncoding,True,l_shipmode,FilterScan,Eq,TRUCK,420017438,420017438,7,2940122066,,,0.002624368999931903,0.0033009230000971,0.002639719519790121,3.441087226533716e-05,0.0026373840000815107,6.3694997152197175e-06,1;9,378.8281264365193,379,1
bench_test.py::TestStringColumnTensor::test_tpch_string_processing[10-l_shipmode-eq-cuda-CPlainEncoding-mask-eager],l_shipmode,cuda,,eq,True,10,CPlainEncoding,False,l_shipmode,FilterScan,Eq,TRUCK,59986052,59986052,7,419902364,,,0.002694572000109474,0.003368720999787911,0.0027036432533536618,3.9534203302789986e-05,0.0026980599996022647,3.3137503123725764e-06,9;33,369.8712834097386,371,1
bench_test.py::TestStringColumnTensor::test_tpch_string_processing[90-l_shipmode-eq-cuda-CPlainEncoding-mask-compile],l_shipmode,cuda,,eq,True,90,CPlainEncoding,True,l_shipmode,FilterScan,Eq,TRUCK,540030432,540030432,7,3780213024,,,0.00313646099948528,0.004367906999505067,0.00314423412263115,6.889568611350067e-05,0.0031398024998452456,1.953999344550539e-06,1;26,318.0424742554421,318,1
bench_test.py::TestStringColumnTensor::test_tpch_string_processing[80-l_shipmode-eq-cuda-CPlainEncoding-mask-compile],l_shipmode,cuda,,eq,True,80,CPlainEncoding,True,l_shipmode,FilterScan,Eq,TRUCK,480025129,480025129,7,3360175903,,,0.003314397999929497,0.003496223000183818,0.003333428836619229,1.2197781288817578e-05,0.0033327285000268603,1.0749501143436646e-05,37;3,299.99140495052603,300,1
bench_test.py::TestStringColumnTensor::test_tpch_string_processing[100-l_shipmode-eq-cuda-CPlainEncoding-mask-compile],l_shipmode,cuda,,eq,True,100,CPlainEncoding,True,l_shipmode,FilterScan,Eq,TRUCK,600037902,600037902,7,4200265314,,,0.0036803229995712172,0.004055995999806328,0.0036891319485167673,2.2662823133335033e-05,0.0036874165002700465,4.247500328347087e-06,1;12,271.0664768718979,272,1
bench_test.py::TestStringColumnTensor::test_tpch_string_processing[130-l_shipmode-eq-cuda-CPlainEncoding-mask-compile],l_shipmode,cuda,,eq,True,130,CPlainEncoding,True,l_shipmode,FilterScan,Eq,TRUCK,780045644,780045644,7,5460319508,,,0.004539151999779278,0.004991359999621636,0.004547413511326385,3.014357200313833e-05,0.004545114000393369,3.392000053281663e-06,1;7,219.90522689640355,221,1
bench_test.py::TestStringColumnTensor::test_tpch_string_processing[110-l_shipmode-eq-cuda-CPlainEncoding-mask-compile],l_shipmode,cuda,,eq,True,110,CPlainEncoding,True,l_shipmode,FilterScan,Eq,TRUCK,660030653,660030653,7,4620214571,,,0.004543099999864353,0.004610717999639746,0.004571087328781998,9.315243602989387e-06,0.004570902000523347,1.1924000318686012e-05,65;4,218.76633021282876,219,1
bench_test.py::TestStringColumnTensor::test_tpch_string_processing[120-l_shipmode-eq-cuda-CPlainEncoding-mask-compile],l_shipmode,cuda,,eq,True,120,CPlainEncoding,True,l_shipmode,FilterScan,Eq,TRUCK,720040849,720040849,7,5040285943,,,0.005043308000495017,0.005063968000285968,0.00504776480306416,3.315927208611325e-06,0.005046670500632899,3.1469999157707207e-06,25;8,198.10748697977508,198,1
bench_test.py::TestStringColumnTensor::test_tpch_string_processing[20-l_shipmode-eq-cuda-CPlainEncoding-mask-eager],l_shipmode,cuda,,eq,True,20,CPlainEncoding,False,l_shipmode,FilterScan,Eq,TRUCK,119994608,119994608,7,839962256,,,0.0052199950005160645,0.0062051530003373045,0.0052338071719238615,7.299967847476263e-05,0.005225814999903378,3.551999725459609e-06,4;8,191.0655030174557,192,1
bench_test.py::TestStringColumnTensor::test_tpch_string_processing[10-l_shipmode-eq-cuda-CPlainEncoding-index-eager],l_shipmode,cuda,,eq,False,10,CPlainEncoding,False,l_shipmode,FilterScan,Eq,TRUCK,59986052,8567549,7,419902364,,,0.005462144999910379,0.006402378000530007,0.0056270010937794265,0.000288008549964259,0.005498137500126177,4.374350010039052e-05,26;28,177.71455582361384,160,1
bench_test.py::TestStringColumnTensor::test_tpch_string_processing[10-l_shipmode-eq-cuda-CPlainEncoding-index-compile],l_shipmode,cuda,,eq,False,10,CPlainEncoding,True,l_shipmode,FilterScan,Eq,TRUCK,59986052,8567549,7,419902364,,,0.005498441999407078,0.006780674999390612,0.005554642543971807,0.00012332588935647264,0.005536063500130695,3.1850000596023165e-05,2;7,180.02958643761028,182,1
bench_test.py::TestStringColumnTensor::test_tpch_string_processing[140-l_shipmode-eq-cuda-CPlainEncoding-mask-compile],l_shipmode,cuda,,eq,True,140,CPlainEncoding,True,l_shipmode,FilterScan,Eq,TRUCK,840042983,840042983,7,5880300881,,,0.005871379999916826,0.005934208999860857,0.0058992840941541275,1.2316740644010866e-05,0.005898998000247957,1.561900080560008e-05,51;2,169.51209401678858,170,1
bench_test.py::TestStringColumnTensor::test_tpch_string_processing[170-l_shipmode-eq-cuda-CPlainEncoding-mask-compile],l_shipmode,cuda,,eq,True,170,CPlainEncoding,True,l_shipmode,FilterScan,Eq,TRUCK,1020017860,1020017860,7,7140125020,,,0.005914992999350943,0.005934449000051245,0.005922086100612077,3.4500404355203567e-06,0.005921825999394059,4.065499751959578e-06,42;4,168.85941592383216,169,1
bench_test.py::TestStringColumnTensor::test_tpch_string_processing[180-l_shipmode-eq-cuda-CPlainEncoding-mask-compile],l_shipmode,cuda,,eq,True,180,CPlainEncoding,True,l_shipmode,FilterScan,Eq,TRUCK,1080017552,1080017552,7,7560122864,,,0.006205282999871997,0.006403029000466631,0.006212896428557051,1.5332987008581794e-05,0.006211384999915026,3.1025006137497257e-06,1;8,160.9555239652129,161,1
bench_test.py::TestStringColumnTensor::test_tpch_string_processing[150-l_shipmode-eq-cuda-CPlainEncoding-mask-compile],l_shipmode,cuda,,eq,True,150,CPlainEncoding,True,l_shipmode,FilterScan,Eq,TRUCK,900035147,900035147,7,6300246029,,,0.006314450999525434,0.006326783999611507,0.006317641106921747,1.867093410334435e-06,0.006317396000667941,1.820499392124475e-06,33;7,158.2869275217894,159,1
bench_test.py::TestStringColumnTensor::test_tpch_string_processing[190-l_shipmode-eq-cuda-CPlainEncoding-mask-compile],l_shipmode,cuda,,eq,True,190,CPlainEncoding,True,l_shipmode,FilterScan,Eq,TRUCK,1140018428,1140018428,7,7980128996,,,0.006587137999304105,0.006612416000280064,0.006595015427568509,3.4047380263375095e-06,0.006594787999802065,3.617500169639243e-06,35;7,151.62966803986478,152,1
bench_test.py::TestStringColumnTensor::test_tpch_string_processing[160-l_shipmode-eq-cuda-CPlainEncoding-mask-compile],l_shipmode,cuda,,eq,True,160,CPlainEncoding,True,l_shipmode,FilterScan,Eq,TRUCK,960017389,960017389,7,6720121723,,,0.006668332999652193,0.00669052500052203,0.006672612933307391,3.5337743244010663e-06,0.006671853000170813,2.4239998310804367e-06,13;8,149.8663282277837,150,1
bench_test.py::TestStringColumnTensor::test_tpch_string_processing[200-l_shipmode-eq-cuda-CPlainEncoding-mask-compile],l_shipmode,cuda,,eq,True,200,CPlainEncoding,True,l_shipmode,FilterScan,Eq,TRUCK,1200018434,1200018434,7,8400129038,,,0.00728957100000116,0.007333014000323601,0.007300684839394613,5.8464203620253665e-06,0.007300289999875531,6.520249371533282e-06,28;4,136.97345139513268,137,1
bench_test.py::TestStringColumnTensor::test_tpch_string_processing[30-l_shipmode-eq-cuda-CPlainEncoding-mask-eager],l_shipmode,cuda,,eq,True,30,CPlainEncoding,False,l_shipmode,FilterScan,Eq,TRUCK,179998372,179998372,7,1259988604,,,0.007762637999803701,0.008264391000011528,0.007774758790727119,4.604438489621649e-05,0.007769331999952556,4.002250989287859e-06,2;3,128.62135365442984,129,1
bench_test.py::TestStringColumnTensor::test_tpch_string_processing[40-l_shipmode-eq-cuda-CPlainEncoding-mask-eager],l_shipmode,cuda,,eq,True,40,CPlainEncoding,False,l_shipmode,FilterScan,Eq,TRUCK,240012290,240012290,7,1680086030,,,0.010328606000257423,0.011917209999410261,0.010351430814460907,0.00016067569088146547,0.010334567999962019,3.933000016331789e-06,1;6,96.60500252805672,97,1
bench_test.py::TestStringColumnTensor::test_tpch_string_processing[20-l_shipmode-eq-cuda-CPlainEncoding-index-eager],l_shipmode,cuda,,eq,False,20,CPlainEncoding,False,l_shipmode,FilterScan,Eq,TRUCK,119994608,17143701,7,839962256,,,0.01052566099951946,0.01210782299949642,0.01076032686908201,0.0004770765405342546,0.010587167500034411,5.121700041854638e-05,11;12,92.93397980997509,84,1
bench_test.py::TestStringColumnTensor::test_tpch_string_processing[20-l_shipmode-eq-cuda-CPlainEncoding-index-compile],l_shipmode,cuda,,eq,False,20,CPlainEncoding,True,l_shipmode,FilterScan,Eq,TRUCK,119994608,17143701,7,839962256,,,0.010552069999903324,0.011273559999608551,0.010611638252693841,7.770462638850804e-05,0.01059852900016267,4.975875026502763e-05,3;3,94.2361562076565,95,1
bench_test.py::TestStringColumnTensor::test_tpch_string_processing[50-l_shipmode-eq-cuda-CPlainEncoding-mask-eager],l_shipmode,cuda,,eq,True,50,CPlainEncoding,False,l_shipmode,FilterScan,Eq,TRUCK,300005811,300005811,7,2100040677,,,0.012888903999737522,0.012964757999725407,0.012898078884634928,1.0004209825436749e-05,0.012896599000214337,4.247000106261112e-06,3;3,77.53092603513754,78,1
bench_test.py::TestStringColumnTensor::test_tpch_string_processing[60-l_shipmode-eq-cuda-CPlainEncoding-mask-eager],l_shipmode,cuda,,eq,True,60,CPlainEncoding,False,l_shipmode,FilterScan,Eq,TRUCK,360011594,360011594,7,2520081158,,,0.015430487000230642,0.015451477000169689,0.015441320738556476,3.967763070456543e-06,0.015441096999893489,4.518750074566924e-06,18;4,64.7612996926508,65,1
bench_test.py::TestStringColumnTensor::test_tpch_string_processing[30-l_shipmode-eq-cuda-CPlainEncoding-index-eager],l_shipmode,cuda,,eq,False,30,CPlainEncoding,False,l_shipmode,FilterScan,Eq,TRUCK,179998372,25714961,7,1259988604,,,0.015641076000065368,0.015872054000283242,0.015743258508767833,5.653739138158436e-05,0.015737378999801876,8.250925020547584e-05,20;0,63.5192517129204,57,1
bench_test.py::TestStringColumnTensor::test_tpch_string_processing[30-l_shipmode-eq-cuda-CPlainEncoding-index-compile],l_shipmode,cuda,,eq,False,30,CPlainEncoding,True,l_shipmode,FilterScan,Eq,TRUCK,179998372,25714961,7,1259988604,,,0.01565733699953853,0.015875790999416495,0.015754620874886882,6.24601111809445e-05,0.015733947500393697,0.00011060999986511888,22;0,63.473441090163966,64,1
bench_test.py::TestStringColumnTensor::test_tpch_string_processing[70-l_shipmode-eq-cuda-CPlainEncoding-mask-eager],l_shipmode,cuda,,eq,True,70,CPlainEncoding,False,l_shipmode,FilterScan,Eq,TRUCK,420017438,420017438,7,2940122066,,,0.01798405199951958,0.018047360999844386,0.017990485732200665,8.286643979058864e-06,0.017989466499784612,4.382499810162699e-06,1;1,55.58493610931961,56,1
bench_test.py::TestStringColumnTensor::test_tpch_string_processing[80-l_shipmode-eq-cuda-CPlainEncoding-mask-eager],l_shipmode,cuda,,eq,True,80,CPlainEncoding,False,l_shipmode,FilterScan,Eq,TRUCK,480025129,480025129,7,3360175903,,,0.020508921000327973,0.020527958000457147,0.02051738087759856,4.144274502228067e-06,0.020516917000350077,5.706250476578134e-06,12;0,48.73916441702495,49,1
bench_test.py::TestStringColumnTensor::test_tpch_string_processing[40-l_shipmode-eq-cuda-CPlainEncoding-index-compile],l_shipmode,cuda,,eq,False,40,CPlainEncoding,True,l_shipmode,FilterScan,Eq,TRUCK,240012290,34285834,7,1680086030,,,0.02073407900024904,0.02275809900038439,0.020907190163319572,0.000276717683259985,0.020858134999798494,9.088975002669031e-05,1;1,47.830434993337406,49,1
bench_test.py::TestStringColumnTensor::test_tpch_string_processing[40-l_shipmode-eq-cuda-CPlainEncoding-index-eager],l_shipmode,cuda,,eq,False,40,CPlainEncoding,False,l_shipmode,FilterScan,Eq,TRUCK,240012290,34285834,7,1680086030,,,0.020740281000144023,0.02106143999935739,0.020844074061215554,5.4676607124063496e-05,0.020835712000007334,5.6509249816372176e-05,12;2,47.975266114636106,49,1
bench_test.py::TestStringColumnTensor::test_tpch_string_processing[90-l_shipmode-eq-cuda-CPlainEncoding-mask-eager],l_shipmode,cuda,,eq,True,90,CPlainEncoding,False,l_shipmode,FilterScan,Eq,TRUCK,540030432,540030432,7,3780213024,,,0.023147678999521304,0.023167846999967878,0.023153900386370715,4.020238601732468e-06,0.023153374499543133,4.909999915980734e-06,12;1,43.18926760990295,44,1
bench_test.py::TestStringColumnTensor::test_tpch_string_processing[100-l_shipmode-eq-cuda-CPlainEncoding-mask-eager],l_shipmode,cuda,,eq,True,100,CPlainEncoding,False,l_shipmode,FilterScan,Eq,TRUCK,600037902,600037902,7,4200265314,,,0.025607475000470004,0.025708125999699405,0.025617487975068798,1.57808474849094e-05,0.025614418999793998,6.416999440261861e-06,2;2,39.03583368413055,40,1
bench_test.py::TestStringColumnTensor::test_tpch_string_processing[50-l_shipmode-eq-cuda-CPlainEncoding-index-eager],l_shipmode,cuda,,eq,False,50,CPlainEncoding,False,l_shipmode,FilterScan,Eq,TRUCK,300005811,42860498,7,2100040677,,,0.02578945100049168,0.026084520999575034,0.025926164538456458,7.579874173593131e-05,0.025923175000571064,0.00012453100021048158,12;0,38.57107357768609,39,1
bench_test.py::TestStringColumnTensor::test_tpch_string_processing[50-l_shipmode-eq-cuda-CPlainEncoding-index-compile],l_shipmode,cuda,,eq,False,50,CPlainEncoding,True,l_shipmode,FilterScan,Eq,TRUCK,300005811,42860498,7,2100040677,,,0.025803786999858858,0.026570592999632936,0.025974958076916757,0.00012198405453293206,0.025940497999727086,0.00011162149985466385,5;1,38.49861844006874,39,1
bench_test.py::TestStringColumnTensor::test_tpch_string_processing[110-l_shipmode-eq-cuda-CPlainEncoding-mask-eager],l_shipmode,cuda,,eq,True,110,CPlainEncoding,False,l_shipmode,FilterScan,Eq,TRUCK,660030653,660030653,7,4620214571,,,0.028156471999864152,0.028252394000446657,0.028167556138997598,1.5141353448502353e-05,0.028165628999886394,7.399500191240804e-06,1;1,35.50183747093038,36,1
bench_test.py::TestStringColumnTensor::test_tpch_string_processing[120-l_shipmode-eq-cuda-CPlainEncoding-mask-eager],l_shipmode,cuda,,eq,True,120,CPlainEncoding,False,l_shipmode,FilterScan,Eq,TRUCK,720040849,720040849,7,5040285943,,,0.030710908999935782,0.031176170999970054,0.03073220118185969,7.98423733689922e-05,0.030717691999598173,7.679250302317087e-06,1;1,32.53915962876979,33,1
bench_test.py::TestStringColumnTensor::test_tpch_string_processing[60-l_shipmode-eq-cuda-CPlainEncoding-index-eager],l_shipmode,cuda,,eq,False,60,CPlainEncoding,False,l_shipmode,FilterScan,Eq,TRUCK,360011594,51427149,7,2520081158,,,0.03086283600077877,0.032088121000015235,0.031045592242414634,0.0002759693405118584,0.030954400000155147,0.00013045724949733994,3;4,32.210691688264696,33,1
bench_test.py::TestStringColumnTensor::test_tpch_string_processing[60-l_shipmode-eq-cuda-CPlainEncoding-index-compile],l_shipmode,cuda,,eq,False,60,CPlainEncoding,True,l_shipmode,FilterScan,Eq,TRUCK,360011594,51427149,7,2520081158,,,0.03088556999955472,0.03111164900019503,0.030985207999892184,5.859224736487459e-05,0.0309779740000522,8.2949749639738e-05,12;0,32.273464164044974,33,1
bench_test.py::TestStringColumnTensor::test_tpch_string_processing[130-l_shipmode-eq-cuda-CPlainEncoding-mask-eager],l_shipmode,cuda,,eq,True,130,CPlainEncoding,False,l_shipmode,FilterScan,Eq,TRUCK,780045644,780045644,7,5460319508,,,0.0332678089998808,0.0337723869997717,0.033295703225855004,9.078802660677527e-05,0.03327546400032588,8.137998975144e-06,2;2,30.033905372614964,31,1
bench_test.py::TestStringColumnTensor::test_tpch_string_processing[140-l_shipmode-eq-cuda-CPlainEncoding-mask-eager],l_shipmode,cuda,,eq,True,140,CPlainEncoding,False,l_shipmode,FilterScan,Eq,TRUCK,840042983,840042983,7,5880300881,,,0.035798502000034205,0.03599269000005734,0.035816409678610786,4.030763253901216e-05,0.03580601000021488,8.366000201931456e-06,2;3,27.920163103260187,28,1
bench_test.py::TestStringColumnTensor::test_tpch_string_processing[70-l_shipmode-eq-cuda-CPlainEncoding-index-compile],l_shipmode,cuda,,eq,False,70,CPlainEncoding,True,l_shipmode,FilterScan,Eq,TRUCK,420017438,60002415,7,2940122066,,,0.03592763600045146,0.0366399079994153,0.036088071571352236,0.00013054757996723316,0.036069345499981864,8.846249966154573e-05,3;2,27.709987163565405,28,1
bench_test.py::TestStringColumnTensor::test_tpch_string_processing[70-l_shipmode-eq-cuda-CPlainEncoding-index-eager],l_shipmode,cuda,,eq,False,70,CPlainEncoding,False,l_shipmode,FilterScan,Eq,TRUCK,420017438,60002415,7,2940122066,,,0.03594402799990348,0.036166769999908865,0.036047988749909825,6.664340687537456e-05,0.03605193199973655,8.283199940706254e-05,11;0,27.74079871522656,28,1
bench_test.py::TestStringColumnTensor::test_tpch_string_processing[150-l_shipmode-eq-cuda-CPlainEncoding-mask-eager],l_shipmode,cuda,,eq,True,150,CPlainEncoding,False,l_shipmode,FilterScan,Eq,TRUCK,900035147,900035147,7,6300246029,,,0.03834046400061197,0.03856579100011004,0.038362757000093686,4.229333224492074e-05,0.03835181499925966,6.2039998738327995e-06,1;3,26.066948212235054,27,1
bench_test.py::TestStringColumnTensor::test_tpch_string_processing[160-l_shipmode-eq-cuda-CPlainEncoding-mask-eager],l_shipmode,cuda,,eq,True,160,CPlainEncoding,False,l_shipmode,FilterScan,Eq,TRUCK,960017389,960017389,7,6720121723,,,0.04089068200028123,0.04090728399933141,0.04089818736003508,4.5806702022217974e-06,0.040898496999943745,5.014500175093417e-06,7;0,24.450961388503508,25,1
bench_test.py::TestStringColumnTensor::test_tpch_string_processing[80-l_shipmode-eq-cuda-CPlainEncoding-index-compile],l_shipmode,cuda,,eq,False,80,CPlainEncoding,True,l_shipmode,FilterScan,Eq,TRUCK,480025129,68572875,7,3360175903,,,0.04095993500050099,0.04130102099952637,0.04109506515993416,8.369634215726218e-05,0.041074881999520585,0.00011785700075961358,7;0,24.333821983447173,25,1
bench_test.py::TestStringColumnTensor::test_tpch_string_processing[80-l_shipmode-eq-cuda-CPlainEncoding-index-eager],l_shipmode,cuda,,eq,False,80,CPlainEncoding,False,l_shipmode,FilterScan,Eq,TRUCK,480025129,68572875,7,3360175903,,,0.04100166299940611,0.041431749000366835,0.041112666960070786,9.436395864964222e-05,0.041092546000072616,9.914000020216918e-05,6;1,24.32340380572281,25,1
bench_test.py::TestStringColumnTensor::test_tpch_string_processing[170-l_shipmode-eq-cuda-CPlainEncoding-mask-eager],l_shipmode,cuda,,eq,True,170,CPlainEncoding,False,l_shipmode,FilterScan,Eq,TRUCK,1020017860,1020017860,7,7140125020,,,0.043444549000014376,0.04355310399932932,0.043456573708302436,2.110519949715579e-05,0.043453420999867376,8.19549995867419e-06,1;1,23.011478233705038,24,1
bench_test.py::TestStringColumnTensor::test_tpch_string_processing[90-l_shipmode-eq-cuda-CPlainEncoding-index-compile],l_shipmode,cuda,,eq,False,90,CPlainEncoding,True,l_shipmode,FilterScan,Eq,TRUCK,540030432,77146551,7,3780213024,,,0.04604110499985836,0.04633796799953416,0.04617983840911289,8.248016897143676e-05,0.046180207999896083,0.00011732199982361635,8;0,21.654471614666047,22,1
bench_test.py::TestStringColumnTensor::test_tpch_string_processing[180-l_shipmode-eq-cuda-CPlainEncoding-mask-eager],l_shipmode,cuda,,eq,True,180,CPlainEncoding,False,l_shipmode,FilterScan,Eq,TRUCK,1080017552,1080017552,7,7560122864,,,0.046084276999863505,0.04610864299957029,0.04609303945442827,5.881503326150675e-06,0.04609163150007589,6.943000698811375e-06,7;1,21.695249691413604,22,1
bench_test.py::TestStringColumnTensor::test_tpch_string_processing[90-l_shipmode-eq-cuda-CPlainEncoding-index-eager],l_shipmode,cuda,,eq,False,90,CPlainEncoding,False,l_shipmode,FilterScan,Eq,TRUCK,540030432,77146551,7,3780213024,,,0.04609501699997054,0.046296388999508054,0.04620154904544258,5.9770292116480275e-05,0.04620772599992051,9.52299997152295e-05,9;0,21.644295930779883,22,1
bench_test.py::TestStringColumnTensor::test_tpch_string_processing[190-l_shipmode-eq-cuda-CPlainEncoding-mask-eager],l_shipmode,cuda,,eq,True,190,CPlainEncoding,False,l_shipmode,FilterScan,Eq,TRUCK,1140018428,1140018428,7,7980128996,,,0.048568179999165295,0.04858211700047832,0.04857442595234066,4.007466866024034e-06,0.048575134000202524,5.224749202170642e-06,7;0,20.5869648563868,21,1
bench_test.py::TestStringColumnTensor::test_tpch_string_processing[100-l_shipmode-eq-cuda-CPlainEncoding-index-compile],l_shipmode,cuda,,eq,False,100,CPlainEncoding,True,l_shipmode,FilterScan,Eq,TRUCK,600037902,85719689,7,4200265314,,,0.051010543999836955,0.05131022200021107,0.051143162600010325,8.010615586749265e-05,0.05115226199995959,0.00012376949962344952,6;0,19.55295584320783,20,1
bench_test.py::TestStringColumnTensor::test_tpch_string_processing[100-l_shipmode-eq-cuda-CPlainEncoding-index-eager],l_shipmode,cuda,,eq,False,100,CPlainEncoding,False,l_shipmode,FilterScan,Eq,TRUCK,600037902,85719689,7,4200265314,,,0.05104461699920648,0.051295094000124664,0.05116361149998738,6.42945794455715e-05,0.051154556500478066,6.537850003951462e-05,6;1,19.54514098365098,20,1
bench_test.py::TestStringColumnTensor::test_tpch_string_processing[200-l_shipmode-eq-cuda-CPlainEncoding-mask-eager],l_shipmode,cuda,,eq,True,200,CPlainEncoding,False,l_shipmode,FilterScan,Eq,TRUCK,1200018434,1200018434,7,8400129038,,,0.051106866999361955,0.05113540100046521,0.05111868295002751,6.131928293189335e-06,0.051117552499817975,7.749500127829378e-06,4;1,19.562319337874527,20,1
bench_test.py::TestStringColumnTensor::test_tpch_string_processing[110-l_shipmode-eq-cuda-CPlainEncoding-index-compile],l_shipmode,cuda,,eq,False,110,CPlainEncoding,True,l_shipmode,FilterScan,Eq,TRUCK,660030653,94293760,7,4620214571,,,0.05607168599999568,0.056298215000424534,0.05614993088885159,6.388809863901557e-05,0.0561246715001289,9.167300049739424e-05,5;0,17.809460923104133,18,1
bench_test.py::TestStringColumnTensor::test_tpch_string_processing[110-l_shipmode-eq-cuda-CPlainEncoding-index-eager],l_shipmode,cuda,,eq,False,110,CPlainEncoding,False,l_shipmode,FilterScan,Eq,TRUCK,660030653,94293760,7,4620214571,,,0.056089009000061196,0.05621612899994943,0.05615047566662826,3.689564569362473e-05,0.05615814999964641,5.6765999943309e-05,6;0,17.809288133855063,18,1
bench_test.py::TestStringColumnTensor::test_tpch_string_processing[120-l_shipmode-eq-cuda-CPlainEncoding-index-eager],l_shipmode,cuda,,eq,False,120,CPlainEncoding,False,l_shipmode,FilterScan,Eq,TRUCK,720040849,102869975,7,5040285943,,,0.06113584400009131,0.06376320900017163,0.0613577614118078,0.000621530471985003,0.06119952400058537,7.786574997226126e-05,1;1,16.2978566523706,17,1
bench_test.py::TestStringColumnTensor::test_tpch_string_processing[120-l_shipmode-eq-cuda-CPlainEncoding-index-compile],l_shipmode,cuda,,eq,False,120,CPlainEncoding,True,l_shipmode,FilterScan,Eq,TRUCK,720040849,102869975,7,5040285943,,,0.061193663999802084,0.06142887900023197,0.06128083147054627,6.886779417729161e-05,0.06127325500074221,0.00010275574936713383,6;0,16.318316445830785,17,1
bench_test.py::TestStringColumnTensor::test_tpch_string_processing[130-l_shipmode-eq-cuda-CPlainEncoding-index-compile],l_shipmode,cuda,,eq,False,130,CPlainEncoding,True,l_shipmode,FilterScan,Eq,TRUCK,780045644,111439756,7,5460319508,,,0.06621169399932114,0.0665276139998241,0.06637372450001067,8.778852335654249e-05,0.06636638749978374,9.959349972632481e-05,6;0,15.066202891775935,16,1
bench_test.py::TestStringColumnTensor::test_tpch_string_processing[130-l_shipmode-eq-cuda-CPlainEncoding-index-eager],l_shipmode,cuda,,eq,False,130,CPlainEncoding,False,l_shipmode,FilterScan,Eq,TRUCK,780045644,111439756,7,5460319508,,,0.06623608100017009,0.06657338100012566,0.06637297137496034,0.000100919616181304,0.06635640900003636,0.00014065149980524438,6;0,15.066373845924529,16,1
bench_test.py::TestStringColumnTensor::test_tpch_string_processing[140-l_shipmode-eq-cuda-CPlainEncoding-index-eager],l_shipmode,cuda,,eq,False,140,CPlainEncoding,False,l_shipmode,FilterScan,Eq,TRUCK,840042983,120008682,7,5880300881,,,0.07132305300001462,0.07168865600033314,0.07149812340006369,8.455507209404262e-05,0.0715156879996357,9.935124967341835e-05,3;0,13.986381074710968,15,1
bench_test.py::TestStringColumnTensor::test_tpch_string_processing[140-l_shipmode-eq-cuda-CPlainEncoding-index-compile],l_shipmode,cuda,,eq,False,140,CPlainEncoding,True,l_shipmode,FilterScan,Eq,TRUCK,840042983,120008682,7,5880300881,,,0.0713766039998518,0.07162282199988113,0.07151808199997893,8.594696646081286e-05,0.0715334769997753,0.0001391340001646313,4;0,13.98247788580648,14,1
bench_test.py::TestStringColumnTensor::test_tpch_string_processing[150-l_shipmode-eq-cuda-CPlainEncoding-index-compile],l_shipmode,cuda,,eq,False,150,CPlainEncoding,True,l_shipmode,FilterScan,Eq,TRUCK,900035147,128582378,7,6300246029,,,0.07633638399966003,0.07659124800011341,0.07647523771428107,8.471631089697594e-05,0.07646497400037333,0.00016617400069662835,7;0,13.076128036843736,14,1
bench_test.py::TestStringColumnTensor::test_tpch_string_processing[150-l_shipmode-eq-cuda-CPlainEncoding-index-eager],l_shipmode,cuda,,eq,False,150,CPlainEncoding,False,l_shipmode,FilterScan,Eq,TRUCK,900035147,128582378,7,6300246029,,,0.07639259100051277,0.07667614899946784,0.07652726271427517,7.284672794029325e-05,0.07651994750040103,0.0001124419995903736,4;0,13.067238583112982,14,1
bench_test.py::TestStringColumnTensor::test_tpch_string_processing[160-l_shipmode-eq-cuda-CPlainEncoding-index-compile],l_shipmode,cuda,,eq,False,160,CPlainEncoding,True,l_shipmode,FilterScan,Eq,TRUCK,960017389,137147999,7,6720121723,,,0.08146916199984844,0.08173785199960548,0.08161643584599705,7.179426841123826e-05,0.0816193270002259,8.892200025911734e-05,3;0,12.252434079416442,13,1
bench_test.py::TestStringColumnTensor::test_tpch_string_processing[160-l_shipmode-eq-cuda-CPlainEncoding-index-eager],l_shipmode,cuda,,eq,False,160,CPlainEncoding,False,l_shipmode,FilterScan,Eq,TRUCK,960017389,137147999,7,6720121723,,,0.08147780899980717,0.08172036899941304,0.08158477753847994,8.812298644434038e-05,0.08156327100005001,0.00016076149972832354,6;0,12.25718853652992,13,1
bench_test.py::TestStringColumnTensor::test_tpch_string_processing[170-l_shipmode-eq-cuda-CPlainEncoding-index-eager],l_shipmode,cuda,,eq,False,170,CPlainEncoding,False,l_shipmode,FilterScan,Eq,TRUCK,1020017860,145720436,7,7140125020,,,0.08650177299932693,0.08715669499997603,0.08670011174990577,0.00016314295276916322,0.08667610400016201,0.00013256600004751817,2;1,11.534010508366926,12,1
bench_test.py::TestStringColumnTensor::test_tpch_string_processing[170-l_shipmode-eq-cuda-CPlainEncoding-index-compile],l_shipmode,cuda,,eq,False,170,CPlainEncoding,True,l_shipmode,FilterScan,Eq,TRUCK,1020017860,145720436,7,7140125020,,,0.08655047499996726,0.08674708899980033,0.08663849808332695,6.742411134525739e-05,0.08662257700007103,9.105250001084642e-05,5;0,11.542213012952079,12,1
bench_test.py::TestStringColumnTensor::test_tpch_string_processing[180-l_shipmode-eq-cuda-CPlainEncoding-index-eager],l_shipmode,cuda,,eq,False,180,CPlainEncoding,False,l_shipmode,FilterScan,Eq,TRUCK,1080017552,154293966,7,7560122864,,,0.09153271900049731,0.09185621100004937,0.09168957500002183,0.0001139726117661285,0.09165954899981443,0.00020989050017306,5;0,10.906365309248756,11,1
bench_test.py::TestStringColumnTensor::test_tpch_string_processing[180-l_shipmode-eq-cuda-CPlainEncoding-index-compile],l_shipmode,cuda,,eq,False,180,CPlainEncoding,True,l_shipmode,FilterScan,Eq,TRUCK,1080017552,154293966,7,7560122864,,,0.09160379299919441,0.09261356899969542,0.091758257909119,0.00028846238842197586,0.09168116999990161,9.820749937716755e-05,1;1,10.898201674561427,11,1
bench_test.py::TestStringColumnTensor::test_tpch_string_processing[190-l_shipmode-eq-cuda-CPlainEncoding-index-compile],l_shipmode,cuda,,eq,False,190,CPlainEncoding,True,l_shipmode,FilterScan,Eq,TRUCK,1140018428,162864887,7,7980128996,,,0.09646713999973144,0.09676455499993608,0.09660543218193528,7.830787251027568e-05,0.09660447199985356,4.879400012214319e-05,3;3,10.351384776341748,11,1
bench_test.py::TestStringColumnTensor::test_tpch_string_processing[190-l_shipmode-eq-cuda-CPlainEncoding-index-eager],l_shipmode,cuda,,eq,False,190,CPlainEncoding,False,l_shipmode,FilterScan,Eq,TRUCK,1140018428,162864887,7,7980128996,,,0.0965384159999303,0.09674042900041968,0.09663902781829331,7.314233219254344e-05,0.09667302100024244,0.00013118225024300045,5;0,10.347786216147187,11,1
bench_test.py::TestStringColumnTensor::test_tpch_string_processing[200-l_shipmode-eq-cuda-CPlainEncoding-index-compile],l_shipmode,cuda,,eq,False,200,CPlainEncoding,True,l_shipmode,FilterScan,Eq,TRUCK,1200018434,171435126,7,8400129038,,,0.10168701499969757,0.10185534399988683,0.10178021060000901,5.1740305009488304e-05,0.10178493549983614,3.664999985630857e-05,4;3,9.825092659023358,10,1
bench_test.py::TestStringColumnTensor::test_tpch_string_processing[200-l_shipmode-eq-cuda-CPlainEncoding-index-eager],l_shipmode,cuda,,eq,False,200,CPlainEncoding,False,l_shipmode,FilterScan,Eq,TRUCK,1200018434,171435126,7,8400129038,,,0.10174466399985249,0.10195816800023749,0.10188389580016519,5.9548500689097e-05,0.10189348100038842,5.001600038667675e-05,2;1,9.81509385900788,10,1
