name,param:device,param:operators,param:scale,param:tensor_cls,min,max,mean,stddev,median,iqr,outliers,ops,rounds,iterations
"bench_test.py::TestStringColumnTensor::test_tpch_string_processing[op=FilterScan,col=l_shipmode,pred=Eq,val=AIR-device=cuda-encoding=PlainEncoding-scale=0.1]",cuda,"[""FilterScan(col='l_shipmode', pred=PredicateEq(value='AIR'))""]",0.1,UNSERIALIZABLE[<class 'string_tensor.plain_encoding.PlainEncodingStringColumnTensor'>],0.0002074441872537136,0.002570316195487976,0.00022069827540171716,3.954023959589588e-05,0.00021986220963299274,1.2854579836130142e-05,12;58,4531.073014412053,3732,1
"bench_test.py::TestStringColumnTensor::test_tpch_string_processing[op=FilterScan,col=l_shipmode,pred=Eq,val=AIR-device=cuda-encoding=PlainEncoding-scale=0.2]",cuda,"[""FilterScan(col='l_shipmode', pred=PredicateEq(value='AIR'))""]",0.2,UNSERIALIZABLE[<class 'string_tensor.plain_encoding.PlainEncodingStringColumnTensor'>],0.00024492526426911354,0.00034234998747706413,0.0002650091092065734,1.5273512574134183e-05,0.00025595584884285927,2.759462222456932e-05,375;4,3773.455195536334,2067,1
"bench_test.py::TestStringColumnTensor::test_tpch_string_processing[op=FilterScan,col=l_shipmode,pred=Eq,val=AIR-device=cuda-encoding=DictionaryEncoding-scale=0.1]",cuda,"[""FilterScan(col='l_shipmode', pred=PredicateEq(value='AIR'))""]",0.1,UNSERIALIZABLE[<class 'string_tensor.dictionary_encoding.DictionaryEncodingStringColumnTensor'>],0.00026227720081806183,0.0004556938074529171,0.00026895262928212466,7.646174461063783e-06,0.0002672867849469185,3.3956021070480347e-06,191;276,3718.1268785850934,3513,1
"bench_test.py::TestStringColumnTensor::test_tpch_string_processing[op=FilterScan,col=l_shipmode,pred=Eq,val=AIR-device=cuda-encoding=DictionaryEncoding-scale=0.2]",cuda,"[""FilterScan(col='l_shipmode', pred=PredicateEq(value='AIR'))""]",0.2,UNSERIALIZABLE[<class 'string_tensor.dictionary_encoding.DictionaryEncodingStringColumnTensor'>],0.000262698158621788,0.000552136916667223,0.00027341859064571766,1.2917101592589688e-05,0.00026958202943205833,9.834184311330318e-06,271;192,3657.3957814585865,3177,1
"bench_test.py::TestStringColumnTensor::test_tpch_string_processing[op=FilterScan,col=l_shipmode,pred=Eq,val=AIR-device=cuda-encoding=DictionaryEncoding-scale=0.3]",cuda,"[""FilterScan(col='l_shipmode', pred=PredicateEq(value='AIR'))""]",0.3,UNSERIALIZABLE[<class 'string_tensor.dictionary_encoding.DictionaryEncodingStringColumnTensor'>],0.0002637510187923908,0.0015495400875806808,0.00027355580699649896,2.47210592135962e-05,0.00026895548216998577,6.266403943300247e-06,178;415,3655.5612216003815,3572,1
"bench_test.py::TestStringColumnTensor::test_tpch_string_processing[op=FilterScan,col=l_shipmode,pred=Eq,val=AIR-device=cuda-encoding=DictionaryEncoding-scale=0.4]",cuda,"[""FilterScan(col='l_shipmode', pred=PredicateEq(value='AIR'))""]",0.4,UNSERIALIZABLE[<class 'string_tensor.dictionary_encoding.DictionaryEncodingStringColumnTensor'>],0.00026460178196430206,0.00037241727113723755,0.00027640634423683157,1.302230619442144e-05,0.00027125398628413677,8.946983143687248e-06,460;434,3617.861966088507,3504,1
"bench_test.py::TestStringColumnTensor::test_tpch_string_processing[op=FilterScan,col=l_shipmode,pred=Eq,val=AIR-device=cuda-encoding=DictionaryEncoding-scale=0.5]",cuda,"[""FilterScan(col='l_shipmode', pred=PredicateEq(value='AIR'))""]",0.5,UNSERIALIZABLE[<class 'string_tensor.dictionary_encoding.DictionaryEncodingStringColumnTensor'>],0.0002753431908786297,0.0004329807125031948,0.0002886596857831719,1.023685585135366e-05,0.0002853209152817726,5.7620927691459656e-06,351;380,3464.287010799127,3382,1
"bench_test.py::TestStringColumnTensor::test_tpch_string_processing[op=FilterScan,col=l_shipmode,pred=Eq,val=AIR-device=cuda-encoding=PlainEncoding-scale=0.3]",cuda,"[""FilterScan(col='l_shipmode', pred=PredicateEq(value='AIR'))""]",0.3,UNSERIALIZABLE[<class 'string_tensor.plain_encoding.PlainEncodingStringColumnTensor'>],0.00029111187905073166,0.0005554426461458206,0.00031152628455511055,2.152673186404895e-05,0.0002981657162308693,4.104664549231529e-05,906;2,3210.0020113169453,2794,1
"bench_test.py::TestStringColumnTensor::test_tpch_string_processing[op=FilterScan,col=l_shipmode,pred=Eq,val=AIR-device=cuda-encoding=DictionaryEncoding-scale=0.6]",cuda,"[""FilterScan(col='l_shipmode', pred=PredicateEq(value='AIR'))""]",0.6,UNSERIALIZABLE[<class 'string_tensor.dictionary_encoding.DictionaryEncodingStringColumnTensor'>],0.00029401760548353195,0.001423581037670374,0.000308399046012351,2.4938852270940163e-05,0.00030180811882019043,1.445738598704338e-05,232;216,3242.5521833811094,3154,1
"bench_test.py::TestStringColumnTensor::test_tpch_string_processing[op=FilterScan,col=l_shipmode,pred=Eq,val=AIR-device=cuda-encoding=DictionaryEncoding-scale=0.7]",cuda,"[""FilterScan(col='l_shipmode', pred=PredicateEq(value='AIR'))""]",0.7,UNSERIALIZABLE[<class 'string_tensor.dictionary_encoding.DictionaryEncodingStringColumnTensor'>],0.00030484795570373535,0.0004789493978023529,0.0003136664085761735,9.657000245691587e-06,0.0003112400881946087,3.747176378965378e-06,208;326,3188.100391557075,3062,1
"bench_test.py::TestStringColumnTensor::test_tpch_string_processing[op=FilterScan,col=l_shipmode,pred=Eq,val=AIR-device=cuda-encoding=DictionaryEncoding-scale=0.8]",cuda,"[""FilterScan(col='l_shipmode', pred=PredicateEq(value='AIR'))""]",0.8,UNSERIALIZABLE[<class 'string_tensor.dictionary_encoding.DictionaryEncodingStringColumnTensor'>],0.0003129327669739723,0.0004751407541334629,0.00032808123120002725,1.4424184989534622e-05,0.0003229030407965183,1.2023025192320347e-05,427;280,3048.0256256729044,3017,1
"bench_test.py::TestStringColumnTensor::test_tpch_string_processing[op=FilterScan,col=l_shipmode,pred=Eq,val=AIR-device=cuda-encoding=DictionaryEncoding-scale=0.9]",cuda,"[""FilterScan(col='l_shipmode', pred=PredicateEq(value='AIR'))""]",0.9,UNSERIALIZABLE[<class 'string_tensor.dictionary_encoding.DictionaryEncodingStringColumnTensor'>],0.0003250059671700001,0.0004951893351972103,0.00033996850701680485,1.524658639206446e-05,0.0003335932269692421,1.3706041499972343e-05,353;200,2941.448926475326,2569,1
"bench_test.py::TestStringColumnTensor::test_tpch_string_processing[op=FilterScan,col=l_shipmode,pred=Eq,val=AIR-device=cuda-encoding=DictionaryEncoding-scale=1.0]",cuda,"[""FilterScan(col='l_shipmode', pred=PredicateEq(value='AIR'))""]",1.0,UNSERIALIZABLE[<class 'string_tensor.dictionary_encoding.DictionaryEncodingStringColumnTensor'>],0.0003342139534652233,0.00048725400120019913,0.0003451099492255842,8.695877890734165e-06,0.00034308992326259613,4.337751306593418e-06,259;284,2897.62726992939,2823,1
"bench_test.py::TestStringColumnTensor::test_tpch_string_processing[op=FilterScan,col=l_shipmode,pred=Eq,val=AIR-device=cuda-encoding=DictionaryEncoding-scale=1]",cuda,"[""FilterScan(col='l_shipmode', pred=PredicateEq(value='AIR'))""]",1,UNSERIALIZABLE[<class 'string_tensor.dictionary_encoding.DictionaryEncodingStringColumnTensor'>],0.0003342842683196068,0.0005538011901080608,0.0003453682857860556,9.20049667234879e-06,0.00034324126318097115,4.559289664030075e-06,210;231,2895.459835647641,2810,1
"bench_test.py::TestStringColumnTensor::test_tpch_string_processing[op=FilterScan,col=l_shipmode,pred=Eq,val=AIR-device=cuda-encoding=PlainEncoding-scale=0.4]",cuda,"[""FilterScan(col='l_shipmode', pred=PredicateEq(value='AIR'))""]",0.4,UNSERIALIZABLE[<class 'string_tensor.plain_encoding.PlainEncodingStringColumnTensor'>],0.0003410973586142063,0.0005992860533297062,0.00036956985108715213,2.9858809040356564e-05,0.0003510359674692154,5.855062045156956e-05,765;4,2705.848426375504,2316,1
"bench_test.py::TestStringColumnTensor::test_tpch_string_processing[op=FilterScan,col=l_shipmode,pred=Eq,val=AIR-device=cpu-encoding=DictionaryEncoding-scale=0.1]",cpu,"[""FilterScan(col='l_shipmode', pred=PredicateEq(value='AIR'))""]",0.1,UNSERIALIZABLE[<class 'string_tensor.dictionary_encoding.DictionaryEncodingStringColumnTensor'>],0.00034943316131830215,0.0017938027158379555,0.00037124070520112417,3.58947576979768e-05,0.000367817934602499,1.3378215953707695e-05,41;79,2693.6701336623037,1989,1
"bench_test.py::TestStringColumnTensor::test_tpch_string_processing[op=FilterScan,col=l_shipmode,pred=Eq,val=AIR-device=cuda-encoding=PlainEncoding-scale=0.5]",cuda,"[""FilterScan(col='l_shipmode', pred=PredicateEq(value='AIR'))""]",0.5,UNSERIALIZABLE[<class 'string_tensor.plain_encoding.PlainEncodingStringColumnTensor'>],0.00038883835077285767,0.002011396922171116,0.0004130767627127751,5.065241970394807e-05,0.0003971988335251808,1.4347955584526062e-05,362;404,2420.857550622693,2058,1
"bench_test.py::TestStringColumnTensor::test_tpch_string_processing[op=FilterScan,col=l_shipmode,pred=Eq,val=AIR-device=cuda-encoding=DictionaryEncoding-scale=2]",cuda,"[""FilterScan(col='l_shipmode', pred=PredicateEq(value='AIR'))""]",2,UNSERIALIZABLE[<class 'string_tensor.dictionary_encoding.DictionaryEncodingStringColumnTensor'>],0.00043422402814030647,0.0006317594088613987,0.0004478789038701621,1.170801532591526e-05,0.00044482387602329254,6.2533654272556305e-06,216;220,2232.7463771097714,2166,1
"bench_test.py::TestStringColumnTensor::test_tpch_string_processing[op=FilterScan,col=l_shipmode,pred=Eq,val=AIR-device=cuda-encoding=PlainEncoding-scale=0.6]",cuda,"[""FilterScan(col='l_shipmode', pred=PredicateEq(value='AIR'))""]",0.6,UNSERIALIZABLE[<class 'string_tensor.plain_encoding.PlainEncodingStringColumnTensor'>],0.0004390035755932331,0.0007227007299661636,0.00046372587557559115,3.538886706165791e-05,0.0004462171345949173,1.35109294205904e-05,337;359,2156.446410842976,1811,1
"bench_test.py::TestStringColumnTensor::test_tpch_string_processing[op=FilterScan,col=l_shipmode,pred=Eq,val=AIR-device=cuda-encoding=PlainEncoding-scale=0.7]",cuda,"[""FilterScan(col='l_shipmode', pred=PredicateEq(value='AIR'))""]",0.7,UNSERIALIZABLE[<class 'string_tensor.plain_encoding.PlainEncodingStringColumnTensor'>],0.0004904703237116337,0.0006532990373671055,0.0005150340508436177,3.8143814462089484e-05,0.0004965669941157103,1.1175870895385742e-05,273;288,1941.6191965599476,1532,1
"bench_test.py::TestStringColumnTensor::test_tpch_string_processing[op=FilterScan,col=l_shipmode,pred=Eq,val=AIR-device=cuda-encoding=DictionaryEncoding-scale=3]",cuda,"[""FilterScan(col='l_shipmode', pred=PredicateEq(value='AIR'))""]",3,UNSERIALIZABLE[<class 'string_tensor.dictionary_encoding.DictionaryEncodingStringColumnTensor'>],0.0005325102247297764,0.0006567058153450489,0.0005457152412234686,8.218062157814552e-06,0.0005440518725663424,6.2622129917144775e-06,235;116,1832.4575244738369,1702,1
"bench_test.py::TestStringColumnTensor::test_tpch_string_processing[op=FilterScan,col=l_shipmode,pred=Eq,val=AIR-device=cuda-encoding=PlainEncoding-scale=0.8]",cuda,"[""FilterScan(col='l_shipmode', pred=PredicateEq(value='AIR'))""]",0.8,UNSERIALIZABLE[<class 'string_tensor.plain_encoding.PlainEncodingStringColumnTensor'>],0.0005375398322939873,0.0007489309646189213,0.0005611311581684746,3.7761520090582194e-05,0.000546647235751152,1.3369717635214329e-05,183;186,1782.1145474508812,1487,1
"bench_test.py::TestStringColumnTensor::test_tpch_string_processing[op=FilterScan,col=l_shipmode,pred=Eq,val=AIR-device=cpu-encoding=DictionaryEncoding-scale=0.2]",cpu,"[""FilterScan(col='l_shipmode', pred=PredicateEq(value='AIR'))""]",0.2,UNSERIALIZABLE[<class 'string_tensor.dictionary_encoding.DictionaryEncodingStringColumnTensor'>],0.0005785282701253891,0.0035520498640835285,0.000615382849905333,8.608020289129238e-05,0.0006100630853325129,1.1993572115898132e-05,6;97,1625.0046619821048,1238,1
"bench_test.py::TestStringColumnTensor::test_tpch_string_processing[op=FilterScan,col=l_shipmode,pred=Eq,val=AIR-device=cuda-encoding=PlainEncoding-scale=0.9]",cuda,"[""FilterScan(col='l_shipmode', pred=PredicateEq(value='AIR'))""]",0.9,UNSERIALIZABLE[<class 'string_tensor.plain_encoding.PlainEncodingStringColumnTensor'>],0.0005879560485482216,0.0008556628599762917,0.0006265519418959677,5.583665147635279e-05,0.0005942524876445532,3.489595837891102e-05,317;317,1596.036869623236,1284,1
"bench_test.py::TestStringColumnTensor::test_tpch_string_processing[op=FilterScan,col=l_shipmode,pred=Eq,val=AIR-device=cuda-encoding=PlainEncoding-scale=1.0]",cuda,"[""FilterScan(col='l_shipmode', pred=PredicateEq(value='AIR'))""]",1.0,UNSERIALIZABLE[<class 'string_tensor.plain_encoding.PlainEncodingStringColumnTensor'>],0.000635495875030756,0.0008712029084563255,0.0006759348010744716,5.8611393254391824e-05,0.0006434409879148006,2.2667343728244305e-05,294;294,1479.4326293163062,1243,1
"bench_test.py::TestStringColumnTensor::test_tpch_string_processing[op=FilterScan,col=l_shipmode,pred=Eq,val=AIR-device=cuda-encoding=PlainEncoding-scale=1]",cuda,"[""FilterScan(col='l_shipmode', pred=PredicateEq(value='AIR'))""]",1,UNSERIALIZABLE[<class 'string_tensor.plain_encoding.PlainEncodingStringColumnTensor'>],0.0006358372047543526,0.0009749899618327618,0.0006674411581270249,5.261509911548105e-05,0.0006431299261748791,7.378985174000263e-06,218;245,1498.259416314994,1263,1
"bench_test.py::TestStringColumnTensor::test_tpch_string_processing[op=FilterScan,col=l_shipmode,pred=Eq,val=AIR-device=cuda-encoding=DictionaryEncoding-scale=4]",cuda,"[""FilterScan(col='l_shipmode', pred=PredicateEq(value='AIR'))""]",4,UNSERIALIZABLE[<class 'string_tensor.dictionary_encoding.DictionaryEncodingStringColumnTensor'>],0.0006399340927600861,0.0008638789877295494,0.0006630945105465739,2.0246680871479686e-05,0.0006559141911566257,2.137769479304552e-05,208;61,1508.0806492813858,1169,1
"bench_test.py::TestStringColumnTensor::test_tpch_string_processing[op=FilterScan,col=l_shipmode,pred=Eq,val=AIR-device=cpu-encoding=CDictionaryEncoding-scale=0.1]",cpu,"[""FilterScan(col='l_shipmode', pred=PredicateEq(value='AIR'))""]",0.1,UNSERIALIZABLE[<class 'string_tensor.dictionary_encoding.CDictionaryEncodingStringColumnTensor'>],0.0006483900360763073,0.0022250008769333363,0.0007447283149670108,5.4943253105339156e-05,0.000747353071346879,5.1647890359163284e-05,106;5,1342.771558302167,1252,1
"bench_test.py::TestStringColumnTensor::test_tpch_string_processing[op=FilterScan,col=l_shipmode,pred=Eq,val=AIR-device=cuda-encoding=DictionaryEncoding-scale=5]",cuda,"[""FilterScan(col='l_shipmode', pred=PredicateEq(value='AIR'))""]",5,UNSERIALIZABLE[<class 'string_tensor.dictionary_encoding.DictionaryEncodingStringColumnTensor'>],0.0007502040825784206,0.0009091151878237724,0.0007800780535197645,2.2856849897223395e-05,0.0007729660719633102,2.675876021385193e-05,205;37,1281.92300179185,986,1
"bench_test.py::TestStringColumnTensor::test_tpch_string_processing[op=FilterScan,col=l_shipmode,pred=Eq,val=AIR-device=cpu-encoding=DictionaryEncoding-scale=0.3]",cpu,"[""FilterScan(col='l_shipmode', pred=PredicateEq(value='AIR'))""]",0.3,UNSERIALIZABLE[<class 'string_tensor.dictionary_encoding.DictionaryEncodingStringColumnTensor'>],0.0008023716509342194,0.001062937080860138,0.0008468825030378056,2.1046606855896072e-05,0.000846510985866189,2.179061993956566e-05,153;32,1180.8013466011578,902,1
"bench_test.py::TestStringColumnTensor::test_tpch_string_processing[op=FilterScan,col=l_shipmode,pred=Eq,val=AIR-device=cuda-encoding=DictionaryEncoding-scale=6]",cuda,"[""FilterScan(col='l_shipmode', pred=PredicateEq(value='AIR'))""]",6,UNSERIALIZABLE[<class 'string_tensor.dictionary_encoding.DictionaryEncodingStringColumnTensor'>],0.0008621858432888985,0.0010153460316359997,0.0008921040581019155,2.302069433722442e-05,0.0008856554049998522,2.6409048587083817e-05,179;33,1120.9454669757351,838,1
"bench_test.py::TestStringColumnTensor::test_tpch_string_processing[op=FilterScan,col=l_shipmode,pred=Eq,val=AIR-device=cpu-encoding=CDictionaryEncoding-scale=0.2]",cpu,"[""FilterScan(col='l_shipmode', pred=PredicateEq(value='AIR'))""]",0.2,UNSERIALIZABLE[<class 'string_tensor.dictionary_encoding.CDictionaryEncodingStringColumnTensor'>],0.0008986350148916245,0.0014007771387696266,0.0009499627225612458,3.514627555712518e-05,0.0009420230053365231,4.0256185457110405e-05,161;27,1052.6728852094807,976,1
"bench_test.py::TestStringColumnTensor::test_tpch_string_processing[op=FilterScan,col=l_shipmode,pred=Eq,val=AIR-device=cuda-encoding=CPlainEncoding-scale=0.2]",cuda,"[""FilterScan(col='l_shipmode', pred=PredicateEq(value='AIR'))""]",0.2,UNSERIALIZABLE[<class 'string_tensor.cplain_encoding.CPlainEncodingStringColumnTensor'>],0.0009152260608971119,0.0018785642459988594,0.0009351466844279603,3.4161893298813535e-05,0.00093055609613657,7.889699190855026e-06,37;87,1069.3509549378462,933,1
"bench_test.py::TestStringColumnTensor::test_tpch_string_processing[op=FilterScan,col=l_shipmode,pred=Eq,val=AIR-device=cuda-encoding=CPlainEncoding-scale=0.1]",cuda,"[""FilterScan(col='l_shipmode', pred=PredicateEq(value='AIR'))""]",0.1,UNSERIALIZABLE[<class 'string_tensor.cplain_encoding.CPlainEncodingStringColumnTensor'>],0.0009158882312476635,0.0010816622525453568,0.0009363993557120268,1.5119339636544541e-05,0.0009324389975517988,8.646398782730103e-06,131;101,1067.9204272194443,1048,1
"bench_test.py::TestStringColumnTensor::test_tpch_string_processing[op=FilterScan,col=l_shipmode,pred=Eq,val=AIR-device=cuda-encoding=CPlainEncoding-scale=0.3]",cuda,"[""FilterScan(col='l_shipmode', pred=PredicateEq(value='AIR'))""]",0.3,UNSERIALIZABLE[<class 'string_tensor.cplain_encoding.CPlainEncodingStringColumnTensor'>],0.0009239232167601585,0.0011492203921079636,0.0009513974974640892,1.9748560011291478e-05,0.0009465962648391724,1.5100464224815369e-05,150;73,1051.085379839088,1043,1
"bench_test.py::TestStringColumnTensor::test_tpch_string_processing[op=FilterScan,col=l_shipmode,pred=Eq,val=AIR-device=cuda-encoding=CDictionaryEncoding-scale=0.4]",cuda,"[""FilterScan(col='l_shipmode', pred=PredicateEq(value='AIR'))""]",0.4,UNSERIALIZABLE[<class 'string_tensor.dictionary_encoding.CDictionaryEncodingStringColumnTensor'>],0.0009371479973196983,0.001179588958621025,0.0009749812058437773,2.3963072651790983e-05,0.0009671649895608425,2.9991264455020428e-05,236;25,1025.6607963376798,1017,1
"bench_test.py::TestStringColumnTensor::test_tpch_string_processing[op=FilterScan,col=l_shipmode,pred=Eq,val=AIR-device=cuda-encoding=CPlainEncoding-scale=0.4]",cuda,"[""FilterScan(col='l_shipmode', pred=PredicateEq(value='AIR'))""]",0.4,UNSERIALIZABLE[<class 'string_tensor.cplain_encoding.CPlainEncodingStringColumnTensor'>],0.0009383503347635269,0.0011350130662322044,0.0009593063486756159,1.7519678942353462e-05,0.000954190269112587,1.0019051842391491e-05,153;145,1042.4198707540759,1037,1
"bench_test.py::TestStringColumnTensor::test_tpch_string_processing[op=FilterScan,col=l_shipmode,pred=Eq,val=AIR-device=cuda-encoding=CDictionaryEncoding-scale=0.3]",cuda,"[""FilterScan(col='l_shipmode', pred=PredicateEq(value='AIR'))""]",0.3,UNSERIALIZABLE[<class 'string_tensor.dictionary_encoding.CDictionaryEncodingStringColumnTensor'>],0.0009391619823873043,0.00115103367716074,0.0009675626916117157,1.9687780726601047e-05,0.0009618047624826431,2.125813625752926e-05,163;35,1033.5247614128773,1023,1
"bench_test.py::TestStringColumnTensor::test_tpch_string_processing[op=FilterScan,col=l_shipmode,pred=Eq,val=AIR-device=cuda-encoding=CDictionaryEncoding-scale=0.1]",cuda,"[""FilterScan(col='l_shipmode', pred=PredicateEq(value='AIR'))""]",0.1,UNSERIALIZABLE[<class 'string_tensor.dictionary_encoding.CDictionaryEncodingStringColumnTensor'>],0.0009398628026247025,0.0010408847592771053,0.0009612384211952584,1.3696272992506463e-05,0.0009571858681738377,9.623821824789047e-06,169;110,1040.3246249318076,1040,1
"bench_test.py::TestStringColumnTensor::test_tpch_string_processing[op=FilterScan,col=l_shipmode,pred=Eq,val=AIR-device=cuda-encoding=CDictionaryEncoding-scale=0.2]",cuda,"[""FilterScan(col='l_shipmode', pred=PredicateEq(value='AIR'))""]",0.2,UNSERIALIZABLE[<class 'string_tensor.dictionary_encoding.CDictionaryEncodingStringColumnTensor'>],0.0009417370893061161,0.0011641290038824081,0.0009729560493895956,1.8711291484789567e-05,0.0009666341356933117,2.059992402791977e-05,197;40,1027.7956549295018,1018,1
"bench_test.py::TestStringColumnTensor::test_tpch_string_processing[op=FilterScan,col=l_shipmode,pred=Eq,val=AIR-device=cuda-encoding=CDictionaryEncoding-scale=0.5]",cuda,"[""FilterScan(col='l_shipmode', pred=PredicateEq(value='AIR'))""]",0.5,UNSERIALIZABLE[<class 'string_tensor.dictionary_encoding.CDictionaryEncodingStringColumnTensor'>],0.000951114110648632,0.0011490699835121632,0.0009717018968052979,1.4561569861646337e-05,0.0009682369418442249,1.1161784641444683e-05,157;88,1029.1222063965697,1017,1
"bench_test.py::TestStringColumnTensor::test_tpch_string_processing[op=FilterScan,col=l_shipmode,pred=Eq,val=AIR-device=cuda-encoding=CPlainEncoding-scale=0.5]",cuda,"[""FilterScan(col='l_shipmode', pred=PredicateEq(value='AIR'))""]",0.5,UNSERIALIZABLE[<class 'string_tensor.cplain_encoding.CPlainEncodingStringColumnTensor'>],0.0009592799469828606,0.0012553208507597446,0.0009944045157448463,2.5436921180061713e-05,0.0009881849400699139,3.641389776021242e-05,231;10,1005.6269698765019,993,1
"bench_test.py::TestStringColumnTensor::test_tpch_string_processing[op=FilterScan,col=l_shipmode,pred=Eq,val=AIR-device=cuda-encoding=DictionaryEncoding-scale=7]",cuda,"[""FilterScan(col='l_shipmode', pred=PredicateEq(value='AIR'))""]",7,UNSERIALIZABLE[<class 'string_tensor.dictionary_encoding.DictionaryEncodingStringColumnTensor'>],0.000966142863035202,0.001722108107060194,0.0009833907469353324,2.9252462095911368e-05,0.0009799692779779434,7.531372830271721e-06,18;58,1016.8897796897411,771,1
"bench_test.py::TestStringColumnTensor::test_tpch_string_processing[op=FilterScan,col=l_shipmode,pred=Eq,val=AIR-device=cuda-encoding=CDictionaryEncoding-scale=0.6]",cuda,"[""FilterScan(col='l_shipmode', pred=PredicateEq(value='AIR'))""]",0.6,UNSERIALIZABLE[<class 'string_tensor.dictionary_encoding.CDictionaryEncodingStringColumnTensor'>],0.0009704716503620148,0.0011555920355021954,0.000996243869022446,1.767161102305419e-05,0.0009903188329190016,1.8194783478975296e-05,180;59,1003.7702926907241,1014,1
"bench_test.py::TestStringColumnTensor::test_tpch_string_processing[op=FilterScan,col=l_shipmode,pred=Eq,val=AIR-device=cuda-encoding=CDictionaryEncoding-scale=0.7]",cuda,"[""FilterScan(col='l_shipmode', pred=PredicateEq(value='AIR'))""]",0.7,UNSERIALIZABLE[<class 'string_tensor.dictionary_encoding.CDictionaryEncodingStringColumnTensor'>],0.000978155992925167,0.0011933441273868084,0.0010011883885308933,1.892703520463882e-05,0.0009951279498636723,1.237576361745596e-05,149;126,998.813022060077,977,1
"bench_test.py::TestStringColumnTensor::test_tpch_string_processing[op=FilterScan,col=l_shipmode,pred=Eq,val=AIR-device=cuda-encoding=CPlainEncoding-scale=0.6]",cuda,"[""FilterScan(col='l_shipmode', pred=PredicateEq(value='AIR'))""]",0.6,UNSERIALIZABLE[<class 'string_tensor.cplain_encoding.CPlainEncodingStringColumnTensor'>],0.000979578122496605,0.0011771530844271183,0.0010011446457571663,1.7299213569190766e-05,0.0009970320388674736,1.2864591553807259e-05,133;83,998.856662958727,951,1
"bench_test.py::TestStringColumnTensor::test_tpch_string_processing[op=FilterScan,col=l_shipmode,pred=Eq,val=AIR-device=cuda-encoding=CDictionaryEncoding-scale=0.8]",cuda,"[""FilterScan(col='l_shipmode', pred=PredicateEq(value='AIR'))""]",0.8,UNSERIALIZABLE[<class 'string_tensor.dictionary_encoding.CDictionaryEncodingStringColumnTensor'>],0.0009890771470963955,0.0011843969114124775,0.0010205408794134404,1.9627637321516793e-05,0.0010155360214412212,1.7578131519258022e-05,192;75,979.8725559869328,991,1
"bench_test.py::TestStringColumnTensor::test_tpch_string_processing[op=FilterScan,col=l_shipmode,pred=Eq,val=AIR-device=cuda-encoding=CDictionaryEncoding-scale=0.9]",cuda,"[""FilterScan(col='l_shipmode', pred=PredicateEq(value='AIR'))""]",0.9,UNSERIALIZABLE[<class 'string_tensor.dictionary_encoding.CDictionaryEncodingStringColumnTensor'>],0.0009936559945344925,0.0011798683553934097,0.001022975322899449,1.627528636439683e-05,0.0010188124142587185,1.532910391688347e-05,189;66,977.5406870672803,974,1
"bench_test.py::TestStringColumnTensor::test_tpch_string_processing[op=FilterScan,col=l_shipmode,pred=Eq,val=AIR-device=cuda-encoding=CDictionaryEncoding-scale=1]",cuda,"[""FilterScan(col='l_shipmode', pred=PredicateEq(value='AIR'))""]",1,UNSERIALIZABLE[<class 'string_tensor.dictionary_encoding.CDictionaryEncodingStringColumnTensor'>],0.0010004881769418716,0.0011680158786475658,0.0010310691831606894,1.4187427182132619e-05,0.0010283158626407385,1.1142808943986893e-05,168;84,969.8670237961643,982,1
"bench_test.py::TestStringColumnTensor::test_tpch_string_processing[op=FilterScan,col=l_shipmode,pred=Eq,val=AIR-device=cuda-encoding=CDictionaryEncoding-scale=1.0]",cuda,"[""FilterScan(col='l_shipmode', pred=PredicateEq(value='AIR'))""]",1.0,UNSERIALIZABLE[<class 'string_tensor.dictionary_encoding.CDictionaryEncodingStringColumnTensor'>],0.0010043960064649582,0.0016957679763436317,0.0010340022715432022,2.5722513932243488e-05,0.0010314667597413063,1.056829933077097e-05,49;64,967.115863785816,971,1
"bench_test.py::TestStringColumnTensor::test_tpch_string_processing[op=FilterScan,col=l_shipmode,pred=Eq,val=AIR-device=cuda-encoding=CPlainEncoding-scale=0.7]",cuda,"[""FilterScan(col='l_shipmode', pred=PredicateEq(value='AIR'))""]",0.7,UNSERIALIZABLE[<class 'string_tensor.cplain_encoding.CPlainEncodingStringColumnTensor'>],0.0010205567814409733,0.001111478079110384,0.0010392174682926744,1.3332271885889146e-05,0.0010349235963076353,1.1792173609137535e-05,144;88,962.2625008824142,956,1
"bench_test.py::TestStringColumnTensor::test_tpch_string_processing[op=FilterScan,col=l_shipmode,pred=Eq,val=AIR-device=cpu-encoding=DictionaryEncoding-scale=0.4]",cpu,"[""FilterScan(col='l_shipmode', pred=PredicateEq(value='AIR'))""]",0.4,UNSERIALIZABLE[<class 'string_tensor.dictionary_encoding.DictionaryEncodingStringColumnTensor'>],0.0010486701503396034,0.001314062625169754,0.0011015074759526595,2.5827002006485132e-05,0.0010972018353641033,2.0538573153316975e-05,134;57,907.8467662102167,649,1
"bench_test.py::TestStringColumnTensor::test_tpch_string_processing[op=FilterScan,col=l_shipmode,pred=Eq,val=AIR-device=cuda-encoding=DictionaryEncoding-scale=8]",cuda,"[""FilterScan(col='l_shipmode', pred=PredicateEq(value='AIR'))""]",8,UNSERIALIZABLE[<class 'string_tensor.dictionary_encoding.DictionaryEncodingStringColumnTensor'>],0.0010716640390455723,0.0012256358750164509,0.0010886882766813254,1.3986445191312876e-05,0.0010859197936952114,8.543138392269611e-06,59;51,918.5365741682496,695,1
"bench_test.py::TestStringColumnTensor::test_tpch_string_processing[op=FilterScan,col=l_shipmode,pred=Eq,val=AIR-device=cuda-encoding=CPlainEncoding-scale=0.8]",cuda,"[""FilterScan(col='l_shipmode', pred=PredicateEq(value='AIR'))""]",0.8,UNSERIALIZABLE[<class 'string_tensor.cplain_encoding.CPlainEncodingStringColumnTensor'>],0.0010959291830658913,0.0012731663882732391,0.0011209723172544565,1.806531211276006e-05,0.0011149458587169647,1.7781159840524197e-05,167;55,892.0826898288192,893,1
"bench_test.py::TestStringColumnTensor::test_tpch_string_processing[op=FilterScan,col=l_shipmode,pred=Eq,val=AIR-device=cuda-encoding=CDictionaryEncoding-scale=2]",cuda,"[""FilterScan(col='l_shipmode', pred=PredicateEq(value='AIR'))""]",2,UNSERIALIZABLE[<class 'string_tensor.dictionary_encoding.CDictionaryEncodingStringColumnTensor'>],0.0011069797910749912,0.0012348229065537453,0.0011333948131168788,1.545866347106655e-05,0.0011292528361082077,1.4476827345788479e-05,182;74,882.3050788894667,889,1
"bench_test.py::TestStringColumnTensor::test_tpch_string_processing[op=FilterScan,col=l_shipmode,pred=Eq,val=AIR-device=cuda-encoding=CPlainEncoding-scale=0.9]",cuda,"[""FilterScan(col='l_shipmode', pred=PredicateEq(value='AIR'))""]",0.9,UNSERIALIZABLE[<class 'string_tensor.cplain_encoding.CPlainEncodingStringColumnTensor'>],0.0011251550167798996,0.0013030418194830418,0.0011512744794309345,1.535545649421605e-05,0.0011472420301288366,1.459755003452301e-05,157;44,868.6025946603904,866,1
"bench_test.py::TestStringColumnTensor::test_tpch_string_processing[op=FilterScan,col=l_shipmode,pred=Eq,val=AIR-device=cuda-encoding=PlainEncoding-scale=2]",cuda,"[""FilterScan(col='l_shipmode', pred=PredicateEq(value='AIR'))""]",2,UNSERIALIZABLE[<class 'string_tensor.plain_encoding.PlainEncodingStringColumnTensor'>],0.0011306959204375744,0.002617546822875738,0.0011906307217265878,0.00011533605520716553,0.0011409546714276075,2.5798799470067024e-05,109;120,839.8909769015992,700,1
"bench_test.py::TestStringColumnTensor::test_tpch_string_processing[op=FilterScan,col=l_shipmode,pred=Eq,val=AIR-device=cpu-encoding=CDictionaryEncoding-scale=0.3]",cpu,"[""FilterScan(col='l_shipmode', pred=PredicateEq(value='AIR'))""]",0.3,UNSERIALIZABLE[<class 'string_tensor.dictionary_encoding.CDictionaryEncodingStringColumnTensor'>],0.0011393111199140549,0.001500115729868412,0.001221732460887906,4.687760157465491e-05,0.001210327260196209,4.987430293112993e-05,203;44,818.5098063722071,805,1
"bench_test.py::TestStringColumnTensor::test_tpch_string_processing[op=FilterScan,col=l_shipmode,pred=Eq,val=AIR-device=cuda-encoding=CPlainEncoding-scale=1]",cuda,"[""FilterScan(col='l_shipmode', pred=PredicateEq(value='AIR'))""]",1,UNSERIALIZABLE[<class 'string_tensor.cplain_encoding.CPlainEncodingStringColumnTensor'>],0.0011829650029540062,0.002265067771077156,0.0012108410579444717,4.071667184536327e-05,0.0012065789196640253,1.1962838470935822e-05,20;46,825.8722261182683,822,1
"bench_test.py::TestStringColumnTensor::test_tpch_string_processing[op=FilterScan,col=l_shipmode,pred=Eq,val=AIR-device=cuda-encoding=DictionaryEncoding-scale=9]",cuda,"[""FilterScan(col='l_shipmode', pred=PredicateEq(value='AIR'))""]",9,UNSERIALIZABLE[<class 'string_tensor.dictionary_encoding.DictionaryEncodingStringColumnTensor'>],0.0011835051700472832,0.00234077125787735,0.0012191671308780677,5.154024675731369e-05,0.0012126609217375517,3.0476832762360573e-05,17;13,820.2320868671884,584,1
"bench_test.py::TestStringColumnTensor::test_tpch_string_processing[op=FilterScan,col=l_shipmode,pred=Eq,val=AIR-device=cuda-encoding=CPlainEncoding-scale=1.0]",cuda,"[""FilterScan(col='l_shipmode', pred=PredicateEq(value='AIR'))""]",1.0,UNSERIALIZABLE[<class 'string_tensor.cplain_encoding.CPlainEncodingStringColumnTensor'>],0.0011860798113048077,0.0014098049141466618,0.001208750379059319,1.524228161536383e-05,0.0012065793853253126,1.1000782251358032e-05,89;43,827.3006712752602,824,1
"bench_test.py::TestStringColumnTensor::test_tpch_string_processing[op=FilterScan,col=l_shipmode,pred=Eq,val=AIR-device=cuda-encoding=CDictionaryEncoding-scale=3]",cuda,"[""FilterScan(col='l_shipmode', pred=PredicateEq(value='AIR'))""]",3,UNSERIALIZABLE[<class 'string_tensor.dictionary_encoding.CDictionaryEncodingStringColumnTensor'>],0.001204736065119505,0.0013588680885732174,0.001229391725524804,1.4454359090326348e-05,0.0012263571843504906,1.0399380698800087e-05,133;79,813.4103876232932,784,1
"bench_test.py::TestStringColumnTensor::test_tpch_string_processing[op=FilterScan,col=l_shipmode,pred=Eq,val=AIR-device=cuda-encoding=DictionaryEncoding-scale=10]",cuda,"[""FilterScan(col='l_shipmode', pred=PredicateEq(value='AIR'))""]",10,UNSERIALIZABLE[<class 'string_tensor.dictionary_encoding.DictionaryEncodingStringColumnTensor'>],0.0012915702536702156,0.0014890758320689201,0.0013290143679649405,2.8494405103544584e-05,0.0013226547744125128,3.7200748920440674e-05,137;11,752.4373130226235,544,1
"bench_test.py::TestStringColumnTensor::test_tpch_string_processing[op=FilterScan,col=l_shipmode,pred=Eq,val=AIR-device=cpu-encoding=DictionaryEncoding-scale=0.5]",cpu,"[""FilterScan(col='l_shipmode', pred=PredicateEq(value='AIR'))""]",0.5,UNSERIALIZABLE[<class 'string_tensor.dictionary_encoding.DictionaryEncodingStringColumnTensor'>],0.0013076714240014553,0.001583583652973175,0.0013719583238144554,2.8534019304134634e-05,0.0013688120525330305,2.6870518922805786e-05,133;28,728.8851145417451,620,1
"bench_test.py::TestStringColumnTensor::test_tpch_string_processing[op=FilterScan,col=l_shipmode,pred=Eq,val=AIR-device=cuda-encoding=CDictionaryEncoding-scale=4]",cuda,"[""FilterScan(col='l_shipmode', pred=PredicateEq(value='AIR'))""]",4,UNSERIALIZABLE[<class 'string_tensor.dictionary_encoding.CDictionaryEncodingStringColumnTensor'>],0.0013085519894957542,0.0014502322301268578,0.0013564122249131688,1.6213334978552667e-05,0.0013541497755795717,1.855473965406418e-05,154;22,737.2390056894506,658,1
"bench_test.py::TestStringColumnTensor::test_tpch_string_processing[op=FilterScan,col=l_shipmode,pred=Eq,val=AIR-device=cpu-encoding=CDictionaryEncoding-scale=0.4]",cpu,"[""FilterScan(col='l_shipmode', pred=PredicateEq(value='AIR'))""]",0.4,UNSERIALIZABLE[<class 'string_tensor.dictionary_encoding.CDictionaryEncodingStringColumnTensor'>],0.001378416083753109,0.0019331681542098522,0.0014585303481946443,4.2188113797171085e-05,0.0014545400626957417,4.4058775529265404e-05,102;16,685.6216610355698,549,1
"bench_test.py::TestStringColumnTensor::test_tpch_string_processing[op=FilterScan,col=l_shipmode,pred=Eq,val=AIR-device=cuda-encoding=CDictionaryEncoding-scale=5]",cuda,"[""FilterScan(col='l_shipmode', pred=PredicateEq(value='AIR'))""]",5,UNSERIALIZABLE[<class 'string_tensor.dictionary_encoding.CDictionaryEncodingStringColumnTensor'>],0.001426456030458212,0.002407148014754057,0.0014714296143886047,4.8456434149245374e-05,0.001462089130654931,3.724126145243645e-05,35;13,679.6111687717465,582,1
"bench_test.py::TestStringColumnTensor::test_tpch_string_processing[op=FilterScan,col=l_shipmode,pred=Eq,val=AIR-device=cuda-encoding=CDictionaryEncoding-scale=6]",cuda,"[""FilterScan(col='l_shipmode', pred=PredicateEq(value='AIR'))""]",6,UNSERIALIZABLE[<class 'string_tensor.dictionary_encoding.CDictionaryEncodingStringColumnTensor'>],0.0015399721451103687,0.0016827629879117012,0.0015775129615223451,2.4944054277542734e-05,0.0015717926435172558,2.7042347937822342e-05,125;25,633.9092130406151,546,1
"bench_test.py::TestStringColumnTensor::test_tpch_string_processing[op=FilterScan,col=l_shipmode,pred=Eq,val=AIR-device=cuda-encoding=PlainEncoding-scale=3]",cuda,"[""FilterScan(col='l_shipmode', pred=PredicateEq(value='AIR'))""]",3,UNSERIALIZABLE[<class 'string_tensor.plain_encoding.PlainEncodingStringColumnTensor'>],0.0016334690153598785,0.002106906846165657,0.001715476662640024,0.0001447872558495033,0.0016486779786646366,3.974512219429016e-05,73;73,582.9283614159199,466,1
"bench_test.py::TestStringColumnTensor::test_tpch_string_processing[op=FilterScan,col=l_shipmode,pred=Eq,val=AIR-device=cuda-encoding=CDictionaryEncoding-scale=7]",cuda,"[""FilterScan(col='l_shipmode', pred=PredicateEq(value='AIR'))""]",7,UNSERIALIZABLE[<class 'string_tensor.dictionary_encoding.CDictionaryEncodingStringColumnTensor'>],0.00164395896717906,0.0018042530864477158,0.0016655326607405198,1.798088777616547e-05,0.0016615376807749271,1.0961201041936874e-05,38;33,600.408520091936,506,1
"bench_test.py::TestStringColumnTensor::test_tpch_string_processing[op=FilterScan,col=l_shipmode,pred=Eq,val=AIR-device=cpu-encoding=CDictionaryEncoding-scale=0.5]",cpu,"[""FilterScan(col='l_shipmode', pred=PredicateEq(value='AIR'))""]",0.5,UNSERIALIZABLE[<class 'string_tensor.dictionary_encoding.CDictionaryEncodingStringColumnTensor'>],0.0016771620139479637,0.002096096985042095,0.0017919782865515686,5.460529881402576e-05,0.001786068081855774,6.821379065513611e-05,125;14,558.0424760192665,471,1
"bench_test.py::TestStringColumnTensor::test_tpch_string_processing[op=FilterScan,col=l_shipmode,pred=Eq,val=AIR-device=cpu-encoding=PlainEncoding-scale=0.1]",cpu,"[""FilterScan(col='l_shipmode', pred=PredicateEq(value='AIR'))""]",0.1,UNSERIALIZABLE[<class 'string_tensor.plain_encoding.PlainEncodingStringColumnTensor'>],0.0016902661882340908,0.0034070750698447227,0.0017317181313285558,9.174707163906869e-05,0.0017228489741683006,1.6707461327314377e-05,7;21,577.461182572946,373,1
"bench_test.py::TestStringColumnTensor::test_tpch_string_processing[op=FilterScan,col=l_shipmode,pred=Eq,val=AIR-device=cuda-encoding=CPlainEncoding-scale=2]",cuda,"[""FilterScan(col='l_shipmode', pred=PredicateEq(value='AIR'))""]",2,UNSERIALIZABLE[<class 'string_tensor.cplain_encoding.CPlainEncodingStringColumnTensor'>],0.0017062569968402386,0.0019502202048897743,0.0017700517064634157,4.425615568833765e-05,0.0017663217149674892,7.772189565002918e-05,236;2,564.9552475492436,564,1
"bench_test.py::TestStringColumnTensor::test_tpch_string_processing[op=FilterScan,col=l_shipmode,pred=Eq,val=AIR-device=cuda-encoding=CDictionaryEncoding-scale=8]",cuda,"[""FilterScan(col='l_shipmode', pred=PredicateEq(value='AIR'))""]",8,UNSERIALIZABLE[<class 'string_tensor.dictionary_encoding.CDictionaryEncodingStringColumnTensor'>],0.001740931998938322,0.00436085369437933,0.001775737397141882,0.0001217364772796746,0.0017653743270784616,1.3917917385697365e-05,4;44,563.1463309887705,468,1
"bench_test.py::TestStringColumnTensor::test_tpch_string_processing[op=FilterScan,col=l_shipmode,pred=Eq,val=AIR-device=cpu-encoding=DictionaryEncoding-scale=0.6]",cpu,"[""FilterScan(col='l_shipmode', pred=PredicateEq(value='AIR'))""]",0.6,UNSERIALIZABLE[<class 'string_tensor.dictionary_encoding.DictionaryEncodingStringColumnTensor'>],0.0018059168942272663,0.02268310682848096,0.0019402275725439624,0.0010260177633867886,0.0018712603487074375,6.295437924563885e-05,1;25,515.4034578989273,412,1
"bench_test.py::TestStringColumnTensor::test_tpch_string_processing[op=FilterScan,col=l_shipmode,pred=Eq,val=AIR-device=cuda-encoding=CDictionaryEncoding-scale=9]",cuda,"[""FilterScan(col='l_shipmode', pred=PredicateEq(value='AIR'))""]",9,UNSERIALIZABLE[<class 'string_tensor.dictionary_encoding.CDictionaryEncodingStringColumnTensor'>],0.001859347801655531,0.002128378953784704,0.0019030547265311798,2.9519920859496607e-05,0.0018964679911732674,3.446056507527828e-05,81;10,525.4709631092766,417,1
"bench_test.py::TestStringColumnTensor::test_tpch_string_processing[op=FilterScan,col=l_shipmode,pred=Eq,val=AIR-device=cuda-encoding=CDictionaryEncoding-scale=10]",cuda,"[""FilterScan(col='l_shipmode', pred=PredicateEq(value='AIR'))""]",10,UNSERIALIZABLE[<class 'string_tensor.dictionary_encoding.CDictionaryEncodingStringColumnTensor'>],0.001969465985894203,0.002268554177135229,0.0020064797723972345,2.8505530014598242e-05,0.0019995728507637978,3.162166103720665e-05,83;14,498.3852883825754,395,1
"bench_test.py::TestStringColumnTensor::test_tpch_string_processing[op=FilterScan,col=l_shipmode,pred=Eq,val=AIR-device=cuda-encoding=PlainEncoding-scale=4]",cuda,"[""FilterScan(col='l_shipmode', pred=PredicateEq(value='AIR'))""]",4,UNSERIALIZABLE[<class 'string_tensor.plain_encoding.PlainEncodingStringColumnTensor'>],0.0021378658711910248,0.0027768188156187534,0.0022560134229218857,0.00020537247871250526,0.0021537060383707285,3.987504169344902e-05,67;68,443.25977400650635,356,1
"bench_test.py::TestStringColumnTensor::test_tpch_string_processing[op=FilterScan,col=l_shipmode,pred=Eq,val=AIR-device=cpu-encoding=CDictionaryEncoding-scale=0.6]",cpu,"[""FilterScan(col='l_shipmode', pred=PredicateEq(value='AIR'))""]",0.6,UNSERIALIZABLE[<class 'string_tensor.dictionary_encoding.CDictionaryEncodingStringColumnTensor'>],0.0021905871108174324,0.0026067961007356644,0.002315382859328898,6.846605498694908e-05,0.00230872118845582,0.000104710110463202,128;4,431.8940152687513,369,1
"bench_test.py::TestStringColumnTensor::test_tpch_string_processing[op=FilterScan,col=l_shipmode,pred=Eq,val=AIR-device=cuda-encoding=CPlainEncoding-scale=3]",cuda,"[""FilterScan(col='l_shipmode', pred=PredicateEq(value='AIR'))""]",3,UNSERIALIZABLE[<class 'string_tensor.cplain_encoding.CPlainEncodingStringColumnTensor'>],0.0023208032362163067,0.0025170049630105495,0.002373095509101063,3.459635797641777e-05,0.0023637847043573856,4.606391303241253e-05,116;9,421.39054082100705,427,1
"bench_test.py::TestStringColumnTensor::test_tpch_string_processing[op=FilterScan,col=l_shipmode,pred=Eq,val=AIR-device=cpu-encoding=DictionaryEncoding-scale=0.7]",cpu,"[""FilterScan(col='l_shipmode', pred=PredicateEq(value='AIR'))""]",0.7,UNSERIALIZABLE[<class 'string_tensor.dictionary_encoding.DictionaryEncodingStringColumnTensor'>],0.0024059838615357876,0.0031550261192023754,0.0025252055901149153,0.00011006282253605984,0.0024916683323681355,0.00012185645755380392,52;17,396.00736031734067,341,1
"bench_test.py::TestStringColumnTensor::test_tpch_string_processing[op=FilterScan,col=l_shipmode,pred=Eq,val=AIR-device=cuda-encoding=PlainEncoding-scale=5]",cuda,"[""FilterScan(col='l_shipmode', pred=PredicateEq(value='AIR'))""]",5,UNSERIALIZABLE[<class 'string_tensor.plain_encoding.PlainEncodingStringColumnTensor'>],0.002651762217283249,0.003490111790597439,0.002810446315084808,0.0002652771570488345,0.002676689065992832,5.411740858107805e-05,58;59,355.8153716128977,287,1
"bench_test.py::TestStringColumnTensor::test_tpch_string_processing[op=FilterScan,col=l_shipmode,pred=Eq,val=AIR-device=cpu-encoding=CDictionaryEncoding-scale=0.7]",cpu,"[""FilterScan(col='l_shipmode', pred=PredicateEq(value='AIR'))""]",0.7,UNSERIALIZABLE[<class 'string_tensor.dictionary_encoding.CDictionaryEncodingStringColumnTensor'>],0.0027955537661910057,0.0035474710166454315,0.0029847557832417154,0.00012992339748128136,0.002967851236462593,0.0001653385115787387,94;7,335.03578604809985,307,1
"bench_test.py::TestStringColumnTensor::test_tpch_string_processing[op=FilterScan,col=l_shipmode,pred=Eq,val=AIR-device=cpu-encoding=DictionaryEncoding-scale=0.8]",cpu,"[""FilterScan(col='l_shipmode', pred=PredicateEq(value='AIR'))""]",0.8,UNSERIALIZABLE[<class 'string_tensor.dictionary_encoding.DictionaryEncodingStringColumnTensor'>],0.002950327005237341,0.0037768250331282616,0.0031355221147248893,0.00017587772741119422,0.0030441959388554096,0.00021844368893653154,54;5,318.9261511835135,277,1
"bench_test.py::TestStringColumnTensor::test_tpch_string_processing[op=FilterScan,col=l_shipmode,pred=Eq,val=AIR-device=cuda-encoding=CPlainEncoding-scale=4]",cuda,"[""FilterScan(col='l_shipmode', pred=PredicateEq(value='AIR'))""]",4,UNSERIALIZABLE[<class 'string_tensor.cplain_encoding.CPlainEncodingStringColumnTensor'>],0.002974142786115408,0.00322267459705472,0.0030784943231547887,5.780596188084216e-05,0.003077079076319933,9.58519522100687e-05,124;0,324.83412182329994,319,1
"bench_test.py::TestStringColumnTensor::test_tpch_string_processing[op=FilterScan,col=l_shipmode,pred=Eq,val=AIR-device=cuda-encoding=PlainEncoding-scale=6]",cuda,"[""FilterScan(col='l_shipmode', pred=PredicateEq(value='AIR'))""]",6,UNSERIALIZABLE[<class 'string_tensor.plain_encoding.PlainEncodingStringColumnTensor'>],0.003156619146466255,0.004064582288265228,0.0033983850441713873,0.0003520572049424345,0.0031812009401619434,0.0007780366577208042,65;0,294.2574155083199,234,1
"bench_test.py::TestStringColumnTensor::test_tpch_string_processing[op=FilterScan,col=l_shipmode,pred=Eq,val=AIR-device=cpu-encoding=PlainEncoding-scale=0.2]",cpu,"[""FilterScan(col='l_shipmode', pred=PredicateEq(value='AIR'))""]",0.2,UNSERIALIZABLE[<class 'string_tensor.plain_encoding.PlainEncodingStringColumnTensor'>],0.003300321754068136,0.005361393094062805,0.003411852922674614,0.00013538227920199158,0.003395993262529373,0.00010285223834216595,3;3,293.0958697997104,291,1
"bench_test.py::TestStringColumnTensor::test_tpch_string_processing[op=FilterScan,col=l_shipmode,pred=Eq,val=AIR-device=cpu-encoding=CDictionaryEncoding-scale=0.8]",cpu,"[""FilterScan(col='l_shipmode', pred=PredicateEq(value='AIR'))""]",0.8,UNSERIALIZABLE[<class 'string_tensor.dictionary_encoding.CDictionaryEncodingStringColumnTensor'>],0.003357980865985155,0.004069190938025713,0.0035827575450547147,0.00011981604030328438,0.0035708744544535875,0.0001613115891814232,74;6,279.1146170022868,276,1
"bench_test.py::TestStringColumnTensor::test_tpch_string_processing[op=FilterScan,col=l_shipmode,pred=Eq,val=AIR-device=cpu-encoding=DictionaryEncoding-scale=0.9]",cpu,"[""FilterScan(col='l_shipmode', pred=PredicateEq(value='AIR'))""]",0.9,UNSERIALIZABLE[<class 'string_tensor.dictionary_encoding.DictionaryEncodingStringColumnTensor'>],0.0035457578487694263,0.005020695738494396,0.0037531533305243145,0.00013860328739784657,0.003732631914317608,0.0001558100339025259,39;4,266.442618229056,244,1
"bench_test.py::TestStringColumnTensor::test_tpch_string_processing[op=FilterScan,col=l_shipmode,pred=Eq,val=AIR-device=cuda-encoding=CPlainEncoding-scale=5]",cuda,"[""FilterScan(col='l_shipmode', pred=PredicateEq(value='AIR'))""]",5,UNSERIALIZABLE[<class 'string_tensor.cplain_encoding.CPlainEncodingStringColumnTensor'>],0.003595861606299877,0.0038910433650016785,0.003694987682992536,5.3586646666763084e-05,0.0036887540481984615,7.577426731586456e-05,83;3,270.6368967352306,264,1
"bench_test.py::TestStringColumnTensor::test_tpch_string_processing[op=FilterScan,col=l_shipmode,pred=Eq,val=AIR-device=cuda-encoding=PlainEncoding-scale=7]",cuda,"[""FilterScan(col='l_shipmode', pred=PredicateEq(value='AIR'))""]",7,UNSERIALIZABLE[<class 'string_tensor.plain_encoding.PlainEncodingStringColumnTensor'>],0.00366480415686965,0.004692272748798132,0.0038109781534069838,0.00030717447102677234,0.0036894353106617928,4.218984395265579e-05,26;28,262.39982486018926,202,1
"bench_test.py::TestStringColumnTensor::test_tpch_string_processing[op=FilterScan,col=l_shipmode,pred=Eq,val=AIR-device=cpu-encoding=CDictionaryEncoding-scale=0.9]",cpu,"[""FilterScan(col='l_shipmode', pred=PredicateEq(value='AIR'))""]",0.9,UNSERIALIZABLE[<class 'string_tensor.dictionary_encoding.CDictionaryEncodingStringColumnTensor'>],0.00393251096829772,0.00476028211414814,0.004173796714205574,0.00011970950619693574,0.004165474325418472,0.00014552369248121977,46;7,239.59001083988744,227,1
"bench_test.py::TestStringColumnTensor::test_tpch_string_processing[op=FilterScan,col=l_shipmode,pred=Eq,val=AIR-device=cpu-encoding=DictionaryEncoding-scale=1]",cpu,"[""FilterScan(col='l_shipmode', pred=PredicateEq(value='AIR'))""]",1,UNSERIALIZABLE[<class 'string_tensor.dictionary_encoding.DictionaryEncodingStringColumnTensor'>],0.00402265228331089,0.04117720574140549,0.004502591152870378,0.0026337814415101466,0.004278567153960466,0.00012806837912648916,2;6,222.09433769319813,215,1
"bench_test.py::TestStringColumnTensor::test_tpch_string_processing[op=FilterScan,col=l_shipmode,pred=Eq,val=AIR-device=cpu-encoding=DictionaryEncoding-scale=1.0]",cpu,"[""FilterScan(col='l_shipmode', pred=PredicateEq(value='AIR'))""]",1.0,UNSERIALIZABLE[<class 'string_tensor.dictionary_encoding.DictionaryEncodingStringColumnTensor'>],0.004091794136911631,0.004907100927084684,0.004261619662822272,0.00010615139666013008,0.004251205828040838,0.00014495756477117538,69;3,234.65256853488106,213,1
"bench_test.py::TestStringColumnTensor::test_tpch_string_processing[op=FilterScan,col=l_shipmode,pred=Eq,val=AIR-device=cpu-encoding=CPlainEncoding-scale=0.1]",cpu,"[""FilterScan(col='l_shipmode', pred=PredicateEq(value='AIR'))""]",0.1,UNSERIALIZABLE[<class 'string_tensor.cplain_encoding.CPlainEncodingStringColumnTensor'>],0.004143550992012024,0.005731734912842512,0.004324109614211714,0.00015328538627131446,0.0043070821557193995,0.000150010222569108,23;4,231.2614825288836,212,1
"bench_test.py::TestStringColumnTensor::test_tpch_string_processing[op=FilterScan,col=l_shipmode,pred=Eq,val=AIR-device=cuda-encoding=PlainEncoding-scale=8]",cuda,"[""FilterScan(col='l_shipmode', pred=PredicateEq(value='AIR'))""]",8,UNSERIALIZABLE[<class 'string_tensor.plain_encoding.PlainEncodingStringColumnTensor'>],0.0041692000813782215,0.0062610190361738205,0.00443271007122738,0.00045420147902377675,0.004188696853816509,4.9533904530107975e-05,40;41,225.5956252340926,175,1
"bench_test.py::TestStringColumnTensor::test_tpch_string_processing[op=FilterScan,col=l_shipmode,pred=Eq,val=AIR-device=cuda-encoding=CPlainEncoding-scale=6]",cuda,"[""FilterScan(col='l_shipmode', pred=PredicateEq(value='AIR'))""]",6,UNSERIALIZABLE[<class 'string_tensor.cplain_encoding.CPlainEncodingStringColumnTensor'>],0.004195250105112791,0.004333000164479017,0.004224583606084443,1.7926141230785795e-05,0.004220051458105445,1.9857194274663925e-05,51;7,236.70971940518666,234,1
"bench_test.py::TestStringColumnTensor::test_tpch_string_processing[op=FilterScan,col=l_shipmode,pred=Eq,val=AIR-device=cpu-encoding=CDictionaryEncoding-scale=1.0]",cpu,"[""FilterScan(col='l_shipmode', pred=PredicateEq(value='AIR'))""]",1.0,UNSERIALIZABLE[<class 'string_tensor.dictionary_encoding.CDictionaryEncodingStringColumnTensor'>],0.004418423864990473,0.005363525822758675,0.0046206117840483785,0.0001357036836531286,0.0046100621111691,0.00018790597096085548,48;4,216.42155773663453,208,1
"bench_test.py::TestStringColumnTensor::test_tpch_string_processing[op=FilterScan,col=l_shipmode,pred=Eq,val=AIR-device=cpu-encoding=CDictionaryEncoding-scale=1]",cpu,"[""FilterScan(col='l_shipmode', pred=PredicateEq(value='AIR'))""]",1,UNSERIALIZABLE[<class 'string_tensor.dictionary_encoding.CDictionaryEncodingStringColumnTensor'>],0.004455964080989361,0.005249589215964079,0.00468009604874593,0.00012738563045471623,0.004682024009525776,0.00016132357995957136,52;6,213.6708284583087,193,1
"bench_test.py::TestStringColumnTensor::test_tpch_string_processing[op=FilterScan,col=l_shipmode,pred=Eq,val=AIR-device=cuda-encoding=PlainEncoding-scale=9]",cuda,"[""FilterScan(col='l_shipmode', pred=PredicateEq(value='AIR'))""]",9,UNSERIALIZABLE[<class 'string_tensor.plain_encoding.PlainEncodingStringColumnTensor'>],0.004679278004914522,0.005962662864476442,0.004887936165057172,0.00042591018048901836,0.004704274702817202,3.5167322494089603e-05,24;24,204.58532317766134,153,1
"bench_test.py::TestStringColumnTensor::test_tpch_string_processing[op=FilterScan,col=l_shipmode,pred=Eq,val=AIR-device=cuda-encoding=CPlainEncoding-scale=7]",cuda,"[""FilterScan(col='l_shipmode', pred=PredicateEq(value='AIR'))""]",7,UNSERIALIZABLE[<class 'string_tensor.cplain_encoding.CPlainEncodingStringColumnTensor'>],0.004829995334148407,0.005020155105739832,0.004907671623951316,4.544377460830697e-05,0.0048930449411273,5.928613245487213e-05,64;0,203.76261425471446,201,1
"bench_test.py::TestStringColumnTensor::test_tpch_string_processing[op=FilterScan,col=l_shipmode,pred=Eq,val=AIR-device=cpu-encoding=PlainEncoding-scale=0.3]",cpu,"[""FilterScan(col='l_shipmode', pred=PredicateEq(value='AIR'))""]",0.3,UNSERIALIZABLE[<class 'string_tensor.plain_encoding.PlainEncodingStringColumnTensor'>],0.004918621852993965,0.005469006951898336,0.005024709642280877,6.699660547504713e-05,0.005009985063225031,8.541939314454794e-05,45;3,199.01647481984008,193,1
"bench_test.py::TestStringColumnTensor::test_tpch_string_processing[op=FilterScan,col=l_shipmode,pred=Eq,val=AIR-device=cuda-encoding=PlainEncoding-scale=10]",cuda,"[""FilterScan(col='l_shipmode', pred=PredicateEq(value='AIR'))""]",10,UNSERIALIZABLE[<class 'string_tensor.plain_encoding.PlainEncodingStringColumnTensor'>],0.005187793169170618,0.006554275751113892,0.005423564234349344,0.0003775208345687708,0.005230589536949992,0.00030264840461313725,14;13,184.38059489858117,140,1
"bench_test.py::TestStringColumnTensor::test_tpch_string_processing[op=FilterScan,col=l_shipmode,pred=Eq,val=AIR-device=cuda-encoding=CPlainEncoding-scale=8]",cuda,"[""FilterScan(col='l_shipmode', pred=PredicateEq(value='AIR'))""]",8,UNSERIALIZABLE[<class 'string_tensor.cplain_encoding.CPlainEncodingStringColumnTensor'>],0.005460099782794714,0.009710184298455715,0.005550494072226326,0.0003166568296257979,0.005516486708074808,5.5946409702301025e-05,1;8,180.16414160386552,178,1
"bench_test.py::TestStringColumnTensor::test_tpch_string_processing[op=FilterScan,col=l_shipmode,pred=Eq,val=AIR-device=cpu-encoding=CPlainEncoding-scale=0.2]",cpu,"[""FilterScan(col='l_shipmode', pred=PredicateEq(value='AIR'))""]",0.2,UNSERIALIZABLE[<class 'string_tensor.cplain_encoding.CPlainEncodingStringColumnTensor'>],0.005679154768586159,0.006351861171424389,0.005944822197369997,0.00011712459667791109,0.005966168828308582,0.00015824264846742153,51;1,168.21360955797843,159,1
"bench_test.py::TestStringColumnTensor::test_tpch_string_processing[op=FilterScan,col=l_shipmode,pred=Eq,val=AIR-device=cuda-encoding=CPlainEncoding-scale=9]",cuda,"[""FilterScan(col='l_shipmode', pred=PredicateEq(value='AIR'))""]",9,UNSERIALIZABLE[<class 'string_tensor.cplain_encoding.CPlainEncodingStringColumnTensor'>],0.006062793079763651,0.007334014866501093,0.00610631549207028,0.0001006127972865022,0.0060918491799384356,2.1801795810461044e-05,2;15,163.76487610222722,160,1
"bench_test.py::TestStringColumnTensor::test_tpch_string_processing[op=FilterScan,col=l_shipmode,pred=Eq,val=AIR-device=cpu-encoding=PlainEncoding-scale=0.4]",cpu,"[""FilterScan(col='l_shipmode', pred=PredicateEq(value='AIR'))""]",0.4,UNSERIALIZABLE[<class 'string_tensor.plain_encoding.PlainEncodingStringColumnTensor'>],0.00660345796495676,0.009359567426145077,0.0067407349187906095,0.00022727643706542156,0.0067141093313694,8.190539665520191e-05,2;5,148.35177648246923,147,1
"bench_test.py::TestStringColumnTensor::test_tpch_string_processing[op=FilterScan,col=l_shipmode,pred=Eq,val=AIR-device=cuda-encoding=CPlainEncoding-scale=10]",cuda,"[""FilterScan(col='l_shipmode', pred=PredicateEq(value='AIR'))""]",10,UNSERIALIZABLE[<class 'string_tensor.cplain_encoding.CPlainEncodingStringColumnTensor'>],0.006717005278915167,0.007009860128164291,0.006828099286750607,6.395743804478312e-05,0.006818727357313037,8.993083611130714e-05,39;1,146.4536407577467,138,1
"bench_test.py::TestStringColumnTensor::test_tpch_string_processing[op=FilterScan,col=l_shipmode,pred=Eq,val=AIR-device=cpu-encoding=CPlainEncoding-scale=0.3]",cpu,"[""FilterScan(col='l_shipmode', pred=PredicateEq(value='AIR'))""]",0.3,UNSERIALIZABLE[<class 'string_tensor.cplain_encoding.CPlainEncodingStringColumnTensor'>],0.007507475093007088,0.008585027884691954,0.007886594343606545,0.00024623677245013147,0.007870883215218782,0.0002732686698436737,29;8,126.7974434123994,115,1
"bench_test.py::TestStringColumnTensor::test_tpch_string_processing[op=FilterScan,col=l_shipmode,pred=Eq,val=AIR-device=cpu-encoding=DictionaryEncoding-scale=2]",cpu,"[""FilterScan(col='l_shipmode', pred=PredicateEq(value='AIR'))""]",2,UNSERIALIZABLE[<class 'string_tensor.dictionary_encoding.DictionaryEncodingStringColumnTensor'>],0.008200118318200111,0.00886938814073801,0.008431493327571232,0.00011273850701801108,0.008437403477728367,0.0001413184218108654,33;2,118.6029521876001,122,1
"bench_test.py::TestStringColumnTensor::test_tpch_string_processing[op=FilterScan,col=l_shipmode,pred=Eq,val=AIR-device=cpu-encoding=PlainEncoding-scale=0.5]",cpu,"[""FilterScan(col='l_shipmode', pred=PredicateEq(value='AIR'))""]",0.5,UNSERIALIZABLE[<class 'string_tensor.plain_encoding.PlainEncodingStringColumnTensor'>],0.008304376155138016,0.008746284991502762,0.008461533724760809,6.971449696873718e-05,0.008447296917438507,8.242379408329725e-05,26;2,118.18188434015467,119,1
"bench_test.py::TestStringColumnTensor::test_tpch_string_processing[op=FilterScan,col=l_shipmode,pred=Eq,val=AIR-device=cpu-encoding=CDictionaryEncoding-scale=2]",cpu,"[""FilterScan(col='l_shipmode', pred=PredicateEq(value='AIR'))""]",2,UNSERIALIZABLE[<class 'string_tensor.dictionary_encoding.CDictionaryEncodingStringColumnTensor'>],0.008512390777468681,0.009165019262582064,0.008761534333714972,0.0001202263012069946,0.00877363607287407,0.00018023443408310413,39;1,114.13526009387795,115,1
"bench_test.py::TestStringColumnTensor::test_tpch_string_processing[op=FilterScan,col=l_shipmode,pred=Eq,val=AIR-device=cpu-encoding=CPlainEncoding-scale=0.4]",cpu,"[""FilterScan(col='l_shipmode', pred=PredicateEq(value='AIR'))""]",0.4,UNSERIALIZABLE[<class 'string_tensor.cplain_encoding.CPlainEncodingStringColumnTensor'>],0.00962069258093834,0.010659894905984402,0.010156116681173444,0.00021858322184005843,0.010186336934566498,0.00023952382616698742,24;4,98.4628309611405,88,1
"bench_test.py::TestStringColumnTensor::test_tpch_string_processing[op=FilterScan,col=l_shipmode,pred=Eq,val=AIR-device=cpu-encoding=PlainEncoding-scale=0.6]",cpu,"[""FilterScan(col='l_shipmode', pred=PredicateEq(value='AIR'))""]",0.6,UNSERIALIZABLE[<class 'string_tensor.plain_encoding.PlainEncodingStringColumnTensor'>],0.009912187233567238,0.010507515165954828,0.010101150797337902,0.00012177739247765234,0.010078907944262028,0.0001663658767938614,34;1,98.99862105449847,98,1
"bench_test.py::TestStringColumnTensor::test_tpch_string_processing[op=FilterScan,col=l_shipmode,pred=Eq,val=AIR-device=cpu-encoding=PlainEncoding-scale=0.7]",cpu,"[""FilterScan(col='l_shipmode', pred=PredicateEq(value='AIR'))""]",0.7,UNSERIALIZABLE[<class 'string_tensor.plain_encoding.PlainEncodingStringColumnTensor'>],0.0115496632643044,0.012250503059476614,0.011774097298553516,0.00014682383652414284,0.01173796085640788,0.00016114581376314163,24;3,84.93220113977256,86,1
"bench_test.py::TestStringColumnTensor::test_tpch_string_processing[op=FilterScan,col=l_shipmode,pred=Eq,val=AIR-device=cpu-encoding=DictionaryEncoding-scale=3]",cpu,"[""FilterScan(col='l_shipmode', pred=PredicateEq(value='AIR'))""]",3,UNSERIALIZABLE[<class 'string_tensor.dictionary_encoding.DictionaryEncodingStringColumnTensor'>],0.012030105106532574,0.012664207722991705,0.012219209992607316,0.0001016008097513418,0.012206781189888716,9.984895586967468e-05,18;3,81.83835130135296,83,1
"bench_test.py::TestStringColumnTensor::test_tpch_string_processing[op=FilterScan,col=l_shipmode,pred=Eq,val=AIR-device=cpu-encoding=CPlainEncoding-scale=0.5]",cpu,"[""FilterScan(col='l_shipmode', pred=PredicateEq(value='AIR'))""]",0.5,UNSERIALIZABLE[<class 'string_tensor.cplain_encoding.CPlainEncodingStringColumnTensor'>],0.012220685835927725,0.014193259179592133,0.012622056785039604,0.0002529848752937824,0.012644796399399638,0.0002278527244925499,15;2,79.22639051864022,80,1
"bench_test.py::TestStringColumnTensor::test_tpch_string_processing[op=FilterScan,col=l_shipmode,pred=Eq,val=AIR-device=cpu-encoding=CDictionaryEncoding-scale=3]",cpu,"[""FilterScan(col='l_shipmode', pred=PredicateEq(value='AIR'))""]",3,UNSERIALIZABLE[<class 'string_tensor.dictionary_encoding.CDictionaryEncodingStringColumnTensor'>],0.012357215862721205,0.01294350903481245,0.012512729162486589,0.00010271584119889207,0.012510285479947925,9.157415479421616e-05,23;3,79.91861623585844,82,1
"bench_test.py::TestStringColumnTensor::test_tpch_string_processing[op=FilterScan,col=l_shipmode,pred=Eq,val=AIR-device=cpu-encoding=PlainEncoding-scale=0.8]",cpu,"[""FilterScan(col='l_shipmode', pred=PredicateEq(value='AIR'))""]",0.8,UNSERIALIZABLE[<class 'string_tensor.plain_encoding.PlainEncodingStringColumnTensor'>],0.013253164943307638,0.018072219099849463,0.015126045444048941,0.0019770543627580205,0.013615618227049708,0.003849473549053073,28;0,66.11113286013769,76,1
"bench_test.py::TestStringColumnTensor::test_tpch_string_processing[op=FilterScan,col=l_shipmode,pred=Eq,val=AIR-device=cpu-encoding=PlainEncoding-scale=0.9]",cpu,"[""FilterScan(col='l_shipmode', pred=PredicateEq(value='AIR'))""]",0.9,UNSERIALIZABLE[<class 'string_tensor.plain_encoding.PlainEncodingStringColumnTensor'>],0.014855725690722466,0.015512883197516203,0.015085626803616534,0.0001638971845263822,0.01504902308806777,0.00021127937361598015,21;2,66.28826319369549,67,1
"bench_test.py::TestStringColumnTensor::test_tpch_string_processing[op=FilterScan,col=l_shipmode,pred=Eq,val=AIR-device=cpu-encoding=CPlainEncoding-scale=0.6]",cpu,"[""FilterScan(col='l_shipmode', pred=PredicateEq(value='AIR'))""]",0.6,UNSERIALIZABLE[<class 'string_tensor.cplain_encoding.CPlainEncodingStringColumnTensor'>],0.015266865957528353,0.01593768922612071,0.015599680088815234,0.00015718205028042705,0.015593796037137508,0.00017610657960176468,18;0,64.10387868896022,63,1
"bench_test.py::TestStringColumnTensor::test_tpch_string_processing[op=FilterScan,col=l_shipmode,pred=Eq,val=AIR-device=cpu-encoding=DictionaryEncoding-scale=4]",cpu,"[""FilterScan(col='l_shipmode', pred=PredicateEq(value='AIR'))""]",4,UNSERIALIZABLE[<class 'string_tensor.dictionary_encoding.DictionaryEncodingStringColumnTensor'>],0.015841637272387743,0.01865474507212639,0.016032814834511182,0.0003546404076596527,0.015980890952050686,8.53496603667736e-05,2;4,62.37207940850572,61,1
"bench_test.py::TestStringColumnTensor::test_tpch_string_processing[op=FilterScan,col=l_shipmode,pred=Eq,val=AIR-device=cpu-encoding=CDictionaryEncoding-scale=4]",cpu,"[""FilterScan(col='l_shipmode', pred=PredicateEq(value='AIR'))""]",4,UNSERIALIZABLE[<class 'string_tensor.dictionary_encoding.CDictionaryEncodingStringColumnTensor'>],0.01609618915244937,0.01656824490055442,0.016312173793032285,9.885458063554149e-05,0.01630587689578533,0.00013046758249402046,19;1,61.30390790877597,62,1
"bench_test.py::TestStringColumnTensor::test_tpch_string_processing[op=FilterScan,col=l_shipmode,pred=Eq,val=AIR-device=cpu-encoding=DictionaryEncoding-scale=5]",cpu,"[""FilterScan(col='l_shipmode', pred=PredicateEq(value='AIR'))""]",5,UNSERIALIZABLE[<class 'string_tensor.dictionary_encoding.DictionaryEncodingStringColumnTensor'>],0.019555261824280024,0.019961363170295954,0.01976837711773959,9.583996622530937e-05,0.019771744031459093,0.00013760942965745926,18;0,50.58584192541673,51,1
"bench_test.py::TestStringColumnTensor::test_tpch_string_processing[op=FilterScan,col=l_shipmode,pred=Eq,val=AIR-device=cpu-encoding=CDictionaryEncoding-scale=5]",cpu,"[""FilterScan(col='l_shipmode', pred=PredicateEq(value='AIR'))""]",5,UNSERIALIZABLE[<class 'string_tensor.dictionary_encoding.CDictionaryEncodingStringColumnTensor'>],0.019915045704692602,0.026144233997911215,0.020259799221530556,0.0009154954292334379,0.020110480953007936,9.548058733344078e-05,2;4,49.3588307102904,50,1
"bench_test.py::TestStringColumnTensor::test_tpch_string_processing[op=FilterScan,col=l_shipmode,pred=Eq,val=AIR-device=cpu-encoding=PlainEncoding-scale=1]",cpu,"[""FilterScan(col='l_shipmode', pred=PredicateEq(value='AIR'))""]",1,UNSERIALIZABLE[<class 'string_tensor.plain_encoding.PlainEncodingStringColumnTensor'>],0.021117316093295813,0.022449723910540342,0.021664784350634916,0.0003060880244451333,0.021686090156435966,0.00036392081528902054,12;2,46.15785616950734,46,1
"bench_test.py::TestStringColumnTensor::test_tpch_string_processing[op=FilterScan,col=l_shipmode,pred=Eq,val=AIR-device=cpu-encoding=PlainEncoding-scale=1.0]",cpu,"[""FilterScan(col='l_shipmode', pred=PredicateEq(value='AIR'))""]",1.0,UNSERIALIZABLE[<class 'string_tensor.plain_encoding.PlainEncodingStringColumnTensor'>],0.02122292574495077,0.022368148900568485,0.021760341438019404,0.000300180042261789,0.021767635131254792,0.0003723963163793087,15;0,45.95516126657885,46,1
"bench_test.py::TestStringColumnTensor::test_tpch_string_processing[op=FilterScan,col=l_shipmode,pred=Eq,val=AIR-device=cpu-encoding=CPlainEncoding-scale=0.8]",cpu,"[""FilterScan(col='l_shipmode', pred=PredicateEq(value='AIR'))""]",0.8,UNSERIALIZABLE[<class 'string_tensor.cplain_encoding.CPlainEncodingStringColumnTensor'>],0.023045544046908617,0.024019121192395687,0.02339587247531329,0.00019487192870605005,0.023380184080451727,0.0002517383545637131,13;1,42.74258209669991,42,1
"bench_test.py::TestStringColumnTensor::test_tpch_string_processing[op=FilterScan,col=l_shipmode,pred=Eq,val=AIR-device=cpu-encoding=CPlainEncoding-scale=0.7]",cpu,"[""FilterScan(col='l_shipmode', pred=PredicateEq(value='AIR'))""]",0.7,UNSERIALIZABLE[<class 'string_tensor.cplain_encoding.CPlainEncodingStringColumnTensor'>],0.023157397285103798,0.02417644113302231,0.02365753295030012,0.00028056043304008384,0.02366741420701146,0.00046030606608837843,15;0,42.26983439485452,43,1
"bench_test.py::TestStringColumnTensor::test_tpch_string_processing[op=FilterScan,col=l_shipmode,pred=Eq,val=AIR-device=cpu-encoding=DictionaryEncoding-scale=6]",cpu,"[""FilterScan(col='l_shipmode', pred=PredicateEq(value='AIR'))""]",6,UNSERIALIZABLE[<class 'string_tensor.dictionary_encoding.DictionaryEncodingStringColumnTensor'>],0.023281984962522984,0.023702103178948164,0.023454370886780495,9.904800760544499e-05,0.023470533080399036,0.00015326868742704391,13;0,42.63597624627086,43,1
"bench_test.py::TestStringColumnTensor::test_tpch_string_processing[op=FilterScan,col=l_shipmode,pred=Eq,val=AIR-device=cpu-encoding=CDictionaryEncoding-scale=6]",cpu,"[""FilterScan(col='l_shipmode', pred=PredicateEq(value='AIR'))""]",6,UNSERIALIZABLE[<class 'string_tensor.dictionary_encoding.CDictionaryEncodingStringColumnTensor'>],0.02372460486367345,0.024225224275141954,0.023888567310952864,0.00010818039686650722,0.02387434896081686,0.0001565698767080903,12;1,41.86102862441239,43,1
"bench_test.py::TestStringColumnTensor::test_tpch_string_processing[op=FilterScan,col=l_shipmode,pred=Eq,val=AIR-device=cpu-encoding=CPlainEncoding-scale=0.9]",cpu,"[""FilterScan(col='l_shipmode', pred=PredicateEq(value='AIR'))""]",0.9,UNSERIALIZABLE[<class 'string_tensor.cplain_encoding.CPlainEncodingStringColumnTensor'>],0.026613685302436352,0.02770848199725151,0.027088136814937398,0.0002671439945488391,0.02708558877930045,0.00038605998270213604,14;0,36.91652943249176,37,1
"bench_test.py::TestStringColumnTensor::test_tpch_string_processing[op=FilterScan,col=l_shipmode,pred=Eq,val=AIR-device=cpu-encoding=DictionaryEncoding-scale=7]",cpu,"[""FilterScan(col='l_shipmode', pred=PredicateEq(value='AIR'))""]",7,UNSERIALIZABLE[<class 'string_tensor.dictionary_encoding.DictionaryEncodingStringColumnTensor'>],0.027018734719604254,0.02727780630812049,0.027167903334909194,6.889208131206846e-05,0.027178256772458553,0.00010631303302943707,15;0,36.80814038803861,37,1
"bench_test.py::TestStringColumnTensor::test_tpch_string_processing[op=FilterScan,col=l_shipmode,pred=Eq,val=AIR-device=cpu-encoding=CDictionaryEncoding-scale=7]",cpu,"[""FilterScan(col='l_shipmode', pred=PredicateEq(value='AIR'))""]",7,UNSERIALIZABLE[<class 'string_tensor.dictionary_encoding.CDictionaryEncodingStringColumnTensor'>],0.02741280198097229,0.03105016378685832,0.027679883497389587,0.0005823473341435594,0.02757548214867711,0.00016129889991134405,1;2,36.12731968667091,37,1
"bench_test.py::TestStringColumnTensor::test_tpch_string_processing[op=FilterScan,col=l_shipmode,pred=Eq,val=AIR-device=cpu-encoding=DictionaryEncoding-scale=8]",cpu,"[""FilterScan(col='l_shipmode', pred=PredicateEq(value='AIR'))""]",8,UNSERIALIZABLE[<class 'string_tensor.dictionary_encoding.DictionaryEncodingStringColumnTensor'>],0.030743413139134645,0.03824070794507861,0.03112054738978093,0.001282518855092227,0.0308943591080606,0.000176137313246727,1;1,32.13311088250236,33,1
"bench_test.py::TestStringColumnTensor::test_tpch_string_processing[op=FilterScan,col=l_shipmode,pred=Eq,val=AIR-device=cpu-encoding=CDictionaryEncoding-scale=8]",cpu,"[""FilterScan(col='l_shipmode', pred=PredicateEq(value='AIR'))""]",8,UNSERIALIZABLE[<class 'string_tensor.dictionary_encoding.CDictionaryEncodingStringColumnTensor'>],0.03112119808793068,0.034651697147637606,0.03139230949454941,0.0006076746959416801,0.031276181573048234,0.0001314596738666296,1;2,31.854935686513546,32,1
"bench_test.py::TestStringColumnTensor::test_tpch_string_processing[op=FilterScan,col=l_shipmode,pred=Eq,val=AIR-device=cpu-encoding=DictionaryEncoding-scale=9]",cpu,"[""FilterScan(col='l_shipmode', pred=PredicateEq(value='AIR'))""]",9,UNSERIALIZABLE[<class 'string_tensor.dictionary_encoding.DictionaryEncodingStringColumnTensor'>],0.03456256678327918,0.03593343822285533,0.03476173947565257,0.0002461026944282108,0.034717115107923746,0.00017867982387542725,1;1,28.767260070526927,30,1
"bench_test.py::TestStringColumnTensor::test_tpch_string_processing[op=FilterScan,col=l_shipmode,pred=Eq,val=AIR-device=cpu-encoding=CPlainEncoding-scale=1.0]",cpu,"[""FilterScan(col='l_shipmode', pred=PredicateEq(value='AIR'))""]",1.0,UNSERIALIZABLE[<class 'string_tensor.cplain_encoding.CPlainEncodingStringColumnTensor'>],0.0346154673025012,0.03627223987132311,0.035564853194435794,0.0004159704485294711,0.03566296910867095,0.0005790176801383495,7;0,28.117647345060668,28,1
"bench_test.py::TestStringColumnTensor::test_tpch_string_processing[op=FilterScan,col=l_shipmode,pred=Eq,val=AIR-device=cpu-encoding=CPlainEncoding-scale=1]",cpu,"[""FilterScan(col='l_shipmode', pred=PredicateEq(value='AIR'))""]",1,UNSERIALIZABLE[<class 'string_tensor.cplain_encoding.CPlainEncodingStringColumnTensor'>],0.03464306890964508,0.036040311213582754,0.035602015828521086,0.00032612124292733576,0.03572492115199566,0.0004806994693353772,5;1,28.08829715756969,29,1
"bench_test.py::TestStringColumnTensor::test_tpch_string_processing[op=FilterScan,col=l_shipmode,pred=Eq,val=AIR-device=cpu-encoding=CDictionaryEncoding-scale=9]",cpu,"[""FilterScan(col='l_shipmode', pred=PredicateEq(value='AIR'))""]",9,UNSERIALIZABLE[<class 'string_tensor.dictionary_encoding.CDictionaryEncodingStringColumnTensor'>],0.03481590794399381,0.03619682788848877,0.035006630555566014,0.00024632413599693644,0.03495795698836446,0.00010849826503545046,1;1,28.566016898218763,29,1
"bench_test.py::TestStringColumnTensor::test_tpch_string_processing[op=FilterScan,col=l_shipmode,pred=Eq,val=AIR-device=cpu-encoding=DictionaryEncoding-scale=10]",cpu,"[""FilterScan(col='l_shipmode', pred=PredicateEq(value='AIR'))""]",10,UNSERIALIZABLE[<class 'string_tensor.dictionary_encoding.DictionaryEncodingStringColumnTensor'>],0.03813640819862485,0.03860479732975364,0.03829462198471582,0.00012674691832872452,0.0382786481641233,0.00017193879466503859,8;0,26.113327359625615,27,1
"bench_test.py::TestStringColumnTensor::test_tpch_string_processing[op=FilterScan,col=l_shipmode,pred=Eq,val=AIR-device=cpu-encoding=CDictionaryEncoding-scale=10]",cpu,"[""FilterScan(col='l_shipmode', pred=PredicateEq(value='AIR'))""]",10,UNSERIALIZABLE[<class 'string_tensor.dictionary_encoding.CDictionaryEncodingStringColumnTensor'>],0.03837074292823672,0.04040881898254156,0.03876713926617343,0.0003625064434435139,0.038710842840373516,0.00018309708684682846,2;1,25.79504237168611,26,1
"bench_test.py::TestStringColumnTensor::test_tpch_string_processing[op=FilterScan,col=l_shipmode,pred=Eq,val=AIR-device=cpu-encoding=PlainEncoding-scale=2]",cpu,"[""FilterScan(col='l_shipmode', pred=PredicateEq(value='AIR'))""]",2,UNSERIALIZABLE[<class 'string_tensor.plain_encoding.PlainEncodingStringColumnTensor'>],0.041292254347354174,0.04255686281248927,0.04188521241303533,0.0003253416803631361,0.04196995566599071,0.000520016998052597,9;0,23.87477447025634,24,1
"bench_test.py::TestStringColumnTensor::test_tpch_string_processing[op=FilterScan,col=l_shipmode,pred=Eq,val=AIR-device=cpu-encoding=PlainEncoding-scale=3]",cpu,"[""FilterScan(col='l_shipmode', pred=PredicateEq(value='AIR'))""]",3,UNSERIALIZABLE[<class 'string_tensor.plain_encoding.PlainEncodingStringColumnTensor'>],0.06093739811331034,0.062174854800105095,0.061607697512954473,0.00040832991207816,0.06151417223736644,0.0007263259030878544,8;0,16.231737921868064,17,1
"bench_test.py::TestStringColumnTensor::test_tpch_string_processing[op=FilterScan,col=l_shipmode,pred=Eq,val=AIR-device=cpu-encoding=CPlainEncoding-scale=2]",cpu,"[""FilterScan(col='l_shipmode', pred=PredicateEq(value='AIR'))""]",2,UNSERIALIZABLE[<class 'string_tensor.cplain_encoding.CPlainEncodingStringColumnTensor'>],0.07055230997502804,0.07163871079683304,0.07106642288466294,0.00032101660013151645,0.07106739701703191,0.00040457199793308973,4;0,14.071342828426122,15,1
"bench_test.py::TestStringColumnTensor::test_tpch_string_processing[op=FilterScan,col=l_shipmode,pred=Eq,val=AIR-device=cpu-encoding=PlainEncoding-scale=4]",cpu,"[""FilterScan(col='l_shipmode', pred=PredicateEq(value='AIR'))""]",4,UNSERIALIZABLE[<class 'string_tensor.plain_encoding.PlainEncodingStringColumnTensor'>],0.08062907913699746,0.08340300200507045,0.08158045194040124,0.0007321177805544254,0.0814530118368566,0.0006479119183495641,4;1,12.257838443093597,13,1
"bench_test.py::TestStringColumnTensor::test_tpch_string_processing[op=FilterScan,col=l_shipmode,pred=Eq,val=AIR-device=cpu-encoding=PlainEncoding-scale=5]",cpu,"[""FilterScan(col='l_shipmode', pred=PredicateEq(value='AIR'))""]",5,UNSERIALIZABLE[<class 'string_tensor.plain_encoding.PlainEncodingStringColumnTensor'>],0.1008389531634748,0.1027695769444108,0.10143557237461209,0.0006191156923631943,0.10121956025250256,0.000750573817640543,2;0,9.85847446403611,10,1
"bench_test.py::TestStringColumnTensor::test_tpch_string_processing[op=FilterScan,col=l_shipmode,pred=Eq,val=AIR-device=cpu-encoding=CPlainEncoding-scale=3]",cpu,"[""FilterScan(col='l_shipmode', pred=PredicateEq(value='AIR'))""]",3,UNSERIALIZABLE[<class 'string_tensor.cplain_encoding.CPlainEncodingStringColumnTensor'>],0.10412087989971042,0.10577043006196618,0.1051359498873353,0.0004921656466086372,0.10531621798872948,0.0005869246087968349,2;0,9.511494413391516,10,1
"bench_test.py::TestStringColumnTensor::test_tpch_string_processing[op=FilterScan,col=l_shipmode,pred=Eq,val=AIR-device=cpu-encoding=PlainEncoding-scale=6]",cpu,"[""FilterScan(col='l_shipmode', pred=PredicateEq(value='AIR'))""]",6,UNSERIALIZABLE[<class 'string_tensor.plain_encoding.PlainEncodingStringColumnTensor'>],0.12021216982975602,0.12167765200138092,0.1207597438349492,0.0004960043147065199,0.12068975623697042,0.0007204710273072124,3;0,8.280905277231874,9,1
"bench_test.py::TestStringColumnTensor::test_tpch_string_processing[op=FilterScan,col=l_shipmode,pred=Eq,val=AIR-device=cpu-encoding=PlainEncoding-scale=8]",cpu,"[""FilterScan(col='l_shipmode', pred=PredicateEq(value='AIR'))""]",8,UNSERIALIZABLE[<class 'string_tensor.plain_encoding.PlainEncodingStringColumnTensor'>],0.12818174110725522,0.13021341618150473,0.12864657066529617,0.0006465210295793038,0.1284688408486545,0.00021533388644456863,1;1,7.77323480003001,8,1
"bench_test.py::TestStringColumnTensor::test_tpch_string_processing[op=FilterScan,col=l_shipmode,pred=Eq,val=AIR-device=cpu-encoding=CPlainEncoding-scale=4]",cpu,"[""FilterScan(col='l_shipmode', pred=PredicateEq(value='AIR'))""]",4,UNSERIALIZABLE[<class 'string_tensor.cplain_encoding.CPlainEncodingStringColumnTensor'>],0.13829016126692295,0.13964018085971475,0.13883877558899776,0.000457021260607418,0.13877905765548348,0.0006047806236892939,2;0,7.202598811158377,7,1
"bench_test.py::TestStringColumnTensor::test_tpch_string_processing[op=FilterScan,col=l_shipmode,pred=Eq,val=AIR-device=cpu-encoding=PlainEncoding-scale=9]",cpu,"[""FilterScan(col='l_shipmode', pred=PredicateEq(value='AIR'))""]",9,UNSERIALIZABLE[<class 'string_tensor.plain_encoding.PlainEncodingStringColumnTensor'>],0.14427108224481344,0.14578061597421765,0.14474302523636393,0.0005065369024979551,0.14458236284554005,0.0004575904458761215,1;1,6.9087957666147295,7,1
"bench_test.py::TestStringColumnTensor::test_tpch_string_processing[op=FilterScan,col=l_shipmode,pred=Eq,val=AIR-device=cpu-encoding=PlainEncoding-scale=7]",cpu,"[""FilterScan(col='l_shipmode', pred=PredicateEq(value='AIR'))""]",7,UNSERIALIZABLE[<class 'string_tensor.plain_encoding.PlainEncodingStringColumnTensor'>],0.14447733014822006,0.145424738060683,0.14510012624253119,0.000406588660195963,0.14527006400749087,0.0006706727435812354,2;0,6.891792763353805,7,1
"bench_test.py::TestStringColumnTensor::test_tpch_string_processing[op=FilterScan,col=l_shipmode,pred=Eq,val=AIR-device=cpu-encoding=PlainEncoding-scale=10]",cpu,"[""FilterScan(col='l_shipmode', pred=PredicateEq(value='AIR'))""]",10,UNSERIALIZABLE[<class 'string_tensor.plain_encoding.PlainEncodingStringColumnTensor'>],0.16044857585802674,0.1610534437932074,0.16073500557935663,0.00022673069070159116,0.1606306117027998,0.00035393901634961367,3;0,6.221420134310998,7,1
"bench_test.py::TestStringColumnTensor::test_tpch_string_processing[op=FilterScan,col=l_shipmode,pred=Eq,val=AIR-device=cpu-encoding=CPlainEncoding-scale=5]",cpu,"[""FilterScan(col='l_shipmode', pred=PredicateEq(value='AIR'))""]",5,UNSERIALIZABLE[<class 'string_tensor.cplain_encoding.CPlainEncodingStringColumnTensor'>],0.18142291717231274,0.18404855765402317,0.18215373499939838,0.0009644986176888905,0.18185475608333945,0.0006030751392245293,1;1,5.489868214908153,6,1
"bench_test.py::TestStringColumnTensor::test_tpch_string_processing[op=FilterScan,col=l_shipmode,pred=Eq,val=AIR-device=cpu-encoding=CPlainEncoding-scale=6]",cpu,"[""FilterScan(col='l_shipmode', pred=PredicateEq(value='AIR'))""]",6,UNSERIALIZABLE[<class 'string_tensor.cplain_encoding.CPlainEncodingStringColumnTensor'>],0.23150409711524844,0.2330358629114926,0.23224920043721795,0.0005870568499878123,0.2320557232014835,0.0008012682665139437,2;0,4.305719882425696,5,1
"bench_test.py::TestStringColumnTensor::test_tpch_string_processing[op=FilterScan,col=l_shipmode,pred=Eq,val=AIR-device=cpu-encoding=CPlainEncoding-scale=8]",cpu,"[""FilterScan(col='l_shipmode', pred=PredicateEq(value='AIR'))""]",8,UNSERIALIZABLE[<class 'string_tensor.cplain_encoding.CPlainEncodingStringColumnTensor'>],0.23397129494696856,0.2357488782145083,0.23503455901518464,0.0006640779723648436,0.23520198091864586,0.0007419680478051305,2;0,4.254693455252229,5,1
"bench_test.py::TestStringColumnTensor::test_tpch_string_processing[op=FilterScan,col=l_shipmode,pred=Eq,val=AIR-device=cpu-encoding=CPlainEncoding-scale=9]",cpu,"[""FilterScan(col='l_shipmode', pred=PredicateEq(value='AIR'))""]",9,UNSERIALIZABLE[<class 'string_tensor.cplain_encoding.CPlainEncodingStringColumnTensor'>],0.26141579588875175,0.26342072105035186,0.2623255992308259,0.0007186578737968565,0.2622996340505779,0.0006705111591145396,2;0,3.812056478407502,5,1
"bench_test.py::TestStringColumnTensor::test_tpch_string_processing[op=FilterScan,col=l_shipmode,pred=Eq,val=AIR-device=cpu-encoding=CPlainEncoding-scale=7]",cpu,"[""FilterScan(col='l_shipmode', pred=PredicateEq(value='AIR'))""]",7,UNSERIALIZABLE[<class 'string_tensor.cplain_encoding.CPlainEncodingStringColumnTensor'>],0.2753849336877465,0.2767548328265548,0.27634576046839354,0.0005580044639208402,0.2764888387173414,0.0005819307407364249,1;0,3.618655116347887,5,1
"bench_test.py::TestStringColumnTensor::test_tpch_string_processing[op=FilterScan,col=l_shipmode,pred=Eq,val=AIR-device=cpu-encoding=CPlainEncoding-scale=10]",cpu,"[""FilterScan(col='l_shipmode', pred=PredicateEq(value='AIR'))""]",10,UNSERIALIZABLE[<class 'string_tensor.cplain_encoding.CPlainEncodingStringColumnTensor'>],0.2900484832935035,0.29095114627853036,0.2905910023488104,0.00035162805950361947,0.29073558608070016,0.00046026124618947506,2;0,3.4412627779839227,5,1
