fullname,tuple_count,query_result_size,tuple_element_size_bytes,total_size_bytes
"bench_test.py::TestStringColumnTensor::test_tpch_string_processing[op=FilterScan,col=l_shipmode,pred=Eq,val=AIR-device=cpu-encoding=PlainEncoding-scale=0.1]",600572,85689,7,4204004
"bench_test.py::TestStringColumnTensor::test_tpch_string_processing[op=FilterScan,col=l_shipmode,pred=Eq,val=AIR-device=cpu-encoding=CPlainEncoding-scale=0.1]",600572,85689,7,4204004
"bench_test.py::TestStringColumnTensor::test_tpch_string_processing[op=FilterScan,col=l_shipmode,pred=Eq,val=AIR-device=cpu-encoding=DictionaryEncoding-scale=0.1]",600572,85689,8,4804576
"bench_test.py::TestStringColumnTensor::test_tpch_string_processing[op=FilterScan,col=l_shipmode,pred=Eq,val=AIR-device=cpu-encoding=CDictionaryEncoding-scale=0.1]",600572,85689,8,4804576
"bench_test.py::TestStringColumnTensor::test_tpch_string_processing[op=FilterScan,col=l_shipmode,pred=Eq,val=AIR-device=cpu-encoding=PlainEncoding-scale=0.2]",1199969,171945,7,8399783
"bench_test.py::TestStringColumnTensor::test_tpch_string_processing[op=FilterScan,col=l_shipmode,pred=Eq,val=AIR-device=cpu-encoding=CPlainEncoding-scale=0.2]",1199969,171945,7,8399783
"bench_test.py::TestStringColumnTensor::test_tpch_string_processing[op=FilterScan,col=l_shipmode,pred=Eq,val=AIR-device=cpu-encoding=DictionaryEncoding-scale=0.2]",1199969,171945,8,9599752
"bench_test.py::TestStringColumnTensor::test_tpch_string_processing[op=FilterScan,col=l_shipmode,pred=Eq,val=AIR-device=cpu-encoding=CDictionaryEncoding-scale=0.2]",1199969,171945,8,9599752
"bench_test.py::TestStringColumnTensor::test_tpch_string_processing[op=FilterScan,col=l_shipmode,pred=Eq,val=AIR-device=cuda-encoding=PlainEncoding-scale=0.2]",1199969,171945,7,8399783
"bench_test.py::TestStringColumnTensor::test_tpch_string_processing[op=FilterScan,col=l_shipmode,pred=Eq,val=AIR-device=cuda-encoding=CPlainEncoding-scale=0.2]",1199969,171945,7,8399783
"bench_test.py::TestStringColumnTensor::test_tpch_string_processing[op=FilterScan,col=l_shipmode,pred=Eq,val=AIR-device=cuda-encoding=DictionaryEncoding-scale=0.2]",1199969,171945,8,9599752
"bench_test.py::TestStringColumnTensor::test_tpch_string_processing[op=FilterScan,col=l_shipmode,pred=Eq,val=AIR-device=cuda-encoding=CDictionaryEncoding-scale=0.2]",1199969,171945,8,9599752
"bench_test.py::TestStringColumnTensor::test_tpch_string_processing[op=FilterScan,col=l_shipmode,pred=Eq,val=AIR-device=cuda-encoding=PlainEncoding-scale=0.1]",600572,85689,7,4204004
"bench_test.py::TestStringColumnTensor::test_tpch_string_processing[op=FilterScan,col=l_shipmode,pred=Eq,val=AIR-device=cuda-encoding=CPlainEncoding-scale=0.1]",600572,85689,7,4204004
"bench_test.py::TestStringColumnTensor::test_tpch_string_processing[op=FilterScan,col=l_shipmode,pred=Eq,val=AIR-device=cuda-encoding=DictionaryEncoding-scale=0.1]",600572,85689,8,4804576
"bench_test.py::TestStringColumnTensor::test_tpch_string_processing[op=FilterScan,col=l_shipmode,pred=Eq,val=AIR-device=cuda-encoding=CDictionaryEncoding-scale=0.1]",600572,85689,8,4804576
"bench_test.py::TestStringColumnTensor::test_tpch_string_processing[op=FilterScan,col=l_shipmode,pred=Eq,val=AIR-device=cuda-encoding=PlainEncoding-scale=0.3]",1800093,257939,7,12600651
"bench_test.py::TestStringColumnTensor::test_tpch_string_processing[op=FilterScan,col=l_shipmode,pred=Eq,val=AIR-device=cuda-encoding=CPlainEncoding-scale=0.3]",1800093,257939,7,12600651
"bench_test.py::TestStringColumnTensor::test_tpch_string_processing[op=FilterScan,col=l_shipmode,pred=Eq,val=AIR-device=cuda-encoding=DictionaryEncoding-scale=0.3]",1800093,257939,8,14400744
"bench_test.py::TestStringColumnTensor::test_tpch_string_processing[op=FilterScan,col=l_shipmode,pred=Eq,val=AIR-device=cuda-encoding=CDictionaryEncoding-scale=0.3]",1800093,257939,8,14400744
"bench_test.py::TestStringColumnTensor::test_tpch_string_processing[op=FilterScan,col=l_shipmode,pred=Eq,val=AIR-device=cpu-encoding=PlainEncoding-scale=0.3]",1800093,257939,7,12600651
"bench_test.py::TestStringColumnTensor::test_tpch_string_processing[op=FilterScan,col=l_shipmode,pred=Eq,val=AIR-device=cpu-encoding=CPlainEncoding-scale=0.3]",1800093,257939,7,12600651
"bench_test.py::TestStringColumnTensor::test_tpch_string_processing[op=FilterScan,col=l_shipmode,pred=Eq,val=AIR-device=cpu-encoding=DictionaryEncoding-scale=0.3]",1800093,257939,8,14400744
"bench_test.py::TestStringColumnTensor::test_tpch_string_processing[op=FilterScan,col=l_shipmode,pred=Eq,val=AIR-device=cpu-encoding=CDictionaryEncoding-scale=0.3]",1800093,257939,8,14400744
"bench_test.py::TestStringColumnTensor::test_tpch_string_processing[op=FilterScan,col=l_shipmode,pred=Eq,val=AIR-device=cuda-encoding=PlainEncoding-scale=0.4]",2399740,343664,7,16798180
"bench_test.py::TestStringColumnTensor::test_tpch_string_processing[op=FilterScan,col=l_shipmode,pred=Eq,val=AIR-device=cuda-encoding=CPlainEncoding-scale=0.4]",2399740,343664,7,16798180
"bench_test.py::TestStringColumnTensor::test_tpch_string_processing[op=FilterScan,col=l_shipmode,pred=Eq,val=AIR-device=cuda-encoding=DictionaryEncoding-scale=0.4]",2399740,343664,8,19197920
"bench_test.py::TestStringColumnTensor::test_tpch_string_processing[op=FilterScan,col=l_shipmode,pred=Eq,val=AIR-device=cuda-encoding=CDictionaryEncoding-scale=0.4]",2399740,343664,8,19197920
"bench_test.py::TestStringColumnTensor::test_tpch_string_processing[op=FilterScan,col=l_shipmode,pred=Eq,val=AIR-device=cpu-encoding=PlainEncoding-scale=0.4]",2399740,343664,7,16798180
"bench_test.py::TestStringColumnTensor::test_tpch_string_processing[op=FilterScan,col=l_shipmode,pred=Eq,val=AIR-device=cpu-encoding=CPlainEncoding-scale=0.4]",2399740,343664,7,16798180
"bench_test.py::TestStringColumnTensor::test_tpch_string_processing[op=FilterScan,col=l_shipmode,pred=Eq,val=AIR-device=cpu-encoding=DictionaryEncoding-scale=0.4]",2399740,343664,8,19197920
"bench_test.py::TestStringColumnTensor::test_tpch_string_processing[op=FilterScan,col=l_shipmode,pred=Eq,val=AIR-device=cpu-encoding=CDictionaryEncoding-scale=0.4]",2399740,343664,8,19197920
"bench_test.py::TestStringColumnTensor::test_tpch_string_processing[op=FilterScan,col=l_shipmode,pred=Eq,val=AIR-device=cuda-encoding=PlainEncoding-scale=0.5]",2999671,429704,7,20997697
"bench_test.py::TestStringColumnTensor::test_tpch_string_processing[op=FilterScan,col=l_shipmode,pred=Eq,val=AIR-device=cuda-encoding=CPlainEncoding-scale=0.5]",2999671,429704,7,20997697
"bench_test.py::TestStringColumnTensor::test_tpch_string_processing[op=FilterScan,col=l_shipmode,pred=Eq,val=AIR-device=cuda-encoding=DictionaryEncoding-scale=0.5]",2999671,429704,8,23997368
"bench_test.py::TestStringColumnTensor::test_tpch_string_processing[op=FilterScan,col=l_shipmode,pred=Eq,val=AIR-device=cuda-encoding=CDictionaryEncoding-scale=0.5]",2999671,429704,8,23997368
"bench_test.py::TestStringColumnTensor::test_tpch_string_processing[op=FilterScan,col=l_shipmode,pred=Eq,val=AIR-device=cpu-encoding=PlainEncoding-scale=0.5]",2999671,429704,7,20997697
"bench_test.py::TestStringColumnTensor::test_tpch_string_processing[op=FilterScan,col=l_shipmode,pred=Eq,val=AIR-device=cpu-encoding=CPlainEncoding-scale=0.5]",2999671,429704,7,20997697
"bench_test.py::TestStringColumnTensor::test_tpch_string_processing[op=FilterScan,col=l_shipmode,pred=Eq,val=AIR-device=cpu-encoding=DictionaryEncoding-scale=0.5]",2999671,429704,8,23997368
"bench_test.py::TestStringColumnTensor::test_tpch_string_processing[op=FilterScan,col=l_shipmode,pred=Eq,val=AIR-device=cpu-encoding=CDictionaryEncoding-scale=0.5]",2999671,429704,8,23997368
"bench_test.py::TestStringColumnTensor::test_tpch_string_processing[op=FilterScan,col=l_shipmode,pred=Eq,val=AIR-device=cuda-encoding=PlainEncoding-scale=0.6]",3601036,515493,7,25207252
"bench_test.py::TestStringColumnTensor::test_tpch_string_processing[op=FilterScan,col=l_shipmode,pred=Eq,val=AIR-device=cuda-encoding=CPlainEncoding-scale=0.6]",3601036,515493,7,25207252
"bench_test.py::TestStringColumnTensor::test_tpch_string_processing[op=FilterScan,col=l_shipmode,pred=Eq,val=AIR-device=cuda-encoding=DictionaryEncoding-scale=0.6]",3601036,515493,8,28808288
"bench_test.py::TestStringColumnTensor::test_tpch_string_processing[op=FilterScan,col=l_shipmode,pred=Eq,val=AIR-device=cuda-encoding=CDictionaryEncoding-scale=0.6]",3601036,515493,8,28808288
"bench_test.py::TestStringColumnTensor::test_tpch_string_processing[op=FilterScan,col=l_shipmode,pred=Eq,val=AIR-device=cpu-encoding=PlainEncoding-scale=0.6]",3601036,515493,7,25207252
"bench_test.py::TestStringColumnTensor::test_tpch_string_processing[op=FilterScan,col=l_shipmode,pred=Eq,val=AIR-device=cpu-encoding=CPlainEncoding-scale=0.6]",3601036,515493,7,25207252
"bench_test.py::TestStringColumnTensor::test_tpch_string_processing[op=FilterScan,col=l_shipmode,pred=Eq,val=AIR-device=cpu-encoding=DictionaryEncoding-scale=0.6]",3601036,515493,8,28808288
"bench_test.py::TestStringColumnTensor::test_tpch_string_processing[op=FilterScan,col=l_shipmode,pred=Eq,val=AIR-device=cpu-encoding=CDictionaryEncoding-scale=0.6]",3601036,515493,8,28808288
"bench_test.py::TestStringColumnTensor::test_tpch_string_processing[op=FilterScan,col=l_shipmode,pred=Eq,val=AIR-device=cuda-encoding=PlainEncoding-scale=0.7]",4200337,601095,7,29402359
"bench_test.py::TestStringColumnTensor::test_tpch_string_processing[op=FilterScan,col=l_shipmode,pred=Eq,val=AIR-device=cuda-encoding=CPlainEncoding-scale=0.7]",4200337,601095,7,29402359
"bench_test.py::TestStringColumnTensor::test_tpch_string_processing[op=FilterScan,col=l_shipmode,pred=Eq,val=AIR-device=cuda-encoding=DictionaryEncoding-scale=0.7]",4200337,601095,8,33602696
"bench_test.py::TestStringColumnTensor::test_tpch_string_processing[op=FilterScan,col=l_shipmode,pred=Eq,val=AIR-device=cuda-encoding=CDictionaryEncoding-scale=0.7]",4200337,601095,8,33602696
"bench_test.py::TestStringColumnTensor::test_tpch_string_processing[op=FilterScan,col=l_shipmode,pred=Eq,val=AIR-device=cpu-encoding=PlainEncoding-scale=0.7]",4200337,601095,7,29402359
"bench_test.py::TestStringColumnTensor::test_tpch_string_processing[op=FilterScan,col=l_shipmode,pred=Eq,val=AIR-device=cpu-encoding=CPlainEncoding-scale=0.7]",4200337,601095,7,29402359
"bench_test.py::TestStringColumnTensor::test_tpch_string_processing[op=FilterScan,col=l_shipmode,pred=Eq,val=AIR-device=cpu-encoding=DictionaryEncoding-scale=0.7]",4200337,601095,8,33602696
"bench_test.py::TestStringColumnTensor::test_tpch_string_processing[op=FilterScan,col=l_shipmode,pred=Eq,val=AIR-device=cpu-encoding=CDictionaryEncoding-scale=0.7]",4200337,601095,8,33602696
"bench_test.py::TestStringColumnTensor::test_tpch_string_processing[op=FilterScan,col=l_shipmode,pred=Eq,val=AIR-device=cuda-encoding=PlainEncoding-scale=0.8]",4800841,687034,7,33605887
"bench_test.py::TestStringColumnTensor::test_tpch_string_processing[op=FilterScan,col=l_shipmode,pred=Eq,val=AIR-device=cuda-encoding=CPlainEncoding-scale=0.8]",4800841,687034,7,33605887
"bench_test.py::TestStringColumnTensor::test_tpch_string_processing[op=FilterScan,col=l_shipmode,pred=Eq,val=AIR-device=cuda-encoding=DictionaryEncoding-scale=0.8]",4800841,687034,8,38406728
"bench_test.py::TestStringColumnTensor::test_tpch_string_processing[op=FilterScan,col=l_shipmode,pred=Eq,val=AIR-device=cuda-encoding=CDictionaryEncoding-scale=0.8]",4800841,687034,8,38406728
"bench_test.py::TestStringColumnTensor::test_tpch_string_processing[op=FilterScan,col=l_shipmode,pred=Eq,val=AIR-device=cpu-encoding=PlainEncoding-scale=0.8]",4800841,687034,7,33605887
"bench_test.py::TestStringColumnTensor::test_tpch_string_processing[op=FilterScan,col=l_shipmode,pred=Eq,val=AIR-device=cpu-encoding=CPlainEncoding-scale=0.8]",4800841,687034,7,33605887
"bench_test.py::TestStringColumnTensor::test_tpch_string_processing[op=FilterScan,col=l_shipmode,pred=Eq,val=AIR-device=cpu-encoding=DictionaryEncoding-scale=0.8]",4800841,687034,8,38406728
"bench_test.py::TestStringColumnTensor::test_tpch_string_processing[op=FilterScan,col=l_shipmode,pred=Eq,val=AIR-device=cpu-encoding=CDictionaryEncoding-scale=0.8]",4800841,687034,8,38406728
"bench_test.py::TestStringColumnTensor::test_tpch_string_processing[op=FilterScan,col=l_shipmode,pred=Eq,val=AIR-device=cuda-encoding=PlainEncoding-scale=0.9]",5400556,772525,7,37803892
"bench_test.py::TestStringColumnTensor::test_tpch_string_processing[op=FilterScan,col=l_shipmode,pred=Eq,val=AIR-device=cuda-encoding=CPlainEncoding-scale=0.9]",5400556,772525,7,37803892
"bench_test.py::TestStringColumnTensor::test_tpch_string_processing[op=FilterScan,col=l_shipmode,pred=Eq,val=AIR-device=cuda-encoding=DictionaryEncoding-scale=0.9]",5400556,772525,8,43204448
"bench_test.py::TestStringColumnTensor::test_tpch_string_processing[op=FilterScan,col=l_shipmode,pred=Eq,val=AIR-device=cuda-encoding=CDictionaryEncoding-scale=0.9]",5400556,772525,8,43204448
"bench_test.py::TestStringColumnTensor::test_tpch_string_processing[op=FilterScan,col=l_shipmode,pred=Eq,val=AIR-device=cpu-encoding=PlainEncoding-scale=0.9]",5400556,772525,7,37803892
"bench_test.py::TestStringColumnTensor::test_tpch_string_processing[op=FilterScan,col=l_shipmode,pred=Eq,val=AIR-device=cpu-encoding=CPlainEncoding-scale=0.9]",5400556,772525,7,37803892
"bench_test.py::TestStringColumnTensor::test_tpch_string_processing[op=FilterScan,col=l_shipmode,pred=Eq,val=AIR-device=cpu-encoding=DictionaryEncoding-scale=0.9]",5400556,772525,8,43204448
"bench_test.py::TestStringColumnTensor::test_tpch_string_processing[op=FilterScan,col=l_shipmode,pred=Eq,val=AIR-device=cpu-encoding=CDictionaryEncoding-scale=0.9]",5400556,772525,8,43204448
"bench_test.py::TestStringColumnTensor::test_tpch_string_processing[op=FilterScan,col=l_shipmode,pred=Eq,val=AIR-device=cuda-encoding=PlainEncoding-scale=1.0]",6001215,858104,7,42008505
"bench_test.py::TestStringColumnTensor::test_tpch_string_processing[op=FilterScan,col=l_shipmode,pred=Eq,val=AIR-device=cuda-encoding=CPlainEncoding-scale=1.0]",6001215,858104,7,42008505
"bench_test.py::TestStringColumnTensor::test_tpch_string_processing[op=FilterScan,col=l_shipmode,pred=Eq,val=AIR-device=cuda-encoding=DictionaryEncoding-scale=1.0]",6001215,858104,8,48009720
"bench_test.py::TestStringColumnTensor::test_tpch_string_processing[op=FilterScan,col=l_shipmode,pred=Eq,val=AIR-device=cuda-encoding=CDictionaryEncoding-scale=1.0]",6001215,858104,8,48009720
"bench_test.py::TestStringColumnTensor::test_tpch_string_processing[op=FilterScan,col=l_shipmode,pred=Eq,val=AIR-device=cpu-encoding=PlainEncoding-scale=1.0]",6001215,858104,7,42008505
"bench_test.py::TestStringColumnTensor::test_tpch_string_processing[op=FilterScan,col=l_shipmode,pred=Eq,val=AIR-device=cpu-encoding=CPlainEncoding-scale=1.0]",6001215,858104,7,42008505
"bench_test.py::TestStringColumnTensor::test_tpch_string_processing[op=FilterScan,col=l_shipmode,pred=Eq,val=AIR-device=cpu-encoding=DictionaryEncoding-scale=1.0]",6001215,858104,8,48009720
"bench_test.py::TestStringColumnTensor::test_tpch_string_processing[op=FilterScan,col=l_shipmode,pred=Eq,val=AIR-device=cpu-encoding=CDictionaryEncoding-scale=1.0]",6001215,858104,8,48009720
"bench_test.py::TestStringColumnTensor::test_tpch_string_processing[op=FilterScan,col=l_shipmode,pred=Eq,val=AIR-device=cuda-encoding=PlainEncoding-scale=1]",6001215,858104,7,42008505
"bench_test.py::TestStringColumnTensor::test_tpch_string_processing[op=FilterScan,col=l_shipmode,pred=Eq,val=AIR-device=cuda-encoding=CPlainEncoding-scale=1]",6001215,858104,7,42008505
"bench_test.py::TestStringColumnTensor::test_tpch_string_processing[op=FilterScan,col=l_shipmode,pred=Eq,val=AIR-device=cuda-encoding=DictionaryEncoding-scale=1]",6001215,858104,8,48009720
"bench_test.py::TestStringColumnTensor::test_tpch_string_processing[op=FilterScan,col=l_shipmode,pred=Eq,val=AIR-device=cuda-encoding=CDictionaryEncoding-scale=1]",6001215,858104,8,48009720
"bench_test.py::TestStringColumnTensor::test_tpch_string_processing[op=FilterScan,col=l_shipmode,pred=Eq,val=AIR-device=cpu-encoding=PlainEncoding-scale=1]",6001215,858104,7,42008505
"bench_test.py::TestStringColumnTensor::test_tpch_string_processing[op=FilterScan,col=l_shipmode,pred=Eq,val=AIR-device=cpu-encoding=CPlainEncoding-scale=1]",6001215,858104,7,42008505
"bench_test.py::TestStringColumnTensor::test_tpch_string_processing[op=FilterScan,col=l_shipmode,pred=Eq,val=AIR-device=cpu-encoding=DictionaryEncoding-scale=1]",6001215,858104,8,48009720
"bench_test.py::TestStringColumnTensor::test_tpch_string_processing[op=FilterScan,col=l_shipmode,pred=Eq,val=AIR-device=cpu-encoding=CDictionaryEncoding-scale=1]",6001215,858104,8,48009720
"bench_test.py::TestStringColumnTensor::test_tpch_string_processing[op=FilterScan,col=l_shipmode,pred=Eq,val=AIR-device=cuda-encoding=PlainEncoding-scale=2]",11997996,1715532,7,83985972
"bench_test.py::TestStringColumnTensor::test_tpch_string_processing[op=FilterScan,col=l_shipmode,pred=Eq,val=AIR-device=cuda-encoding=CPlainEncoding-scale=2]",11997996,1715532,7,83985972
"bench_test.py::TestStringColumnTensor::test_tpch_string_processing[op=FilterScan,col=l_shipmode,pred=Eq,val=AIR-device=cuda-encoding=DictionaryEncoding-scale=2]",11997996,1715532,8,95983968
"bench_test.py::TestStringColumnTensor::test_tpch_string_processing[op=FilterScan,col=l_shipmode,pred=Eq,val=AIR-device=cuda-encoding=CDictionaryEncoding-scale=2]",11997996,1715532,8,95983968
"bench_test.py::TestStringColumnTensor::test_tpch_string_processing[op=FilterScan,col=l_shipmode,pred=Eq,val=AIR-device=cpu-encoding=PlainEncoding-scale=2]",11997996,1715532,7,83985972
"bench_test.py::TestStringColumnTensor::test_tpch_string_processing[op=FilterScan,col=l_shipmode,pred=Eq,val=AIR-device=cpu-encoding=CPlainEncoding-scale=2]",11997996,1715532,7,83985972
"bench_test.py::TestStringColumnTensor::test_tpch_string_processing[op=FilterScan,col=l_shipmode,pred=Eq,val=AIR-device=cpu-encoding=DictionaryEncoding-scale=2]",11997996,1715532,8,95983968
"bench_test.py::TestStringColumnTensor::test_tpch_string_processing[op=FilterScan,col=l_shipmode,pred=Eq,val=AIR-device=cpu-encoding=CDictionaryEncoding-scale=2]",11997996,1715532,8,95983968
"bench_test.py::TestStringColumnTensor::test_tpch_string_processing[op=FilterScan,col=l_shipmode,pred=Eq,val=AIR-device=cuda-encoding=PlainEncoding-scale=3]",17996609,2571601,7,125976263
"bench_test.py::TestStringColumnTensor::test_tpch_string_processing[op=FilterScan,col=l_shipmode,pred=Eq,val=AIR-device=cuda-encoding=CPlainEncoding-scale=3]",17996609,2571601,7,125976263
"bench_test.py::TestStringColumnTensor::test_tpch_string_processing[op=FilterScan,col=l_shipmode,pred=Eq,val=AIR-device=cuda-encoding=DictionaryEncoding-scale=3]",17996609,2571601,8,143972872
"bench_test.py::TestStringColumnTensor::test_tpch_string_processing[op=FilterScan,col=l_shipmode,pred=Eq,val=AIR-device=cuda-encoding=CDictionaryEncoding-scale=3]",17996609,2571601,8,143972872
"bench_test.py::TestStringColumnTensor::test_tpch_string_processing[op=FilterScan,col=l_shipmode,pred=Eq,val=AIR-device=cpu-encoding=PlainEncoding-scale=3]",17996609,2571601,7,125976263
"bench_test.py::TestStringColumnTensor::test_tpch_string_processing[op=FilterScan,col=l_shipmode,pred=Eq,val=AIR-device=cpu-encoding=CPlainEncoding-scale=3]",17996609,2571601,7,125976263
"bench_test.py::TestStringColumnTensor::test_tpch_string_processing[op=FilterScan,col=l_shipmode,pred=Eq,val=AIR-device=cpu-encoding=DictionaryEncoding-scale=3]",17996609,2571601,8,143972872
"bench_test.py::TestStringColumnTensor::test_tpch_string_processing[op=FilterScan,col=l_shipmode,pred=Eq,val=AIR-device=cpu-encoding=CDictionaryEncoding-scale=3]",17996609,2571601,8,143972872
"bench_test.py::TestStringColumnTensor::test_tpch_string_processing[op=FilterScan,col=l_shipmode,pred=Eq,val=AIR-device=cuda-encoding=PlainEncoding-scale=4]",23996604,3427035,7,167976228
"bench_test.py::TestStringColumnTensor::test_tpch_string_processing[op=FilterScan,col=l_shipmode,pred=Eq,val=AIR-device=cuda-encoding=CPlainEncoding-scale=4]",23996604,3427035,7,167976228
"bench_test.py::TestStringColumnTensor::test_tpch_string_processing[op=FilterScan,col=l_shipmode,pred=Eq,val=AIR-device=cuda-encoding=DictionaryEncoding-scale=4]",23996604,3427035,8,191972832
"bench_test.py::TestStringColumnTensor::test_tpch_string_processing[op=FilterScan,col=l_shipmode,pred=Eq,val=AIR-device=cuda-encoding=CDictionaryEncoding-scale=4]",23996604,3427035,8,191972832
"bench_test.py::TestStringColumnTensor::test_tpch_string_processing[op=FilterScan,col=l_shipmode,pred=Eq,val=AIR-device=cpu-encoding=PlainEncoding-scale=4]",23996604,3427035,7,167976228
"bench_test.py::TestStringColumnTensor::test_tpch_string_processing[op=FilterScan,col=l_shipmode,pred=Eq,val=AIR-device=cpu-encoding=CPlainEncoding-scale=4]",23996604,3427035,7,167976228
"bench_test.py::TestStringColumnTensor::test_tpch_string_processing[op=FilterScan,col=l_shipmode,pred=Eq,val=AIR-device=cpu-encoding=DictionaryEncoding-scale=4]",23996604,3427035,8,191972832
"bench_test.py::TestStringColumnTensor::test_tpch_string_processing[op=FilterScan,col=l_shipmode,pred=Eq,val=AIR-device=cpu-encoding=CDictionaryEncoding-scale=4]",23996604,3427035,8,191972832
"bench_test.py::TestStringColumnTensor::test_tpch_string_processing[op=FilterScan,col=l_shipmode,pred=Eq,val=AIR-device=cuda-encoding=PlainEncoding-scale=5]",29999795,4285543,7,209998565
"bench_test.py::TestStringColumnTensor::test_tpch_string_processing[op=FilterScan,col=l_shipmode,pred=Eq,val=AIR-device=cuda-encoding=CPlainEncoding-scale=5]",29999795,4285543,7,209998565
"bench_test.py::TestStringColumnTensor::test_tpch_string_processing[op=FilterScan,col=l_shipmode,pred=Eq,val=AIR-device=cuda-encoding=DictionaryEncoding-scale=5]",29999795,4285543,8,239998360
"bench_test.py::TestStringColumnTensor::test_tpch_string_processing[op=FilterScan,col=l_shipmode,pred=Eq,val=AIR-device=cuda-encoding=CDictionaryEncoding-scale=5]",29999795,4285543,8,239998360
"bench_test.py::TestStringColumnTensor::test_tpch_string_processing[op=FilterScan,col=l_shipmode,pred=Eq,val=AIR-device=cpu-encoding=PlainEncoding-scale=5]",29999795,4285543,7,209998565
"bench_test.py::TestStringColumnTensor::test_tpch_string_processing[op=FilterScan,col=l_shipmode,pred=Eq,val=AIR-device=cpu-encoding=CPlainEncoding-scale=5]",29999795,4285543,7,209998565
"bench_test.py::TestStringColumnTensor::test_tpch_string_processing[op=FilterScan,col=l_shipmode,pred=Eq,val=AIR-device=cpu-encoding=DictionaryEncoding-scale=5]",29999795,4285543,8,239998360
"bench_test.py::TestStringColumnTensor::test_tpch_string_processing[op=FilterScan,col=l_shipmode,pred=Eq,val=AIR-device=cpu-encoding=CDictionaryEncoding-scale=5]",29999795,4285543,8,239998360
"bench_test.py::TestStringColumnTensor::test_tpch_string_processing[op=FilterScan,col=l_shipmode,pred=Eq,val=AIR-device=cuda-encoding=PlainEncoding-scale=6]",36000148,5141780,7,252001036
"bench_test.py::TestStringColumnTensor::test_tpch_string_processing[op=FilterScan,col=l_shipmode,pred=Eq,val=AIR-device=cuda-encoding=CPlainEncoding-scale=6]",36000148,5141780,7,252001036
"bench_test.py::TestStringColumnTensor::test_tpch_string_processing[op=FilterScan,col=l_shipmode,pred=Eq,val=AIR-device=cuda-encoding=DictionaryEncoding-scale=6]",36000148,5141780,8,288001184
"bench_test.py::TestStringColumnTensor::test_tpch_string_processing[op=FilterScan,col=l_shipmode,pred=Eq,val=AIR-device=cuda-encoding=CDictionaryEncoding-scale=6]",36000148,5141780,8,288001184
"bench_test.py::TestStringColumnTensor::test_tpch_string_processing[op=FilterScan,col=l_shipmode,pred=Eq,val=AIR-device=cpu-encoding=PlainEncoding-scale=6]",36000148,5141780,7,252001036
"bench_test.py::TestStringColumnTensor::test_tpch_string_processing[op=FilterScan,col=l_shipmode,pred=Eq,val=AIR-device=cpu-encoding=CPlainEncoding-scale=6]",36000148,5141780,7,252001036
"bench_test.py::TestStringColumnTensor::test_tpch_string_processing[op=FilterScan,col=l_shipmode,pred=Eq,val=AIR-device=cpu-encoding=DictionaryEncoding-scale=6]",36000148,5141780,8,288001184
"bench_test.py::TestStringColumnTensor::test_tpch_string_processing[op=FilterScan,col=l_shipmode,pred=Eq,val=AIR-device=cpu-encoding=CDictionaryEncoding-scale=6]",36000148,5141780,8,288001184
"bench_test.py::TestStringColumnTensor::test_tpch_string_processing[op=FilterScan,col=l_shipmode,pred=Eq,val=AIR-device=cuda-encoding=PlainEncoding-scale=7]",41995307,5997233,7,293967149
"bench_test.py::TestStringColumnTensor::test_tpch_string_processing[op=FilterScan,col=l_shipmode,pred=Eq,val=AIR-device=cuda-encoding=CPlainEncoding-scale=7]",41995307,5997233,7,293967149
"bench_test.py::TestStringColumnTensor::test_tpch_string_processing[op=FilterScan,col=l_shipmode,pred=Eq,val=AIR-device=cuda-encoding=DictionaryEncoding-scale=7]",41995307,5997233,8,335962456
"bench_test.py::TestStringColumnTensor::test_tpch_string_processing[op=FilterScan,col=l_shipmode,pred=Eq,val=AIR-device=cuda-encoding=CDictionaryEncoding-scale=7]",41995307,5997233,8,335962456
"bench_test.py::TestStringColumnTensor::test_tpch_string_processing[op=FilterScan,col=l_shipmode,pred=Eq,val=AIR-device=cpu-encoding=PlainEncoding-scale=7]",41995307,5997233,7,293967149
"bench_test.py::TestStringColumnTensor::test_tpch_string_processing[op=FilterScan,col=l_shipmode,pred=Eq,val=AIR-device=cpu-encoding=CPlainEncoding-scale=7]",41995307,5997233,7,293967149
"bench_test.py::TestStringColumnTensor::test_tpch_string_processing[op=FilterScan,col=l_shipmode,pred=Eq,val=AIR-device=cpu-encoding=DictionaryEncoding-scale=7]",41995307,5997233,8,335962456
"bench_test.py::TestStringColumnTensor::test_tpch_string_processing[op=FilterScan,col=l_shipmode,pred=Eq,val=AIR-device=cpu-encoding=CDictionaryEncoding-scale=7]",41995307,5997233,8,335962456
"bench_test.py::TestStringColumnTensor::test_tpch_string_processing[op=FilterScan,col=l_shipmode,pred=Eq,val=AIR-device=cuda-encoding=PlainEncoding-scale=8]",47989007,6853099,7,335923049
"bench_test.py::TestStringColumnTensor::test_tpch_string_processing[op=FilterScan,col=l_shipmode,pred=Eq,val=AIR-device=cuda-encoding=CPlainEncoding-scale=8]",47989007,6853099,7,335923049
"bench_test.py::TestStringColumnTensor::test_tpch_string_processing[op=FilterScan,col=l_shipmode,pred=Eq,val=AIR-device=cuda-encoding=DictionaryEncoding-scale=8]",47989007,6853099,8,383912056
"bench_test.py::TestStringColumnTensor::test_tpch_string_processing[op=FilterScan,col=l_shipmode,pred=Eq,val=AIR-device=cuda-encoding=CDictionaryEncoding-scale=8]",47989007,6853099,8,383912056
"bench_test.py::TestStringColumnTensor::test_tpch_string_processing[op=FilterScan,col=l_shipmode,pred=Eq,val=AIR-device=cpu-encoding=PlainEncoding-scale=8]",47989007,6853099,7,335923049
"bench_test.py::TestStringColumnTensor::test_tpch_string_processing[op=FilterScan,col=l_shipmode,pred=Eq,val=AIR-device=cpu-encoding=CPlainEncoding-scale=8]",47989007,6853099,7,335923049
"bench_test.py::TestStringColumnTensor::test_tpch_string_processing[op=FilterScan,col=l_shipmode,pred=Eq,val=AIR-device=cpu-encoding=DictionaryEncoding-scale=8]",47989007,6853099,8,383912056
"bench_test.py::TestStringColumnTensor::test_tpch_string_processing[op=FilterScan,col=l_shipmode,pred=Eq,val=AIR-device=cpu-encoding=CDictionaryEncoding-scale=8]",47989007,6853099,8,383912056
"bench_test.py::TestStringColumnTensor::test_tpch_string_processing[op=FilterScan,col=l_shipmode,pred=Eq,val=AIR-device=cuda-encoding=PlainEncoding-scale=9]",53986608,7709685,7,377906256
"bench_test.py::TestStringColumnTensor::test_tpch_string_processing[op=FilterScan,col=l_shipmode,pred=Eq,val=AIR-device=cuda-encoding=CPlainEncoding-scale=9]",53986608,7709685,7,377906256
"bench_test.py::TestStringColumnTensor::test_tpch_string_processing[op=FilterScan,col=l_shipmode,pred=Eq,val=AIR-device=cuda-encoding=DictionaryEncoding-scale=9]",53986608,7709685,8,431892864
"bench_test.py::TestStringColumnTensor::test_tpch_string_processing[op=FilterScan,col=l_shipmode,pred=Eq,val=AIR-device=cuda-encoding=CDictionaryEncoding-scale=9]",53986608,7709685,8,431892864
"bench_test.py::TestStringColumnTensor::test_tpch_string_processing[op=FilterScan,col=l_shipmode,pred=Eq,val=AIR-device=cpu-encoding=PlainEncoding-scale=9]",53986608,7709685,7,377906256
"bench_test.py::TestStringColumnTensor::test_tpch_string_processing[op=FilterScan,col=l_shipmode,pred=Eq,val=AIR-device=cpu-encoding=CPlainEncoding-scale=9]",53986608,7709685,7,377906256
"bench_test.py::TestStringColumnTensor::test_tpch_string_processing[op=FilterScan,col=l_shipmode,pred=Eq,val=AIR-device=cpu-encoding=DictionaryEncoding-scale=9]",53986608,7709685,8,431892864
"bench_test.py::TestStringColumnTensor::test_tpch_string_processing[op=FilterScan,col=l_shipmode,pred=Eq,val=AIR-device=cpu-encoding=CDictionaryEncoding-scale=9]",53986608,7709685,8,431892864
"bench_test.py::TestStringColumnTensor::test_tpch_string_processing[op=FilterScan,col=l_shipmode,pred=Eq,val=AIR-device=cuda-encoding=PlainEncoding-scale=10]",59986052,8566164,7,419902364
"bench_test.py::TestStringColumnTensor::test_tpch_string_processing[op=FilterScan,col=l_shipmode,pred=Eq,val=AIR-device=cuda-encoding=CPlainEncoding-scale=10]",59986052,8566164,7,419902364
"bench_test.py::TestStringColumnTensor::test_tpch_string_processing[op=FilterScan,col=l_shipmode,pred=Eq,val=AIR-device=cuda-encoding=DictionaryEncoding-scale=10]",59986052,8566164,8,479888416
"bench_test.py::TestStringColumnTensor::test_tpch_string_processing[op=FilterScan,col=l_shipmode,pred=Eq,val=AIR-device=cuda-encoding=CDictionaryEncoding-scale=10]",59986052,8566164,8,479888416
"bench_test.py::TestStringColumnTensor::test_tpch_string_processing[op=FilterScan,col=l_shipmode,pred=Eq,val=AIR-device=cpu-encoding=PlainEncoding-scale=10]",59986052,8566164,7,419902364
"bench_test.py::TestStringColumnTensor::test_tpch_string_processing[op=FilterScan,col=l_shipmode,pred=Eq,val=AIR-device=cpu-encoding=CPlainEncoding-scale=10]",59986052,8566164,7,419902364
"bench_test.py::TestStringColumnTensor::test_tpch_string_processing[op=FilterScan,col=l_shipmode,pred=Eq,val=AIR-device=cpu-encoding=DictionaryEncoding-scale=10]",59986052,8566164,8,479888416
"bench_test.py::TestStringColumnTensor::test_tpch_string_processing[op=FilterScan,col=l_shipmode,pred=Eq,val=AIR-device=cpu-encoding=CDictionaryEncoding-scale=10]",59986052,8566164,8,479888416
