fullname,param:tensor_cls,param:device,param:scale,col,pred,val,mean,min,max,stddev,ops,rounds
"bench_test.py::TestStringColumnTensor::test_tpch_string_processing[op=FilterScan,col=l_shipmode,pred=Eq,val=AIR-device=cuda-encoding=PlainEncoding-scale=0.1]",PlainEncodingStringColumnTensor,cuda,0.1,l_shipmode,PredicateEq,AIR,0.0002206982754017,0.0002074441872537,0.0025703161954879,3.954023959589588e-05,4531.073014412053,3732
"bench_test.py::TestStringColumnTensor::test_tpch_string_processing[op=FilterScan,col=l_shipmode,pred=Eq,val=AIR-device=cuda-encoding=PlainEncoding-scale=0.2]",PlainEncodingStringColumnTensor,cuda,0.2,l_shipmode,PredicateEq,AIR,0.0002650091092065,0.0002449252642691,0.000342349987477,1.5273512574134183e-05,3773.455195536334,2067
"bench_test.py::TestStringColumnTensor::test_tpch_string_processing[op=FilterScan,col=l_shipmode,pred=Eq,val=AIR-device=cuda-encoding=DictionaryEncoding-scale=0.1]",DictionaryEncodingStringColumnTensor,cuda,0.1,l_shipmode,PredicateEq,AIR,0.0002689526292821,0.000262277200818,0.0004556938074529,7.646174461063783e-06,3718.126878585093,3513
"bench_test.py::TestStringColumnTensor::test_tpch_string_processing[op=FilterScan,col=l_shipmode,pred=Eq,val=AIR-device=cuda-encoding=DictionaryEncoding-scale=0.2]",DictionaryEncodingStringColumnTensor,cuda,0.2,l_shipmode,PredicateEq,AIR,0.0002734185906457,0.0002626981586217,0.0005521369166672,1.2917101592589688e-05,3657.3957814585865,3177
"bench_test.py::TestStringColumnTensor::test_tpch_string_processing[op=FilterScan,col=l_shipmode,pred=Eq,val=AIR-device=cuda-encoding=DictionaryEncoding-scale=0.3]",DictionaryEncodingStringColumnTensor,cuda,0.3,l_shipmode,PredicateEq,AIR,0.0002735558069964,0.0002637510187923,0.0015495400875806,2.47210592135962e-05,3655.5612216003815,3572
"bench_test.py::TestStringColumnTensor::test_tpch_string_processing[op=FilterScan,col=l_shipmode,pred=Eq,val=AIR-device=cuda-encoding=DictionaryEncoding-scale=0.4]",DictionaryEncodingStringColumnTensor,cuda,0.4,l_shipmode,PredicateEq,AIR,0.0002764063442368,0.0002646017819643,0.0003724172711372,1.302230619442144e-05,3617.861966088507,3504
"bench_test.py::TestStringColumnTensor::test_tpch_string_processing[op=FilterScan,col=l_shipmode,pred=Eq,val=AIR-device=cuda-encoding=DictionaryEncoding-scale=0.5]",DictionaryEncodingStringColumnTensor,cuda,0.5,l_shipmode,PredicateEq,AIR,0.0002886596857831,0.0002753431908786,0.0004329807125031,1.023685585135366e-05,3464.287010799127,3382
"bench_test.py::TestStringColumnTensor::test_tpch_string_processing[op=FilterScan,col=l_shipmode,pred=Eq,val=AIR-device=cuda-encoding=PlainEncoding-scale=0.3]",PlainEncodingStringColumnTensor,cuda,0.3,l_shipmode,PredicateEq,AIR,0.0003115262845551,0.0002911118790507,0.0005554426461458,2.152673186404895e-05,3210.0020113169453,2794
"bench_test.py::TestStringColumnTensor::test_tpch_string_processing[op=FilterScan,col=l_shipmode,pred=Eq,val=AIR-device=cuda-encoding=DictionaryEncoding-scale=0.6]",DictionaryEncodingStringColumnTensor,cuda,0.6,l_shipmode,PredicateEq,AIR,0.0003083990460123,0.0002940176054835,0.0014235810376703,2.4938852270940163e-05,3242.552183381109,3154
"bench_test.py::TestStringColumnTensor::test_tpch_string_processing[op=FilterScan,col=l_shipmode,pred=Eq,val=AIR-device=cuda-encoding=DictionaryEncoding-scale=0.7]",DictionaryEncodingStringColumnTensor,cuda,0.7,l_shipmode,PredicateEq,AIR,0.0003136664085761,0.0003048479557037,0.0004789493978023,9.657000245691589e-06,3188.100391557075,3062
"bench_test.py::TestStringColumnTensor::test_tpch_string_processing[op=FilterScan,col=l_shipmode,pred=Eq,val=AIR-device=cuda-encoding=DictionaryEncoding-scale=0.8]",DictionaryEncodingStringColumnTensor,cuda,0.8,l_shipmode,PredicateEq,AIR,0.0003280812312,0.0003129327669739,0.0004751407541334,1.4424184989534622e-05,3048.0256256729044,3017
"bench_test.py::TestStringColumnTensor::test_tpch_string_processing[op=FilterScan,col=l_shipmode,pred=Eq,val=AIR-device=cuda-encoding=DictionaryEncoding-scale=0.9]",DictionaryEncodingStringColumnTensor,cuda,0.9,l_shipmode,PredicateEq,AIR,0.0003399685070168,0.00032500596717,0.0004951893351972,1.524658639206446e-05,2941.448926475326,2569
"bench_test.py::TestStringColumnTensor::test_tpch_string_processing[op=FilterScan,col=l_shipmode,pred=Eq,val=AIR-device=cuda-encoding=DictionaryEncoding-scale=1.0]",DictionaryEncodingStringColumnTensor,cuda,1.0,l_shipmode,PredicateEq,AIR,0.0003451099492255,0.0003342139534652,0.0004872540012001,8.695877890734165e-06,2897.62726992939,2823
"bench_test.py::TestStringColumnTensor::test_tpch_string_processing[op=FilterScan,col=l_shipmode,pred=Eq,val=AIR-device=cuda-encoding=DictionaryEncoding-scale=1]",DictionaryEncodingStringColumnTensor,cuda,1.0,l_shipmode,PredicateEq,AIR,0.000345368285786,0.0003342842683196,0.000553801190108,9.20049667234879e-06,2895.459835647641,2810
"bench_test.py::TestStringColumnTensor::test_tpch_string_processing[op=FilterScan,col=l_shipmode,pred=Eq,val=AIR-device=cuda-encoding=PlainEncoding-scale=0.4]",PlainEncodingStringColumnTensor,cuda,0.4,l_shipmode,PredicateEq,AIR,0.0003695698510871,0.0003410973586142,0.0005992860533297,2.9858809040356564e-05,2705.848426375504,2316
"bench_test.py::TestStringColumnTensor::test_tpch_string_processing[op=FilterScan,col=l_shipmode,pred=Eq,val=AIR-device=cpu-encoding=DictionaryEncoding-scale=0.1]",DictionaryEncodingStringColumnTensor,cpu,0.1,l_shipmode,PredicateEq,AIR,0.0003712407052011,0.0003494331613183,0.0017938027158379,3.58947576979768e-05,2693.670133662304,1989
"bench_test.py::TestStringColumnTensor::test_tpch_string_processing[op=FilterScan,col=l_shipmode,pred=Eq,val=AIR-device=cuda-encoding=PlainEncoding-scale=0.5]",PlainEncodingStringColumnTensor,cuda,0.5,l_shipmode,PredicateEq,AIR,0.0004130767627127,0.0003888383507728,0.0020113969221711,5.065241970394807e-05,2420.857550622693,2058
"bench_test.py::TestStringColumnTensor::test_tpch_string_processing[op=FilterScan,col=l_shipmode,pred=Eq,val=AIR-device=cuda-encoding=DictionaryEncoding-scale=2]",DictionaryEncodingStringColumnTensor,cuda,2.0,l_shipmode,PredicateEq,AIR,0.0004478789038701,0.0004342240281403,0.0006317594088613,1.170801532591526e-05,2232.7463771097714,2166
"bench_test.py::TestStringColumnTensor::test_tpch_string_processing[op=FilterScan,col=l_shipmode,pred=Eq,val=AIR-device=cuda-encoding=PlainEncoding-scale=0.6]",PlainEncodingStringColumnTensor,cuda,0.6,l_shipmode,PredicateEq,AIR,0.0004637258755755,0.0004390035755932,0.0007227007299661,3.538886706165791e-05,2156.446410842976,1811
"bench_test.py::TestStringColumnTensor::test_tpch_string_processing[op=FilterScan,col=l_shipmode,pred=Eq,val=AIR-device=cuda-encoding=PlainEncoding-scale=0.7]",PlainEncodingStringColumnTensor,cuda,0.7,l_shipmode,PredicateEq,AIR,0.0005150340508436,0.0004904703237116,0.0006532990373671,3.814381446208949e-05,1941.619196559948,1532
"bench_test.py::TestStringColumnTensor::test_tpch_string_processing[op=FilterScan,col=l_shipmode,pred=Eq,val=AIR-device=cuda-encoding=DictionaryEncoding-scale=3]",DictionaryEncodingStringColumnTensor,cuda,3.0,l_shipmode,PredicateEq,AIR,0.0005457152412234,0.0005325102247297,0.000656705815345,8.218062157814552e-06,1832.4575244738369,1702
"bench_test.py::TestStringColumnTensor::test_tpch_string_processing[op=FilterScan,col=l_shipmode,pred=Eq,val=AIR-device=cuda-encoding=PlainEncoding-scale=0.8]",PlainEncodingStringColumnTensor,cuda,0.8,l_shipmode,PredicateEq,AIR,0.0005611311581684,0.0005375398322939,0.0007489309646189,3.7761520090582194e-05,1782.1145474508812,1487
"bench_test.py::TestStringColumnTensor::test_tpch_string_processing[op=FilterScan,col=l_shipmode,pred=Eq,val=AIR-device=cpu-encoding=DictionaryEncoding-scale=0.2]",DictionaryEncodingStringColumnTensor,cpu,0.2,l_shipmode,PredicateEq,AIR,0.0006153828499053,0.0005785282701253,0.0035520498640835,8.608020289129238e-05,1625.0046619821048,1238
"bench_test.py::TestStringColumnTensor::test_tpch_string_processing[op=FilterScan,col=l_shipmode,pred=Eq,val=AIR-device=cuda-encoding=PlainEncoding-scale=0.9]",PlainEncodingStringColumnTensor,cuda,0.9,l_shipmode,PredicateEq,AIR,0.0006265519418959,0.0005879560485482,0.0008556628599762,5.583665147635279e-05,1596.036869623236,1284
"bench_test.py::TestStringColumnTensor::test_tpch_string_processing[op=FilterScan,col=l_shipmode,pred=Eq,val=AIR-device=cuda-encoding=PlainEncoding-scale=1.0]",PlainEncodingStringColumnTensor,cuda,1.0,l_shipmode,PredicateEq,AIR,0.0006759348010744,0.0006354958750307,0.0008712029084563,5.8611393254391824e-05,1479.4326293163062,1243
"bench_test.py::TestStringColumnTensor::test_tpch_string_processing[op=FilterScan,col=l_shipmode,pred=Eq,val=AIR-device=cuda-encoding=PlainEncoding-scale=1]",PlainEncodingStringColumnTensor,cuda,1.0,l_shipmode,PredicateEq,AIR,0.000667441158127,0.0006358372047543,0.0009749899618327,5.261509911548105e-05,1498.259416314994,1263
"bench_test.py::TestStringColumnTensor::test_tpch_string_processing[op=FilterScan,col=l_shipmode,pred=Eq,val=AIR-device=cuda-encoding=DictionaryEncoding-scale=4]",DictionaryEncodingStringColumnTensor,cuda,4.0,l_shipmode,PredicateEq,AIR,0.0006630945105465,0.00063993409276,0.0008638789877295,2.024668087147969e-05,1508.0806492813858,1169
"bench_test.py::TestStringColumnTensor::test_tpch_string_processing[op=FilterScan,col=l_shipmode,pred=Eq,val=AIR-device=cpu-encoding=CDictionaryEncoding-scale=0.1]",CDictionaryEncodingStringColumnTensor,cpu,0.1,l_shipmode,PredicateEq,AIR,0.000744728314967,0.0006483900360763,0.0022250008769333,5.494325310533916e-05,1342.771558302167,1252
"bench_test.py::TestStringColumnTensor::test_tpch_string_processing[op=FilterScan,col=l_shipmode,pred=Eq,val=AIR-device=cuda-encoding=DictionaryEncoding-scale=5]",DictionaryEncodingStringColumnTensor,cuda,5.0,l_shipmode,PredicateEq,AIR,0.0007800780535197,0.0007502040825784,0.0009091151878237,2.2856849897223395e-05,1281.92300179185,986
"bench_test.py::TestStringColumnTensor::test_tpch_string_processing[op=FilterScan,col=l_shipmode,pred=Eq,val=AIR-device=cpu-encoding=DictionaryEncoding-scale=0.3]",DictionaryEncodingStringColumnTensor,cpu,0.3,l_shipmode,PredicateEq,AIR,0.0008468825030378,0.0008023716509342,0.0010629370808601,2.1046606855896072e-05,1180.8013466011578,902
"bench_test.py::TestStringColumnTensor::test_tpch_string_processing[op=FilterScan,col=l_shipmode,pred=Eq,val=AIR-device=cuda-encoding=DictionaryEncoding-scale=6]",DictionaryEncodingStringColumnTensor,cuda,6.0,l_shipmode,PredicateEq,AIR,0.0008921040581019,0.0008621858432888,0.0010153460316359,2.302069433722442e-05,1120.9454669757351,838
"bench_test.py::TestStringColumnTensor::test_tpch_string_processing[op=FilterScan,col=l_shipmode,pred=Eq,val=AIR-device=cpu-encoding=CDictionaryEncoding-scale=0.2]",CDictionaryEncodingStringColumnTensor,cpu,0.2,l_shipmode,PredicateEq,AIR,0.0009499627225612,0.0008986350148916,0.0014007771387696,3.514627555712518e-05,1052.672885209481,976
"bench_test.py::TestStringColumnTensor::test_tpch_string_processing[op=FilterScan,col=l_shipmode,pred=Eq,val=AIR-device=cuda-encoding=CPlainEncoding-scale=0.2]",CPlainEncodingStringColumnTensor,cuda,0.2,l_shipmode,PredicateEq,AIR,0.0009351466844279,0.0009152260608971,0.0018785642459988,3.4161893298813535e-05,1069.3509549378462,933
"bench_test.py::TestStringColumnTensor::test_tpch_string_processing[op=FilterScan,col=l_shipmode,pred=Eq,val=AIR-device=cuda-encoding=CPlainEncoding-scale=0.1]",CPlainEncodingStringColumnTensor,cuda,0.1,l_shipmode,PredicateEq,AIR,0.000936399355712,0.0009158882312476,0.0010816622525453,1.511933963654454e-05,1067.9204272194445,1048
"bench_test.py::TestStringColumnTensor::test_tpch_string_processing[op=FilterScan,col=l_shipmode,pred=Eq,val=AIR-device=cuda-encoding=CPlainEncoding-scale=0.3]",CPlainEncodingStringColumnTensor,cuda,0.3,l_shipmode,PredicateEq,AIR,0.000951397497464,0.0009239232167601,0.0011492203921079,1.974856001129148e-05,1051.085379839088,1043
"bench_test.py::TestStringColumnTensor::test_tpch_string_processing[op=FilterScan,col=l_shipmode,pred=Eq,val=AIR-device=cuda-encoding=CDictionaryEncoding-scale=0.4]",CDictionaryEncodingStringColumnTensor,cuda,0.4,l_shipmode,PredicateEq,AIR,0.0009749812058437,0.0009371479973196,0.001179588958621,2.3963072651790983e-05,1025.6607963376798,1017
"bench_test.py::TestStringColumnTensor::test_tpch_string_processing[op=FilterScan,col=l_shipmode,pred=Eq,val=AIR-device=cuda-encoding=CPlainEncoding-scale=0.4]",CPlainEncodingStringColumnTensor,cuda,0.4,l_shipmode,PredicateEq,AIR,0.0009593063486756,0.0009383503347635,0.0011350130662322,1.7519678942353462e-05,1042.419870754076,1037
"bench_test.py::TestStringColumnTensor::test_tpch_string_processing[op=FilterScan,col=l_shipmode,pred=Eq,val=AIR-device=cuda-encoding=CDictionaryEncoding-scale=0.3]",CDictionaryEncodingStringColumnTensor,cuda,0.3,l_shipmode,PredicateEq,AIR,0.0009675626916117,0.0009391619823873,0.0011510336771607,1.9687780726601047e-05,1033.5247614128773,1023
"bench_test.py::TestStringColumnTensor::test_tpch_string_processing[op=FilterScan,col=l_shipmode,pred=Eq,val=AIR-device=cuda-encoding=CDictionaryEncoding-scale=0.1]",CDictionaryEncodingStringColumnTensor,cuda,0.1,l_shipmode,PredicateEq,AIR,0.0009612384211952,0.0009398628026247,0.0010408847592771,1.3696272992506465e-05,1040.3246249318076,1040
"bench_test.py::TestStringColumnTensor::test_tpch_string_processing[op=FilterScan,col=l_shipmode,pred=Eq,val=AIR-device=cuda-encoding=CDictionaryEncoding-scale=0.2]",CDictionaryEncodingStringColumnTensor,cuda,0.2,l_shipmode,PredicateEq,AIR,0.0009729560493895,0.0009417370893061,0.0011641290038824,1.8711291484789567e-05,1027.7956549295018,1018
"bench_test.py::TestStringColumnTensor::test_tpch_string_processing[op=FilterScan,col=l_shipmode,pred=Eq,val=AIR-device=cuda-encoding=CDictionaryEncoding-scale=0.5]",CDictionaryEncodingStringColumnTensor,cuda,0.5,l_shipmode,PredicateEq,AIR,0.0009717018968052,0.0009511141106486,0.0011490699835121,1.4561569861646336e-05,1029.1222063965697,1017
"bench_test.py::TestStringColumnTensor::test_tpch_string_processing[op=FilterScan,col=l_shipmode,pred=Eq,val=AIR-device=cuda-encoding=CPlainEncoding-scale=0.5]",CPlainEncodingStringColumnTensor,cuda,0.5,l_shipmode,PredicateEq,AIR,0.0009944045157448,0.0009592799469828,0.0012553208507597,2.5436921180061716e-05,1005.626969876502,993
"bench_test.py::TestStringColumnTensor::test_tpch_string_processing[op=FilterScan,col=l_shipmode,pred=Eq,val=AIR-device=cuda-encoding=DictionaryEncoding-scale=7]",DictionaryEncodingStringColumnTensor,cuda,7.0,l_shipmode,PredicateEq,AIR,0.0009833907469353,0.0009661428630352,0.0017221081070601,2.9252462095911368e-05,1016.8897796897412,771
"bench_test.py::TestStringColumnTensor::test_tpch_string_processing[op=FilterScan,col=l_shipmode,pred=Eq,val=AIR-device=cuda-encoding=CDictionaryEncoding-scale=0.6]",CDictionaryEncodingStringColumnTensor,cuda,0.6,l_shipmode,PredicateEq,AIR,0.0009962438690224,0.000970471650362,0.0011555920355021,1.767161102305419e-05,1003.770292690724,1014
"bench_test.py::TestStringColumnTensor::test_tpch_string_processing[op=FilterScan,col=l_shipmode,pred=Eq,val=AIR-device=cuda-encoding=CDictionaryEncoding-scale=0.7]",CDictionaryEncodingStringColumnTensor,cuda,0.7,l_shipmode,PredicateEq,AIR,0.0010011883885308,0.0009781559929251,0.0011933441273868,1.892703520463882e-05,998.813022060077,977
"bench_test.py::TestStringColumnTensor::test_tpch_string_processing[op=FilterScan,col=l_shipmode,pred=Eq,val=AIR-device=cuda-encoding=CPlainEncoding-scale=0.6]",CPlainEncodingStringColumnTensor,cuda,0.6,l_shipmode,PredicateEq,AIR,0.0010011446457571,0.0009795781224966,0.0011771530844271,1.7299213569190766e-05,998.856662958727,951
"bench_test.py::TestStringColumnTensor::test_tpch_string_processing[op=FilterScan,col=l_shipmode,pred=Eq,val=AIR-device=cuda-encoding=CDictionaryEncoding-scale=0.8]",CDictionaryEncodingStringColumnTensor,cuda,0.8,l_shipmode,PredicateEq,AIR,0.0010205408794134,0.0009890771470963,0.0011843969114124,1.9627637321516796e-05,979.8725559869328,991
"bench_test.py::TestStringColumnTensor::test_tpch_string_processing[op=FilterScan,col=l_shipmode,pred=Eq,val=AIR-device=cuda-encoding=CDictionaryEncoding-scale=0.9]",CDictionaryEncodingStringColumnTensor,cuda,0.9,l_shipmode,PredicateEq,AIR,0.0010229753228994,0.0009936559945344,0.0011798683553934,1.627528636439683e-05,977.5406870672804,974
"bench_test.py::TestStringColumnTensor::test_tpch_string_processing[op=FilterScan,col=l_shipmode,pred=Eq,val=AIR-device=cuda-encoding=CDictionaryEncoding-scale=1]",CDictionaryEncodingStringColumnTensor,cuda,1.0,l_shipmode,PredicateEq,AIR,0.0010310691831606,0.0010004881769418,0.0011680158786475,1.418742718213262e-05,969.8670237961644,982
"bench_test.py::TestStringColumnTensor::test_tpch_string_processing[op=FilterScan,col=l_shipmode,pred=Eq,val=AIR-device=cuda-encoding=CDictionaryEncoding-scale=1.0]",CDictionaryEncodingStringColumnTensor,cuda,1.0,l_shipmode,PredicateEq,AIR,0.0010340022715432,0.0010043960064649,0.0016957679763436,2.5722513932243488e-05,967.115863785816,971
"bench_test.py::TestStringColumnTensor::test_tpch_string_processing[op=FilterScan,col=l_shipmode,pred=Eq,val=AIR-device=cuda-encoding=CPlainEncoding-scale=0.7]",CPlainEncodingStringColumnTensor,cuda,0.7,l_shipmode,PredicateEq,AIR,0.0010392174682926,0.0010205567814409,0.0011114780791103,1.3332271885889146e-05,962.2625008824142,956
"bench_test.py::TestStringColumnTensor::test_tpch_string_processing[op=FilterScan,col=l_shipmode,pred=Eq,val=AIR-device=cpu-encoding=DictionaryEncoding-scale=0.4]",DictionaryEncodingStringColumnTensor,cpu,0.4,l_shipmode,PredicateEq,AIR,0.0011015074759526,0.0010486701503396,0.0013140626251697,2.582700200648513e-05,907.8467662102169,649
"bench_test.py::TestStringColumnTensor::test_tpch_string_processing[op=FilterScan,col=l_shipmode,pred=Eq,val=AIR-device=cuda-encoding=DictionaryEncoding-scale=8]",DictionaryEncodingStringColumnTensor,cuda,8.0,l_shipmode,PredicateEq,AIR,0.0010886882766813,0.0010716640390455,0.0012256358750164,1.3986445191312876e-05,918.5365741682496,695
"bench_test.py::TestStringColumnTensor::test_tpch_string_processing[op=FilterScan,col=l_shipmode,pred=Eq,val=AIR-device=cuda-encoding=CPlainEncoding-scale=0.8]",CPlainEncodingStringColumnTensor,cuda,0.8,l_shipmode,PredicateEq,AIR,0.0011209723172544,0.0010959291830658,0.0012731663882732,1.806531211276006e-05,892.0826898288192,893
"bench_test.py::TestStringColumnTensor::test_tpch_string_processing[op=FilterScan,col=l_shipmode,pred=Eq,val=AIR-device=cuda-encoding=CDictionaryEncoding-scale=2]",CDictionaryEncodingStringColumnTensor,cuda,2.0,l_shipmode,PredicateEq,AIR,0.0011333948131168,0.0011069797910749,0.0012348229065537,1.545866347106655e-05,882.3050788894667,889
"bench_test.py::TestStringColumnTensor::test_tpch_string_processing[op=FilterScan,col=l_shipmode,pred=Eq,val=AIR-device=cuda-encoding=CPlainEncoding-scale=0.9]",CPlainEncodingStringColumnTensor,cuda,0.9,l_shipmode,PredicateEq,AIR,0.0011512744794309,0.0011251550167798,0.001303041819483,1.535545649421605e-05,868.6025946603904,866
"bench_test.py::TestStringColumnTensor::test_tpch_string_processing[op=FilterScan,col=l_shipmode,pred=Eq,val=AIR-device=cuda-encoding=PlainEncoding-scale=2]",PlainEncodingStringColumnTensor,cuda,2.0,l_shipmode,PredicateEq,AIR,0.0011906307217265,0.0011306959204375,0.0026175468228757,0.0001153360552071,839.8909769015992,700
"bench_test.py::TestStringColumnTensor::test_tpch_string_processing[op=FilterScan,col=l_shipmode,pred=Eq,val=AIR-device=cpu-encoding=CDictionaryEncoding-scale=0.3]",CDictionaryEncodingStringColumnTensor,cpu,0.3,l_shipmode,PredicateEq,AIR,0.0012217324608879,0.001139311119914,0.0015001157298684,4.687760157465491e-05,818.5098063722071,805
"bench_test.py::TestStringColumnTensor::test_tpch_string_processing[op=FilterScan,col=l_shipmode,pred=Eq,val=AIR-device=cuda-encoding=CPlainEncoding-scale=1]",CPlainEncodingStringColumnTensor,cuda,1.0,l_shipmode,PredicateEq,AIR,0.0012108410579444,0.001182965002954,0.0022650677710771,4.071667184536327e-05,825.8722261182683,822
"bench_test.py::TestStringColumnTensor::test_tpch_string_processing[op=FilterScan,col=l_shipmode,pred=Eq,val=AIR-device=cuda-encoding=DictionaryEncoding-scale=9]",DictionaryEncodingStringColumnTensor,cuda,9.0,l_shipmode,PredicateEq,AIR,0.001219167130878,0.0011835051700472,0.0023407712578773,5.154024675731369e-05,820.2320868671884,584
"bench_test.py::TestStringColumnTensor::test_tpch_string_processing[op=FilterScan,col=l_shipmode,pred=Eq,val=AIR-device=cuda-encoding=CPlainEncoding-scale=1.0]",CPlainEncodingStringColumnTensor,cuda,1.0,l_shipmode,PredicateEq,AIR,0.0012087503790593,0.0011860798113048,0.0014098049141466,1.524228161536383e-05,827.3006712752602,824
"bench_test.py::TestStringColumnTensor::test_tpch_string_processing[op=FilterScan,col=l_shipmode,pred=Eq,val=AIR-device=cuda-encoding=CDictionaryEncoding-scale=3]",CDictionaryEncodingStringColumnTensor,cuda,3.0,l_shipmode,PredicateEq,AIR,0.0012293917255248,0.0012047360651195,0.0013588680885732,1.4454359090326348e-05,813.4103876232932,784
"bench_test.py::TestStringColumnTensor::test_tpch_string_processing[op=FilterScan,col=l_shipmode,pred=Eq,val=AIR-device=cuda-encoding=DictionaryEncoding-scale=10]",DictionaryEncodingStringColumnTensor,cuda,10.0,l_shipmode,PredicateEq,AIR,0.0013290143679649,0.0012915702536702,0.0014890758320689,2.8494405103544584e-05,752.4373130226235,544
"bench_test.py::TestStringColumnTensor::test_tpch_string_processing[op=FilterScan,col=l_shipmode,pred=Eq,val=AIR-device=cpu-encoding=DictionaryEncoding-scale=0.5]",DictionaryEncodingStringColumnTensor,cpu,0.5,l_shipmode,PredicateEq,AIR,0.0013719583238144,0.0013076714240014,0.0015835836529731,2.8534019304134637e-05,728.8851145417451,620
"bench_test.py::TestStringColumnTensor::test_tpch_string_processing[op=FilterScan,col=l_shipmode,pred=Eq,val=AIR-device=cuda-encoding=CDictionaryEncoding-scale=4]",CDictionaryEncodingStringColumnTensor,cuda,4.0,l_shipmode,PredicateEq,AIR,0.0013564122249131,0.0013085519894957,0.0014502322301268,1.6213334978552667e-05,737.2390056894506,658
"bench_test.py::TestStringColumnTensor::test_tpch_string_processing[op=FilterScan,col=l_shipmode,pred=Eq,val=AIR-device=cpu-encoding=CDictionaryEncoding-scale=0.4]",CDictionaryEncodingStringColumnTensor,cpu,0.4,l_shipmode,PredicateEq,AIR,0.0014585303481946,0.0013784160837531,0.0019331681542098,4.2188113797171085e-05,685.6216610355698,549
"bench_test.py::TestStringColumnTensor::test_tpch_string_processing[op=FilterScan,col=l_shipmode,pred=Eq,val=AIR-device=cuda-encoding=CDictionaryEncoding-scale=5]",CDictionaryEncodingStringColumnTensor,cuda,5.0,l_shipmode,PredicateEq,AIR,0.0014714296143886,0.0014264560304582,0.002407148014754,4.8456434149245374e-05,679.6111687717465,582
"bench_test.py::TestStringColumnTensor::test_tpch_string_processing[op=FilterScan,col=l_shipmode,pred=Eq,val=AIR-device=cuda-encoding=CDictionaryEncoding-scale=6]",CDictionaryEncodingStringColumnTensor,cuda,6.0,l_shipmode,PredicateEq,AIR,0.0015775129615223,0.0015399721451103,0.0016827629879117,2.4944054277542734e-05,633.9092130406151,546
"bench_test.py::TestStringColumnTensor::test_tpch_string_processing[op=FilterScan,col=l_shipmode,pred=Eq,val=AIR-device=cuda-encoding=PlainEncoding-scale=3]",PlainEncodingStringColumnTensor,cuda,3.0,l_shipmode,PredicateEq,AIR,0.00171547666264,0.0016334690153598,0.0021069068461656,0.0001447872558495,582.9283614159199,466
"bench_test.py::TestStringColumnTensor::test_tpch_string_processing[op=FilterScan,col=l_shipmode,pred=Eq,val=AIR-device=cuda-encoding=CDictionaryEncoding-scale=7]",CDictionaryEncodingStringColumnTensor,cuda,7.0,l_shipmode,PredicateEq,AIR,0.0016655326607405,0.001643958967179,0.0018042530864477,1.798088777616547e-05,600.408520091936,506
"bench_test.py::TestStringColumnTensor::test_tpch_string_processing[op=FilterScan,col=l_shipmode,pred=Eq,val=AIR-device=cpu-encoding=CDictionaryEncoding-scale=0.5]",CDictionaryEncodingStringColumnTensor,cpu,0.5,l_shipmode,PredicateEq,AIR,0.0017919782865515,0.0016771620139479,0.002096096985042,5.460529881402576e-05,558.0424760192665,471
"bench_test.py::TestStringColumnTensor::test_tpch_string_processing[op=FilterScan,col=l_shipmode,pred=Eq,val=AIR-device=cpu-encoding=PlainEncoding-scale=0.1]",PlainEncodingStringColumnTensor,cpu,0.1,l_shipmode,PredicateEq,AIR,0.0017317181313285,0.001690266188234,0.0034070750698447,9.174707163906867e-05,577.461182572946,373
"bench_test.py::TestStringColumnTensor::test_tpch_string_processing[op=FilterScan,col=l_shipmode,pred=Eq,val=AIR-device=cuda-encoding=CPlainEncoding-scale=2]",CPlainEncodingStringColumnTensor,cuda,2.0,l_shipmode,PredicateEq,AIR,0.0017700517064634,0.0017062569968402,0.0019502202048897,4.425615568833765e-05,564.9552475492436,564
"bench_test.py::TestStringColumnTensor::test_tpch_string_processing[op=FilterScan,col=l_shipmode,pred=Eq,val=AIR-device=cuda-encoding=CDictionaryEncoding-scale=8]",CDictionaryEncodingStringColumnTensor,cuda,8.0,l_shipmode,PredicateEq,AIR,0.0017757373971418,0.0017409319989383,0.0043608536943793,0.0001217364772796,563.1463309887705,468
"bench_test.py::TestStringColumnTensor::test_tpch_string_processing[op=FilterScan,col=l_shipmode,pred=Eq,val=AIR-device=cpu-encoding=DictionaryEncoding-scale=0.6]",DictionaryEncodingStringColumnTensor,cpu,0.6,l_shipmode,PredicateEq,AIR,0.0019402275725439,0.0018059168942272,0.0226831068284809,0.0010260177633867,515.4034578989273,412
"bench_test.py::TestStringColumnTensor::test_tpch_string_processing[op=FilterScan,col=l_shipmode,pred=Eq,val=AIR-device=cuda-encoding=CDictionaryEncoding-scale=9]",CDictionaryEncodingStringColumnTensor,cuda,9.0,l_shipmode,PredicateEq,AIR,0.0019030547265311,0.0018593478016555,0.0021283789537847,2.9519920859496607e-05,525.4709631092766,417
"bench_test.py::TestStringColumnTensor::test_tpch_string_processing[op=FilterScan,col=l_shipmode,pred=Eq,val=AIR-device=cuda-encoding=CDictionaryEncoding-scale=10]",CDictionaryEncodingStringColumnTensor,cuda,10.0,l_shipmode,PredicateEq,AIR,0.0020064797723972,0.0019694659858942,0.0022685541771352,2.850553001459824e-05,498.3852883825754,395
"bench_test.py::TestStringColumnTensor::test_tpch_string_processing[op=FilterScan,col=l_shipmode,pred=Eq,val=AIR-device=cuda-encoding=PlainEncoding-scale=4]",PlainEncodingStringColumnTensor,cuda,4.0,l_shipmode,PredicateEq,AIR,0.0022560134229218,0.002137865871191,0.0027768188156187,0.0002053724787125,443.2597740065064,356
"bench_test.py::TestStringColumnTensor::test_tpch_string_processing[op=FilterScan,col=l_shipmode,pred=Eq,val=AIR-device=cpu-encoding=CDictionaryEncoding-scale=0.6]",CDictionaryEncodingStringColumnTensor,cpu,0.6,l_shipmode,PredicateEq,AIR,0.0023153828593288,0.0021905871108174,0.0026067961007356,6.846605498694908e-05,431.8940152687513,369
"bench_test.py::TestStringColumnTensor::test_tpch_string_processing[op=FilterScan,col=l_shipmode,pred=Eq,val=AIR-device=cuda-encoding=CPlainEncoding-scale=3]",CPlainEncodingStringColumnTensor,cuda,3.0,l_shipmode,PredicateEq,AIR,0.002373095509101,0.0023208032362163,0.0025170049630105,3.459635797641777e-05,421.3905408210071,427
"bench_test.py::TestStringColumnTensor::test_tpch_string_processing[op=FilterScan,col=l_shipmode,pred=Eq,val=AIR-device=cpu-encoding=DictionaryEncoding-scale=0.7]",DictionaryEncodingStringColumnTensor,cpu,0.7,l_shipmode,PredicateEq,AIR,0.0025252055901149,0.0024059838615357,0.0031550261192023,0.000110062822536,396.0073603173407,341
"bench_test.py::TestStringColumnTensor::test_tpch_string_processing[op=FilterScan,col=l_shipmode,pred=Eq,val=AIR-device=cuda-encoding=PlainEncoding-scale=5]",PlainEncodingStringColumnTensor,cuda,5.0,l_shipmode,PredicateEq,AIR,0.0028104463150848,0.0026517622172832,0.0034901117905974,0.0002652771570488,355.8153716128977,287
"bench_test.py::TestStringColumnTensor::test_tpch_string_processing[op=FilterScan,col=l_shipmode,pred=Eq,val=AIR-device=cpu-encoding=CDictionaryEncoding-scale=0.7]",CDictionaryEncodingStringColumnTensor,cpu,0.7,l_shipmode,PredicateEq,AIR,0.0029847557832417,0.002795553766191,0.0035474710166454,0.0001299233974812,335.03578604809985,307
"bench_test.py::TestStringColumnTensor::test_tpch_string_processing[op=FilterScan,col=l_shipmode,pred=Eq,val=AIR-device=cpu-encoding=DictionaryEncoding-scale=0.8]",DictionaryEncodingStringColumnTensor,cpu,0.8,l_shipmode,PredicateEq,AIR,0.0031355221147248,0.0029503270052373,0.0037768250331282,0.0001758777274111,318.9261511835135,277
"bench_test.py::TestStringColumnTensor::test_tpch_string_processing[op=FilterScan,col=l_shipmode,pred=Eq,val=AIR-device=cuda-encoding=CPlainEncoding-scale=4]",CPlainEncodingStringColumnTensor,cuda,4.0,l_shipmode,PredicateEq,AIR,0.0030784943231547,0.0029741427861154,0.0032226745970547,5.780596188084216e-05,324.83412182329994,319
"bench_test.py::TestStringColumnTensor::test_tpch_string_processing[op=FilterScan,col=l_shipmode,pred=Eq,val=AIR-device=cuda-encoding=PlainEncoding-scale=6]",PlainEncodingStringColumnTensor,cuda,6.0,l_shipmode,PredicateEq,AIR,0.0033983850441713,0.0031566191464662,0.0040645822882652,0.0003520572049424,294.2574155083199,234
"bench_test.py::TestStringColumnTensor::test_tpch_string_processing[op=FilterScan,col=l_shipmode,pred=Eq,val=AIR-device=cpu-encoding=PlainEncoding-scale=0.2]",PlainEncodingStringColumnTensor,cpu,0.2,l_shipmode,PredicateEq,AIR,0.0034118529226746,0.0033003217540681,0.0053613930940628,0.0001353822792019,293.0958697997104,291
"bench_test.py::TestStringColumnTensor::test_tpch_string_processing[op=FilterScan,col=l_shipmode,pred=Eq,val=AIR-device=cpu-encoding=CDictionaryEncoding-scale=0.8]",CDictionaryEncodingStringColumnTensor,cpu,0.8,l_shipmode,PredicateEq,AIR,0.0035827575450547,0.0033579808659851,0.0040691909380257,0.0001198160403032,279.1146170022868,276
"bench_test.py::TestStringColumnTensor::test_tpch_string_processing[op=FilterScan,col=l_shipmode,pred=Eq,val=AIR-device=cpu-encoding=DictionaryEncoding-scale=0.9]",DictionaryEncodingStringColumnTensor,cpu,0.9,l_shipmode,PredicateEq,AIR,0.0037531533305243,0.0035457578487694,0.0050206957384943,0.0001386032873978,266.442618229056,244
"bench_test.py::TestStringColumnTensor::test_tpch_string_processing[op=FilterScan,col=l_shipmode,pred=Eq,val=AIR-device=cuda-encoding=CPlainEncoding-scale=5]",CPlainEncodingStringColumnTensor,cuda,5.0,l_shipmode,PredicateEq,AIR,0.0036949876829925,0.0035958616062998,0.0038910433650016,5.358664666676309e-05,270.6368967352306,264
"bench_test.py::TestStringColumnTensor::test_tpch_string_processing[op=FilterScan,col=l_shipmode,pred=Eq,val=AIR-device=cuda-encoding=PlainEncoding-scale=7]",PlainEncodingStringColumnTensor,cuda,7.0,l_shipmode,PredicateEq,AIR,0.0038109781534069,0.0036648041568696,0.0046922727487981,0.0003071744710267,262.39982486018926,202
"bench_test.py::TestStringColumnTensor::test_tpch_string_processing[op=FilterScan,col=l_shipmode,pred=Eq,val=AIR-device=cpu-encoding=CDictionaryEncoding-scale=0.9]",CDictionaryEncodingStringColumnTensor,cpu,0.9,l_shipmode,PredicateEq,AIR,0.0041737967142055,0.0039325109682977,0.0047602821141481,0.0001197095061969,239.59001083988744,227
"bench_test.py::TestStringColumnTensor::test_tpch_string_processing[op=FilterScan,col=l_shipmode,pred=Eq,val=AIR-device=cpu-encoding=DictionaryEncoding-scale=1]",DictionaryEncodingStringColumnTensor,cpu,1.0,l_shipmode,PredicateEq,AIR,0.0045025911528703,0.0040226522833108,0.0411772057414054,0.0026337814415101,222.09433769319813,215
"bench_test.py::TestStringColumnTensor::test_tpch_string_processing[op=FilterScan,col=l_shipmode,pred=Eq,val=AIR-device=cpu-encoding=DictionaryEncoding-scale=1.0]",DictionaryEncodingStringColumnTensor,cpu,1.0,l_shipmode,PredicateEq,AIR,0.0042616196628222,0.0040917941369116,0.0049071009270846,0.0001061513966601,234.65256853488103,213
"bench_test.py::TestStringColumnTensor::test_tpch_string_processing[op=FilterScan,col=l_shipmode,pred=Eq,val=AIR-device=cpu-encoding=CPlainEncoding-scale=0.1]",CPlainEncodingStringColumnTensor,cpu,0.1,l_shipmode,PredicateEq,AIR,0.0043241096142117,0.004143550992012,0.0057317349128425,0.0001532853862713,231.2614825288836,212
"bench_test.py::TestStringColumnTensor::test_tpch_string_processing[op=FilterScan,col=l_shipmode,pred=Eq,val=AIR-device=cuda-encoding=PlainEncoding-scale=8]",PlainEncodingStringColumnTensor,cuda,8.0,l_shipmode,PredicateEq,AIR,0.0044327100712273,0.0041692000813782,0.0062610190361738,0.0004542014790237,225.5956252340926,175
"bench_test.py::TestStringColumnTensor::test_tpch_string_processing[op=FilterScan,col=l_shipmode,pred=Eq,val=AIR-device=cuda-encoding=CPlainEncoding-scale=6]",CPlainEncodingStringColumnTensor,cuda,6.0,l_shipmode,PredicateEq,AIR,0.0042245836060844,0.0041952501051127,0.004333000164479,1.7926141230785795e-05,236.70971940518663,234
"bench_test.py::TestStringColumnTensor::test_tpch_string_processing[op=FilterScan,col=l_shipmode,pred=Eq,val=AIR-device=cpu-encoding=CDictionaryEncoding-scale=1.0]",CDictionaryEncodingStringColumnTensor,cpu,1.0,l_shipmode,PredicateEq,AIR,0.0046206117840483,0.0044184238649904,0.0053635258227586,0.0001357036836531,216.42155773663453,208
"bench_test.py::TestStringColumnTensor::test_tpch_string_processing[op=FilterScan,col=l_shipmode,pred=Eq,val=AIR-device=cpu-encoding=CDictionaryEncoding-scale=1]",CDictionaryEncodingStringColumnTensor,cpu,1.0,l_shipmode,PredicateEq,AIR,0.0046800960487459,0.0044559640809893,0.005249589215964,0.0001273856304547,213.6708284583087,193
"bench_test.py::TestStringColumnTensor::test_tpch_string_processing[op=FilterScan,col=l_shipmode,pred=Eq,val=AIR-device=cuda-encoding=PlainEncoding-scale=9]",PlainEncodingStringColumnTensor,cuda,9.0,l_shipmode,PredicateEq,AIR,0.0048879361650571,0.0046792780049145,0.0059626628644764,0.000425910180489,204.5853231776613,153
"bench_test.py::TestStringColumnTensor::test_tpch_string_processing[op=FilterScan,col=l_shipmode,pred=Eq,val=AIR-device=cuda-encoding=CPlainEncoding-scale=7]",CPlainEncodingStringColumnTensor,cuda,7.0,l_shipmode,PredicateEq,AIR,0.0049076716239513,0.0048299953341484,0.0050201551057398,4.544377460830697e-05,203.7626142547145,201
"bench_test.py::TestStringColumnTensor::test_tpch_string_processing[op=FilterScan,col=l_shipmode,pred=Eq,val=AIR-device=cpu-encoding=PlainEncoding-scale=0.3]",PlainEncodingStringColumnTensor,cpu,0.3,l_shipmode,PredicateEq,AIR,0.0050247096422808,0.0049186218529939,0.0054690069518983,6.699660547504713e-05,199.01647481984008,193
"bench_test.py::TestStringColumnTensor::test_tpch_string_processing[op=FilterScan,col=l_shipmode,pred=Eq,val=AIR-device=cuda-encoding=PlainEncoding-scale=10]",PlainEncodingStringColumnTensor,cuda,10.0,l_shipmode,PredicateEq,AIR,0.0054235642343493,0.0051877931691706,0.0065542757511138,0.0003775208345687,184.3805948985812,140
"bench_test.py::TestStringColumnTensor::test_tpch_string_processing[op=FilterScan,col=l_shipmode,pred=Eq,val=AIR-device=cuda-encoding=CPlainEncoding-scale=8]",CPlainEncodingStringColumnTensor,cuda,8.0,l_shipmode,PredicateEq,AIR,0.0055504940722263,0.0054600997827947,0.0097101842984557,0.0003166568296257,180.16414160386552,178
"bench_test.py::TestStringColumnTensor::test_tpch_string_processing[op=FilterScan,col=l_shipmode,pred=Eq,val=AIR-device=cpu-encoding=CPlainEncoding-scale=0.2]",CPlainEncodingStringColumnTensor,cpu,0.2,l_shipmode,PredicateEq,AIR,0.0059448221973699,0.0056791547685861,0.0063518611714243,0.0001171245966779,168.21360955797843,159
"bench_test.py::TestStringColumnTensor::test_tpch_string_processing[op=FilterScan,col=l_shipmode,pred=Eq,val=AIR-device=cuda-encoding=CPlainEncoding-scale=9]",CPlainEncodingStringColumnTensor,cuda,9.0,l_shipmode,PredicateEq,AIR,0.0061063154920702,0.0060627930797636,0.007334014866501,0.0001006127972865,163.76487610222722,160
"bench_test.py::TestStringColumnTensor::test_tpch_string_processing[op=FilterScan,col=l_shipmode,pred=Eq,val=AIR-device=cpu-encoding=PlainEncoding-scale=0.4]",PlainEncodingStringColumnTensor,cpu,0.4,l_shipmode,PredicateEq,AIR,0.0067407349187906,0.0066034579649567,0.009359567426145,0.0002272764370654,148.35177648246923,147
"bench_test.py::TestStringColumnTensor::test_tpch_string_processing[op=FilterScan,col=l_shipmode,pred=Eq,val=AIR-device=cuda-encoding=CPlainEncoding-scale=10]",CPlainEncodingStringColumnTensor,cuda,10.0,l_shipmode,PredicateEq,AIR,0.0068280992867506,0.0067170052789151,0.0070098601281642,6.395743804478312e-05,146.4536407577467,138
"bench_test.py::TestStringColumnTensor::test_tpch_string_processing[op=FilterScan,col=l_shipmode,pred=Eq,val=AIR-device=cpu-encoding=CPlainEncoding-scale=0.3]",CPlainEncodingStringColumnTensor,cpu,0.3,l_shipmode,PredicateEq,AIR,0.0078865943436065,0.007507475093007,0.0085850278846919,0.0002462367724501,126.7974434123994,115
"bench_test.py::TestStringColumnTensor::test_tpch_string_processing[op=FilterScan,col=l_shipmode,pred=Eq,val=AIR-device=cpu-encoding=DictionaryEncoding-scale=2]",DictionaryEncodingStringColumnTensor,cpu,2.0,l_shipmode,PredicateEq,AIR,0.0084314933275712,0.0082001183182001,0.008869388140738,0.000112738507018,118.6029521876001,122
"bench_test.py::TestStringColumnTensor::test_tpch_string_processing[op=FilterScan,col=l_shipmode,pred=Eq,val=AIR-device=cpu-encoding=PlainEncoding-scale=0.5]",PlainEncodingStringColumnTensor,cpu,0.5,l_shipmode,PredicateEq,AIR,0.0084615337247608,0.008304376155138,0.0087462849915027,6.971449696873718e-05,118.18188434015468,119
"bench_test.py::TestStringColumnTensor::test_tpch_string_processing[op=FilterScan,col=l_shipmode,pred=Eq,val=AIR-device=cpu-encoding=CDictionaryEncoding-scale=2]",CDictionaryEncodingStringColumnTensor,cpu,2.0,l_shipmode,PredicateEq,AIR,0.0087615343337149,0.0085123907774686,0.009165019262582,0.0001202263012069,114.13526009387796,115
"bench_test.py::TestStringColumnTensor::test_tpch_string_processing[op=FilterScan,col=l_shipmode,pred=Eq,val=AIR-device=cpu-encoding=CPlainEncoding-scale=0.4]",CPlainEncodingStringColumnTensor,cpu,0.4,l_shipmode,PredicateEq,AIR,0.0101561166811734,0.0096206925809383,0.0106598949059844,0.00021858322184,98.4628309611405,88
"bench_test.py::TestStringColumnTensor::test_tpch_string_processing[op=FilterScan,col=l_shipmode,pred=Eq,val=AIR-device=cpu-encoding=PlainEncoding-scale=0.6]",PlainEncodingStringColumnTensor,cpu,0.6,l_shipmode,PredicateEq,AIR,0.0101011507973379,0.0099121872335672,0.0105075151659548,0.0001217773924776,98.99862105449849,98
"bench_test.py::TestStringColumnTensor::test_tpch_string_processing[op=FilterScan,col=l_shipmode,pred=Eq,val=AIR-device=cpu-encoding=PlainEncoding-scale=0.7]",PlainEncodingStringColumnTensor,cpu,0.7,l_shipmode,PredicateEq,AIR,0.0117740972985535,0.0115496632643044,0.0122505030594766,0.0001468238365241,84.93220113977256,86
"bench_test.py::TestStringColumnTensor::test_tpch_string_processing[op=FilterScan,col=l_shipmode,pred=Eq,val=AIR-device=cpu-encoding=DictionaryEncoding-scale=3]",DictionaryEncodingStringColumnTensor,cpu,3.0,l_shipmode,PredicateEq,AIR,0.0122192099926073,0.0120301051065325,0.0126642077229917,0.0001016008097513,81.83835130135296,83
"bench_test.py::TestStringColumnTensor::test_tpch_string_processing[op=FilterScan,col=l_shipmode,pred=Eq,val=AIR-device=cpu-encoding=CPlainEncoding-scale=0.5]",CPlainEncodingStringColumnTensor,cpu,0.5,l_shipmode,PredicateEq,AIR,0.0126220567850396,0.0122206858359277,0.0141932591795921,0.0002529848752937,79.22639051864022,80
"bench_test.py::TestStringColumnTensor::test_tpch_string_processing[op=FilterScan,col=l_shipmode,pred=Eq,val=AIR-device=cpu-encoding=CDictionaryEncoding-scale=3]",CDictionaryEncodingStringColumnTensor,cpu,3.0,l_shipmode,PredicateEq,AIR,0.0125127291624865,0.0123572158627212,0.0129435090348124,0.0001027158411988,79.91861623585844,82
"bench_test.py::TestStringColumnTensor::test_tpch_string_processing[op=FilterScan,col=l_shipmode,pred=Eq,val=AIR-device=cpu-encoding=PlainEncoding-scale=0.8]",PlainEncodingStringColumnTensor,cpu,0.8,l_shipmode,PredicateEq,AIR,0.0151260454440489,0.0132531649433076,0.0180722190998494,0.001977054362758,66.11113286013769,76
"bench_test.py::TestStringColumnTensor::test_tpch_string_processing[op=FilterScan,col=l_shipmode,pred=Eq,val=AIR-device=cpu-encoding=PlainEncoding-scale=0.9]",PlainEncodingStringColumnTensor,cpu,0.9,l_shipmode,PredicateEq,AIR,0.0150856268036165,0.0148557256907224,0.0155128831975162,0.0001638971845263,66.28826319369549,67
"bench_test.py::TestStringColumnTensor::test_tpch_string_processing[op=FilterScan,col=l_shipmode,pred=Eq,val=AIR-device=cpu-encoding=CPlainEncoding-scale=0.6]",CPlainEncodingStringColumnTensor,cpu,0.6,l_shipmode,PredicateEq,AIR,0.0155996800888152,0.0152668659575283,0.0159376892261207,0.0001571820502804,64.10387868896022,63
"bench_test.py::TestStringColumnTensor::test_tpch_string_processing[op=FilterScan,col=l_shipmode,pred=Eq,val=AIR-device=cpu-encoding=DictionaryEncoding-scale=4]",DictionaryEncodingStringColumnTensor,cpu,4.0,l_shipmode,PredicateEq,AIR,0.0160328148345111,0.0158416372723877,0.0186547450721263,0.0003546404076596,62.37207940850572,61
"bench_test.py::TestStringColumnTensor::test_tpch_string_processing[op=FilterScan,col=l_shipmode,pred=Eq,val=AIR-device=cpu-encoding=CDictionaryEncoding-scale=4]",CDictionaryEncodingStringColumnTensor,cpu,4.0,l_shipmode,PredicateEq,AIR,0.0163121737930322,0.0160961891524493,0.0165682449005544,9.885458063554148e-05,61.30390790877597,62
"bench_test.py::TestStringColumnTensor::test_tpch_string_processing[op=FilterScan,col=l_shipmode,pred=Eq,val=AIR-device=cpu-encoding=DictionaryEncoding-scale=5]",DictionaryEncodingStringColumnTensor,cpu,5.0,l_shipmode,PredicateEq,AIR,0.0197683771177395,0.01955526182428,0.0199613631702959,9.583996622530936e-05,50.58584192541673,51
"bench_test.py::TestStringColumnTensor::test_tpch_string_processing[op=FilterScan,col=l_shipmode,pred=Eq,val=AIR-device=cpu-encoding=CDictionaryEncoding-scale=5]",CDictionaryEncodingStringColumnTensor,cpu,5.0,l_shipmode,PredicateEq,AIR,0.0202597992215305,0.0199150457046926,0.0261442339979112,0.0009154954292334,49.3588307102904,50
"bench_test.py::TestStringColumnTensor::test_tpch_string_processing[op=FilterScan,col=l_shipmode,pred=Eq,val=AIR-device=cpu-encoding=PlainEncoding-scale=1]",PlainEncodingStringColumnTensor,cpu,1.0,l_shipmode,PredicateEq,AIR,0.0216647843506349,0.0211173160932958,0.0224497239105403,0.0003060880244451,46.15785616950734,46
"bench_test.py::TestStringColumnTensor::test_tpch_string_processing[op=FilterScan,col=l_shipmode,pred=Eq,val=AIR-device=cpu-encoding=PlainEncoding-scale=1.0]",PlainEncodingStringColumnTensor,cpu,1.0,l_shipmode,PredicateEq,AIR,0.0217603414380194,0.0212229257449507,0.0223681489005684,0.0003001800422617,45.95516126657885,46
"bench_test.py::TestStringColumnTensor::test_tpch_string_processing[op=FilterScan,col=l_shipmode,pred=Eq,val=AIR-device=cpu-encoding=CPlainEncoding-scale=0.8]",CPlainEncodingStringColumnTensor,cpu,0.8,l_shipmode,PredicateEq,AIR,0.0233958724753132,0.0230455440469086,0.0240191211923956,0.000194871928706,42.74258209669991,42
"bench_test.py::TestStringColumnTensor::test_tpch_string_processing[op=FilterScan,col=l_shipmode,pred=Eq,val=AIR-device=cpu-encoding=CPlainEncoding-scale=0.7]",CPlainEncodingStringColumnTensor,cpu,0.7,l_shipmode,PredicateEq,AIR,0.0236575329503001,0.0231573972851037,0.0241764411330223,0.00028056043304,42.26983439485452,43
"bench_test.py::TestStringColumnTensor::test_tpch_string_processing[op=FilterScan,col=l_shipmode,pred=Eq,val=AIR-device=cpu-encoding=DictionaryEncoding-scale=6]",DictionaryEncodingStringColumnTensor,cpu,6.0,l_shipmode,PredicateEq,AIR,0.0234543708867804,0.0232819849625229,0.0237021031789481,9.9048007605445e-05,42.63597624627086,43
"bench_test.py::TestStringColumnTensor::test_tpch_string_processing[op=FilterScan,col=l_shipmode,pred=Eq,val=AIR-device=cpu-encoding=CDictionaryEncoding-scale=6]",CDictionaryEncodingStringColumnTensor,cpu,6.0,l_shipmode,PredicateEq,AIR,0.0238885673109528,0.0237246048636734,0.0242252242751419,0.0001081803968665,41.86102862441239,43
"bench_test.py::TestStringColumnTensor::test_tpch_string_processing[op=FilterScan,col=l_shipmode,pred=Eq,val=AIR-device=cpu-encoding=CPlainEncoding-scale=0.9]",CPlainEncodingStringColumnTensor,cpu,0.9,l_shipmode,PredicateEq,AIR,0.0270881368149373,0.0266136853024363,0.0277084819972515,0.0002671439945488,36.91652943249176,37
"bench_test.py::TestStringColumnTensor::test_tpch_string_processing[op=FilterScan,col=l_shipmode,pred=Eq,val=AIR-device=cpu-encoding=DictionaryEncoding-scale=7]",DictionaryEncodingStringColumnTensor,cpu,7.0,l_shipmode,PredicateEq,AIR,0.0271679033349091,0.0270187347196042,0.0272778063081204,6.889208131206846e-05,36.80814038803861,37
"bench_test.py::TestStringColumnTensor::test_tpch_string_processing[op=FilterScan,col=l_shipmode,pred=Eq,val=AIR-device=cpu-encoding=CDictionaryEncoding-scale=7]",CDictionaryEncodingStringColumnTensor,cpu,7.0,l_shipmode,PredicateEq,AIR,0.0276798834973895,0.0274128019809722,0.0310501637868583,0.0005823473341435,36.12731968667091,37
"bench_test.py::TestStringColumnTensor::test_tpch_string_processing[op=FilterScan,col=l_shipmode,pred=Eq,val=AIR-device=cpu-encoding=DictionaryEncoding-scale=8]",DictionaryEncodingStringColumnTensor,cpu,8.0,l_shipmode,PredicateEq,AIR,0.0311205473897809,0.0307434131391346,0.0382407079450786,0.0012825188550922,32.13311088250236,33
"bench_test.py::TestStringColumnTensor::test_tpch_string_processing[op=FilterScan,col=l_shipmode,pred=Eq,val=AIR-device=cpu-encoding=CDictionaryEncoding-scale=8]",CDictionaryEncodingStringColumnTensor,cpu,8.0,l_shipmode,PredicateEq,AIR,0.0313923094945494,0.0311211980879306,0.0346516971476376,0.0006076746959416,31.854935686513542,32
"bench_test.py::TestStringColumnTensor::test_tpch_string_processing[op=FilterScan,col=l_shipmode,pred=Eq,val=AIR-device=cpu-encoding=DictionaryEncoding-scale=9]",DictionaryEncodingStringColumnTensor,cpu,9.0,l_shipmode,PredicateEq,AIR,0.0347617394756525,0.0345625667832791,0.0359334382228553,0.0002461026944282,28.767260070526927,30
"bench_test.py::TestStringColumnTensor::test_tpch_string_processing[op=FilterScan,col=l_shipmode,pred=Eq,val=AIR-device=cpu-encoding=CPlainEncoding-scale=1.0]",CPlainEncodingStringColumnTensor,cpu,1.0,l_shipmode,PredicateEq,AIR,0.0355648531944357,0.0346154673025012,0.0362722398713231,0.0004159704485294,28.117647345060668,28
"bench_test.py::TestStringColumnTensor::test_tpch_string_processing[op=FilterScan,col=l_shipmode,pred=Eq,val=AIR-device=cpu-encoding=CPlainEncoding-scale=1]",CPlainEncodingStringColumnTensor,cpu,1.0,l_shipmode,PredicateEq,AIR,0.035602015828521,0.034643068909645,0.0360403112135827,0.0003261212429273,28.08829715756969,29
"bench_test.py::TestStringColumnTensor::test_tpch_string_processing[op=FilterScan,col=l_shipmode,pred=Eq,val=AIR-device=cpu-encoding=CDictionaryEncoding-scale=9]",CDictionaryEncodingStringColumnTensor,cpu,9.0,l_shipmode,PredicateEq,AIR,0.035006630555566,0.0348159079439938,0.0361968278884887,0.0002463241359969,28.566016898218763,29
"bench_test.py::TestStringColumnTensor::test_tpch_string_processing[op=FilterScan,col=l_shipmode,pred=Eq,val=AIR-device=cpu-encoding=DictionaryEncoding-scale=10]",DictionaryEncodingStringColumnTensor,cpu,10.0,l_shipmode,PredicateEq,AIR,0.0382946219847158,0.0381364081986248,0.0386047973297536,0.0001267469183287,26.11332735962561,27
"bench_test.py::TestStringColumnTensor::test_tpch_string_processing[op=FilterScan,col=l_shipmode,pred=Eq,val=AIR-device=cpu-encoding=CDictionaryEncoding-scale=10]",CDictionaryEncodingStringColumnTensor,cpu,10.0,l_shipmode,PredicateEq,AIR,0.0387671392661734,0.0383707429282367,0.0404088189825415,0.0003625064434435,25.79504237168611,26
"bench_test.py::TestStringColumnTensor::test_tpch_string_processing[op=FilterScan,col=l_shipmode,pred=Eq,val=AIR-device=cpu-encoding=PlainEncoding-scale=2]",PlainEncodingStringColumnTensor,cpu,2.0,l_shipmode,PredicateEq,AIR,0.0418852124130353,0.0412922543473541,0.0425568628124892,0.0003253416803631,23.87477447025634,24
"bench_test.py::TestStringColumnTensor::test_tpch_string_processing[op=FilterScan,col=l_shipmode,pred=Eq,val=AIR-device=cpu-encoding=PlainEncoding-scale=3]",PlainEncodingStringColumnTensor,cpu,3.0,l_shipmode,PredicateEq,AIR,0.0616076975129544,0.0609373981133103,0.062174854800105,0.0004083299120781,16.231737921868064,17
"bench_test.py::TestStringColumnTensor::test_tpch_string_processing[op=FilterScan,col=l_shipmode,pred=Eq,val=AIR-device=cpu-encoding=CPlainEncoding-scale=2]",CPlainEncodingStringColumnTensor,cpu,2.0,l_shipmode,PredicateEq,AIR,0.0710664228846629,0.070552309975028,0.071638710796833,0.0003210166001315,14.071342828426122,15
"bench_test.py::TestStringColumnTensor::test_tpch_string_processing[op=FilterScan,col=l_shipmode,pred=Eq,val=AIR-device=cpu-encoding=PlainEncoding-scale=4]",PlainEncodingStringColumnTensor,cpu,4.0,l_shipmode,PredicateEq,AIR,0.0815804519404012,0.0806290791369974,0.0834030020050704,0.0007321177805544,12.257838443093595,13
"bench_test.py::TestStringColumnTensor::test_tpch_string_processing[op=FilterScan,col=l_shipmode,pred=Eq,val=AIR-device=cpu-encoding=PlainEncoding-scale=5]",PlainEncodingStringColumnTensor,cpu,5.0,l_shipmode,PredicateEq,AIR,0.101435572374612,0.1008389531634748,0.1027695769444108,0.0006191156923631,9.85847446403611,10
"bench_test.py::TestStringColumnTensor::test_tpch_string_processing[op=FilterScan,col=l_shipmode,pred=Eq,val=AIR-device=cpu-encoding=CPlainEncoding-scale=3]",CPlainEncodingStringColumnTensor,cpu,3.0,l_shipmode,PredicateEq,AIR,0.1051359498873353,0.1041208798997104,0.1057704300619661,0.0004921656466086,9.511494413391516,10
"bench_test.py::TestStringColumnTensor::test_tpch_string_processing[op=FilterScan,col=l_shipmode,pred=Eq,val=AIR-device=cpu-encoding=PlainEncoding-scale=6]",PlainEncodingStringColumnTensor,cpu,6.0,l_shipmode,PredicateEq,AIR,0.1207597438349492,0.120212169829756,0.1216776520013809,0.0004960043147065,8.280905277231874,9
"bench_test.py::TestStringColumnTensor::test_tpch_string_processing[op=FilterScan,col=l_shipmode,pred=Eq,val=AIR-device=cpu-encoding=PlainEncoding-scale=8]",PlainEncodingStringColumnTensor,cpu,8.0,l_shipmode,PredicateEq,AIR,0.1286465706652961,0.1281817411072552,0.1302134161815047,0.0006465210295793,7.77323480003001,8
"bench_test.py::TestStringColumnTensor::test_tpch_string_processing[op=FilterScan,col=l_shipmode,pred=Eq,val=AIR-device=cpu-encoding=CPlainEncoding-scale=4]",CPlainEncodingStringColumnTensor,cpu,4.0,l_shipmode,PredicateEq,AIR,0.1388387755889977,0.1382901612669229,0.1396401808597147,0.0004570212606074,7.202598811158377,7
"bench_test.py::TestStringColumnTensor::test_tpch_string_processing[op=FilterScan,col=l_shipmode,pred=Eq,val=AIR-device=cpu-encoding=PlainEncoding-scale=9]",PlainEncodingStringColumnTensor,cpu,9.0,l_shipmode,PredicateEq,AIR,0.1447430252363639,0.1442710822448134,0.1457806159742176,0.0005065369024979,6.9087957666147295,7
"bench_test.py::TestStringColumnTensor::test_tpch_string_processing[op=FilterScan,col=l_shipmode,pred=Eq,val=AIR-device=cpu-encoding=PlainEncoding-scale=7]",PlainEncodingStringColumnTensor,cpu,7.0,l_shipmode,PredicateEq,AIR,0.1451001262425311,0.14447733014822,0.145424738060683,0.0004065886601959,6.891792763353805,7
"bench_test.py::TestStringColumnTensor::test_tpch_string_processing[op=FilterScan,col=l_shipmode,pred=Eq,val=AIR-device=cpu-encoding=PlainEncoding-scale=10]",PlainEncodingStringColumnTensor,cpu,10.0,l_shipmode,PredicateEq,AIR,0.1607350055793566,0.1604485758580267,0.1610534437932074,0.0002267306907015,6.221420134310998,7
"bench_test.py::TestStringColumnTensor::test_tpch_string_processing[op=FilterScan,col=l_shipmode,pred=Eq,val=AIR-device=cpu-encoding=CPlainEncoding-scale=5]",CPlainEncodingStringColumnTensor,cpu,5.0,l_shipmode,PredicateEq,AIR,0.1821537349993983,0.1814229171723127,0.1840485576540231,0.0009644986176888,5.489868214908153,6
"bench_test.py::TestStringColumnTensor::test_tpch_string_processing[op=FilterScan,col=l_shipmode,pred=Eq,val=AIR-device=cpu-encoding=CPlainEncoding-scale=6]",CPlainEncodingStringColumnTensor,cpu,6.0,l_shipmode,PredicateEq,AIR,0.2322492004372179,0.2315040971152484,0.2330358629114926,0.0005870568499878,4.305719882425696,5
"bench_test.py::TestStringColumnTensor::test_tpch_string_processing[op=FilterScan,col=l_shipmode,pred=Eq,val=AIR-device=cpu-encoding=CPlainEncoding-scale=8]",CPlainEncodingStringColumnTensor,cpu,8.0,l_shipmode,PredicateEq,AIR,0.2350345590151846,0.2339712949469685,0.2357488782145083,0.0006640779723648,4.254693455252229,5
"bench_test.py::TestStringColumnTensor::test_tpch_string_processing[op=FilterScan,col=l_shipmode,pred=Eq,val=AIR-device=cpu-encoding=CPlainEncoding-scale=9]",CPlainEncodingStringColumnTensor,cpu,9.0,l_shipmode,PredicateEq,AIR,0.2623255992308259,0.2614157958887517,0.2634207210503518,0.0007186578737968,3.812056478407502,5
"bench_test.py::TestStringColumnTensor::test_tpch_string_processing[op=FilterScan,col=l_shipmode,pred=Eq,val=AIR-device=cpu-encoding=CPlainEncoding-scale=7]",CPlainEncodingStringColumnTensor,cpu,7.0,l_shipmode,PredicateEq,AIR,0.2763457604683935,0.2753849336877465,0.2767548328265548,0.0005580044639208,3.618655116347887,5
"bench_test.py::TestStringColumnTensor::test_tpch_string_processing[op=FilterScan,col=l_shipmode,pred=Eq,val=AIR-device=cpu-encoding=CPlainEncoding-scale=10]",CPlainEncodingStringColumnTensor,cpu,10.0,l_shipmode,PredicateEq,AIR,0.2905910023488104,0.2900484832935035,0.2909511462785303,0.0003516280595036,3.4412627779839227,5
