group,name,fullname,param,min,max,mean,stddev,rounds,median,iqr,q1,q3,iqr_outliers,stddev_outliers,outliers,ld15iqr,hd15iqr,ops,total,iterations,col,op,pred,val,tuple_count,query_result_size,tuple_element_size_bytes,total_size_bytes,param:operators,param:device,param:tensor_cls,param:scale
string_tensor_query_processing | TPCH,"test_tpch_string_processing[op=FilterScan,col=l_shipmode,pred=Eq,val=AIR-device=cpu-encoding=PlainEncoding-scale=0.1]","bench_test.py::TestStringColumnTensor::test_tpch_string_processing[op=FilterScan,col=l_shipmode,pred=Eq,val=AIR-device=cpu-encoding=PlainEncoding-scale=0.1]","op=FilterScan,col=l_shipmode,pred=Eq,val=AIR-device=cpu-encoding=PlainEncoding-scale=0.1",0.0016886042430996895,0.003878248855471611,0.0017343354102852474,0.00015271901822485213,332,0.0017137210816144943,1.9150320440530777e-05,0.0017067641019821167,0.0017259144224226475,27,6,6;27,0.0016886042430996895,0.0017591379582881927,576.5897381035018,0.5757993562147021,1,l_shipmode,FilterScan,Eq,AIR,600572,85689,7,4204004,"[FilterScan(col='l_shipmode', pred=PredicateEq(value='AIR'))]",cpu,PlainEncoding,0.1
string_tensor_query_processing | TPCH,"test_tpch_string_processing[op=FilterScan,col=l_shipmode,pred=Eq,val=AIR-device=cpu-encoding=CPlainEncoding-scale=0.1]","bench_test.py::TestStringColumnTensor::test_tpch_string_processing[op=FilterScan,col=l_shipmode,pred=Eq,val=AIR-device=cpu-encoding=CPlainEncoding-scale=0.1]","op=FilterScan,col=l_shipmode,pred=Eq,val=AIR-device=cpu-encoding=CPlainEncoding-scale=0.1",0.004107322543859482,0.008119908161461353,0.004294156969466188,0.00030583909508964565,222,0.004247969947755337,0.00012549851089715958,0.004193486645817757,0.004318985156714916,7,6,6;7,0.004107322543859482,0.004535726271569729,232.87457983267697,0.9533028472214937,1,l_shipmode,FilterScan,Eq,AIR,600572,85689,7,4204004,"[FilterScan(col='l_shipmode', pred=PredicateEq(value='AIR'))]",cpu,CPlainEncoding,0.1
string_tensor_query_processing | TPCH,"test_tpch_string_processing[op=FilterScan,col=l_shipmode,pred=Eq,val=AIR-device=cpu-encoding=DictionaryEncoding-scale=0.1]","bench_test.py::TestStringColumnTensor::test_tpch_string_processing[op=FilterScan,col=l_shipmode,pred=Eq,val=AIR-device=cpu-encoding=DictionaryEncoding-scale=0.1]","op=FilterScan,col=l_shipmode,pred=Eq,val=AIR-device=cpu-encoding=DictionaryEncoding-scale=0.1",0.0003508254885673523,0.003033044748008251,0.00037098329751488737,7.357270718815479e-05,2120,0.0003650081343948841,1.233816146850586e-05,0.0003595021553337574,0.00037184031680226326,117,12,12;117,0.0003508254885673523,0.00039048120379447937,2695.539143402731,0.7864845907315612,1,l_shipmode,FilterScan,Eq,AIR,600572,85689,8,4804576,"[FilterScan(col='l_shipmode', pred=PredicateEq(value='AIR'))]",cpu,DictionaryEncoding,0.1
string_tensor_query_processing | TPCH,"test_tpch_string_processing[op=FilterScan,col=l_shipmode,pred=Eq,val=AIR-device=cpu-encoding=CDictionaryEncoding-scale=0.1]","bench_test.py::TestStringColumnTensor::test_tpch_string_processing[op=FilterScan,col=l_shipmode,pred=Eq,val=AIR-device=cpu-encoding=CDictionaryEncoding-scale=0.1]","op=FilterScan,col=l_shipmode,pred=Eq,val=AIR-device=cpu-encoding=CDictionaryEncoding-scale=0.1",0.0006630280986428261,0.0023915665224194527,0.0007238993908645708,5.7382603856506065e-05,1261,0.0007183225825428963,4.4365646317601204e-05,0.0006969051901251078,0.000741270836442709,12,67,67;12,0.0006630280986428261,0.0008086655288934708,1381.4074339884103,0.9128371318802238,1,l_shipmode,FilterScan,Eq,AIR,600572,85689,8,4804576,"[FilterScan(col='l_shipmode', pred=PredicateEq(value='AIR'))]",cpu,CDictionaryEncoding,0.1
string_tensor_query_processing | TPCH,"test_tpch_string_processing[op=FilterScan,col=l_shipmode,pred=Eq,val=AIR-device=cpu-encoding=PlainEncoding-scale=0.2]","bench_test.py::TestStringColumnTensor::test_tpch_string_processing[op=FilterScan,col=l_shipmode,pred=Eq,val=AIR-device=cpu-encoding=PlainEncoding-scale=0.2]","op=FilterScan,col=l_shipmode,pred=Eq,val=AIR-device=cpu-encoding=PlainEncoding-scale=0.2",0.003260236233472824,0.003636741079390049,0.003340716049559925,4.678867836195078e-05,292,0.0033373269252479076,5.165860056877136e-05,0.00330976489931345,0.0033614234998822212,8,91,91;8,0.003260236233472824,0.0034442245960235596,299.33702390891045,0.975489086471498,1,l_shipmode,FilterScan,Eq,AIR,1199969,171945,7,8399783,"[FilterScan(col='l_shipmode', pred=PredicateEq(value='AIR'))]",cpu,PlainEncoding,0.2
string_tensor_query_processing | TPCH,"test_tpch_string_processing[op=FilterScan,col=l_shipmode,pred=Eq,val=AIR-device=cpu-encoding=CPlainEncoding-scale=0.2]","bench_test.py::TestStringColumnTensor::test_tpch_string_processing[op=FilterScan,col=l_shipmode,pred=Eq,val=AIR-device=cpu-encoding=CPlainEncoding-scale=0.2]","op=FilterScan,col=l_shipmode,pred=Eq,val=AIR-device=cpu-encoding=CPlainEncoding-scale=0.2",0.005558857694268227,0.008276444859802723,0.005880142639701565,0.00026334867236565626,156,0.005852323956787586,0.00022721150889992714,0.0057441736571490765,0.005971385166049004,4,13,13;4,0.005558857694268227,0.00633882824331522,170.0639017237774,0.9173022517934442,1,l_shipmode,FilterScan,Eq,AIR,1199969,171945,7,8399783,"[FilterScan(col='l_shipmode', pred=PredicateEq(value='AIR'))]",cpu,CPlainEncoding,0.2
string_tensor_query_processing | TPCH,"test_tpch_string_processing[op=FilterScan,col=l_shipmode,pred=Eq,val=AIR-device=cpu-encoding=DictionaryEncoding-scale=0.2]","bench_test.py::TestStringColumnTensor::test_tpch_string_processing[op=FilterScan,col=l_shipmode,pred=Eq,val=AIR-device=cpu-encoding=DictionaryEncoding-scale=0.2]","op=FilterScan,col=l_shipmode,pred=Eq,val=AIR-device=cpu-encoding=DictionaryEncoding-scale=0.2",0.0005745198577642441,0.0007640095427632332,0.0006015928119491294,1.5809306634658712e-05,1060,0.000597312580794096,1.2082979083061218e-05,0.0005932711064815521,0.0006053540855646133,82,137,137;82,0.000576995313167572,0.0006235325708985329,1662.2539035332754,0.6376883806660771,1,l_shipmode,FilterScan,Eq,AIR,1199969,171945,8,9599752,"[FilterScan(col='l_shipmode', pred=PredicateEq(value='AIR'))]",cpu,DictionaryEncoding,0.2
string_tensor_query_processing | TPCH,"test_tpch_string_processing[op=FilterScan,col=l_shipmode,pred=Eq,val=AIR-device=cpu-encoding=CDictionaryEncoding-scale=0.2]","bench_test.py::TestStringColumnTensor::test_tpch_string_processing[op=FilterScan,col=l_shipmode,pred=Eq,val=AIR-device=cpu-encoding=CDictionaryEncoding-scale=0.2]","op=FilterScan,col=l_shipmode,pred=Eq,val=AIR-device=cpu-encoding=CDictionaryEncoding-scale=0.2",0.0009124111384153366,0.0036494750529527664,0.0009677511103677027,0.00010997128628765672,990,0.0009500831365585327,4.8471614718437195e-05,0.0009347740560770035,0.0009832456707954407,23,14,14;23,0.0009124111384153366,0.001056114211678505,1033.3235366891433,0.9580735992640257,1,l_shipmode,FilterScan,Eq,AIR,1199969,171945,8,9599752,"[FilterScan(col='l_shipmode', pred=PredicateEq(value='AIR'))]",cpu,CDictionaryEncoding,0.2
string_tensor_query_processing | TPCH,"test_tpch_string_processing[op=FilterScan,col=l_shipmode,pred=Eq,val=AIR-device=cpu-encoding=PlainEncoding-scale=0.3]","bench_test.py::TestStringColumnTensor::test_tpch_string_processing[op=FilterScan,col=l_shipmode,pred=Eq,val=AIR-device=cpu-encoding=PlainEncoding-scale=0.3]","op=FilterScan,col=l_shipmode,pred=Eq,val=AIR-device=cpu-encoding=PlainEncoding-scale=0.3",0.004892243072390556,0.006768463179469109,0.005028633008413206,0.00019191135136750962,197,0.005004987120628357,0.00010100542567670345,0.004952256567776203,0.005053261993452907,6,6,6;6,0.004892243072390556,0.005262315273284912,198.8612011111051,0.9906407026574016,1,l_shipmode,FilterScan,Eq,AIR,1800093,257939,7,12600651,"[FilterScan(col='l_shipmode', pred=PredicateEq(value='AIR'))]",cpu,PlainEncoding,0.3
string_tensor_query_processing | TPCH,"test_tpch_string_processing[op=FilterScan,col=l_shipmode,pred=Eq,val=AIR-device=cpu-encoding=CPlainEncoding-scale=0.3]","bench_test.py::TestStringColumnTensor::test_tpch_string_processing[op=FilterScan,col=l_shipmode,pred=Eq,val=AIR-device=cpu-encoding=CPlainEncoding-scale=0.3]","op=FilterScan,col=l_shipmode,pred=Eq,val=AIR-device=cpu-encoding=CPlainEncoding-scale=0.3",0.006925000809133053,0.00915804784744978,0.007321926636424491,0.00030804180144814,123,0.007220561616122723,0.00030062603764235973,0.007121117087081075,0.0074217431247234344,7,16,16;7,0.006925000809133053,0.007874051108956337,136.57607480321997,0.9005969762802124,1,l_shipmode,FilterScan,Eq,AIR,1800093,257939,7,12600651,"[FilterScan(col='l_shipmode', pred=PredicateEq(value='AIR'))]",cpu,CPlainEncoding,0.3
string_tensor_query_processing | TPCH,"test_tpch_string_processing[op=FilterScan,col=l_shipmode,pred=Eq,val=AIR-device=cpu-encoding=DictionaryEncoding-scale=0.3]","bench_test.py::TestStringColumnTensor::test_tpch_string_processing[op=FilterScan,col=l_shipmode,pred=Eq,val=AIR-device=cpu-encoding=DictionaryEncoding-scale=0.3]","op=FilterScan,col=l_shipmode,pred=Eq,val=AIR-device=cpu-encoding=DictionaryEncoding-scale=0.3",0.0008008405566215515,0.0010420270264148712,0.00083705731240048,2.033877618212631e-05,806,0.0008336617611348629,1.18231400847435e-05,0.0008291732519865036,0.0008409963920712471,109,130,130;109,0.0008115898817777634,0.000858980230987072,1194.6613274690108,0.6746681937947869,1,l_shipmode,FilterScan,Eq,AIR,1800093,257939,8,14400744,"[FilterScan(col='l_shipmode', pred=PredicateEq(value='AIR'))]",cpu,DictionaryEncoding,0.3
string_tensor_query_processing | TPCH,"test_tpch_string_processing[op=FilterScan,col=l_shipmode,pred=Eq,val=AIR-device=cpu-encoding=CDictionaryEncoding-scale=0.3]","bench_test.py::TestStringColumnTensor::test_tpch_string_processing[op=FilterScan,col=l_shipmode,pred=Eq,val=AIR-device=cpu-encoding=CDictionaryEncoding-scale=0.3]","op=FilterScan,col=l_shipmode,pred=Eq,val=AIR-device=cpu-encoding=CDictionaryEncoding-scale=0.3",0.001140022650361061,0.0026700459420681,0.0012009430290915763,7.653134179429557e-05,787,0.0011830246075987816,3.5382574424147606e-05,0.0011731612030416727,0.0012085437774658203,53,40,40;53,0.001140022650361061,0.0012618843466043472,832.6789662590617,0.9451421638950706,1,l_shipmode,FilterScan,Eq,AIR,1800093,257939,8,14400744,"[FilterScan(col='l_shipmode', pred=PredicateEq(value='AIR'))]",cpu,CDictionaryEncoding,0.3
string_tensor_query_processing | TPCH,"test_tpch_string_processing[op=FilterScan,col=l_shipmode,pred=Eq,val=AIR-device=cpu-encoding=PlainEncoding-scale=0.4]","bench_test.py::TestStringColumnTensor::test_tpch_string_processing[op=FilterScan,col=l_shipmode,pred=Eq,val=AIR-device=cpu-encoding=PlainEncoding-scale=0.4]","op=FilterScan,col=l_shipmode,pred=Eq,val=AIR-device=cpu-encoding=PlainEncoding-scale=0.4",0.0065522631630301476,0.009884105063974857,0.006713829348665594,0.0003376013033674627,151,0.006647203117609024,0.00011921836994588375,0.006598104955628514,0.006717323325574398,8,4,4;8,0.0065522631630301476,0.006919819861650467,148.94629399520778,1.0137882316485047,1,l_shipmode,FilterScan,Eq,AIR,2399740,343664,7,16798180,"[FilterScan(col='l_shipmode', pred=PredicateEq(value='AIR'))]",cpu,PlainEncoding,0.4
string_tensor_query_processing | TPCH,"test_tpch_string_processing[op=FilterScan,col=l_shipmode,pred=Eq,val=AIR-device=cpu-encoding=CPlainEncoding-scale=0.4]","bench_test.py::TestStringColumnTensor::test_tpch_string_processing[op=FilterScan,col=l_shipmode,pred=Eq,val=AIR-device=cpu-encoding=CPlainEncoding-scale=0.4]","op=FilterScan,col=l_shipmode,pred=Eq,val=AIR-device=cpu-encoding=CPlainEncoding-scale=0.4",0.00944623351097107,0.01281528640538454,0.009896919905747238,0.0004148796678176366,95,0.009841754101216793,0.00036386027932167053,0.00967046688310802,0.01003432716242969,3,10,10;3,0.00944623351097107,0.010583112016320229,101.04153711694588,0.9402073910459876,1,l_shipmode,FilterScan,Eq,AIR,2399740,343664,7,16798180,"[FilterScan(col='l_shipmode', pred=PredicateEq(value='AIR'))]",cpu,CPlainEncoding,0.4
string_tensor_query_processing | TPCH,"test_tpch_string_processing[op=FilterScan,col=l_shipmode,pred=Eq,val=AIR-device=cpu-encoding=DictionaryEncoding-scale=0.4]","bench_test.py::TestStringColumnTensor::test_tpch_string_processing[op=FilterScan,col=l_shipmode,pred=Eq,val=AIR-device=cpu-encoding=DictionaryEncoding-scale=0.4]","op=FilterScan,col=l_shipmode,pred=Eq,val=AIR-device=cpu-encoding=DictionaryEncoding-scale=0.4",0.0010453443974256516,0.0013182712718844414,0.0010933137863757257,2.634813128054211e-05,763,0.0010910611599683762,1.703202724456787e-05,0.001083954470232129,0.001100986497476697,103,148,148;103,0.0010585496202111244,0.0011269273236393929,914.6504987510898,0.8341984190046787,1,l_shipmode,FilterScan,Eq,AIR,2399740,343664,8,19197920,"[FilterScan(col='l_shipmode', pred=PredicateEq(value='AIR'))]",cpu,DictionaryEncoding,0.4
string_tensor_query_processing | TPCH,"test_tpch_string_processing[op=FilterScan,col=l_shipmode,pred=Eq,val=AIR-device=cpu-encoding=CDictionaryEncoding-scale=0.4]","bench_test.py::TestStringColumnTensor::test_tpch_string_processing[op=FilterScan,col=l_shipmode,pred=Eq,val=AIR-device=cpu-encoding=CDictionaryEncoding-scale=0.4]","op=FilterScan,col=l_shipmode,pred=Eq,val=AIR-device=cpu-encoding=CDictionaryEncoding-scale=0.4",0.0013874219730496407,0.0016492987051606178,0.001454393774793859,3.766512755247089e-05,570,0.001446740236133337,4.118774086236954e-05,0.0014302842319011688,0.0014714719727635384,24,126,126;24,0.0013874219730496407,0.0015345420688390732,687.5716998594391,0.8290044516324997,1,l_shipmode,FilterScan,Eq,AIR,2399740,343664,8,19197920,"[FilterScan(col='l_shipmode', pred=PredicateEq(value='AIR'))]",cpu,CDictionaryEncoding,0.4
string_tensor_query_processing | TPCH,"test_tpch_string_processing[op=FilterScan,col=l_shipmode,pred=Eq,val=AIR-device=cpu-encoding=PlainEncoding-scale=0.5]","bench_test.py::TestStringColumnTensor::test_tpch_string_processing[op=FilterScan,col=l_shipmode,pred=Eq,val=AIR-device=cpu-encoding=PlainEncoding-scale=0.5]","op=FilterScan,col=l_shipmode,pred=Eq,val=AIR-device=cpu-encoding=PlainEncoding-scale=0.5",0.00821606069803238,0.009706657379865646,0.008362251657161339,0.0001597843889217563,121,0.008329634554684162,9.77052841335535e-05,0.00828705751337111,0.008384762797504663,10,10,10;10,0.00821606069803238,0.008541286922991276,119.58501621314055,1.011832450516522,1,l_shipmode,FilterScan,Eq,AIR,2999671,429704,7,20997697,"[FilterScan(col='l_shipmode', pred=PredicateEq(value='AIR'))]",cpu,PlainEncoding,0.5
string_tensor_query_processing | TPCH,"test_tpch_string_processing[op=FilterScan,col=l_shipmode,pred=Eq,val=AIR-device=cpu-encoding=CPlainEncoding-scale=0.5]","bench_test.py::TestStringColumnTensor::test_tpch_string_processing[op=FilterScan,col=l_shipmode,pred=Eq,val=AIR-device=cpu-encoding=CPlainEncoding-scale=0.5]","op=FilterScan,col=l_shipmode,pred=Eq,val=AIR-device=cpu-encoding=CPlainEncoding-scale=0.5",0.012051376514136791,0.014740719459950924,0.01245659887545595,0.0003631775358799713,76,0.012423192150890827,0.0003544967621564865,0.01221337029710412,0.012567867059260607,2,8,8;2,0.012051376514136791,0.013278486207127571,80.27873499004333,0.9467015145346522,1,l_shipmode,FilterScan,Eq,AIR,2999671,429704,7,20997697,"[FilterScan(col='l_shipmode', pred=PredicateEq(value='AIR'))]",cpu,CPlainEncoding,0.5
string_tensor_query_processing | TPCH,"test_tpch_string_processing[op=FilterScan,col=l_shipmode,pred=Eq,val=AIR-device=cpu-encoding=DictionaryEncoding-scale=0.5]","bench_test.py::TestStringColumnTensor::test_tpch_string_processing[op=FilterScan,col=l_shipmode,pred=Eq,val=AIR-device=cpu-encoding=DictionaryEncoding-scale=0.5]","op=FilterScan,col=l_shipmode,pred=Eq,val=AIR-device=cpu-encoding=DictionaryEncoding-scale=0.5",0.001313251443207264,0.002464696764945984,0.0013843498729317393,6.167401455409836e-05,604,0.0013762013986706734,3.5046134144067764e-05,0.0013608867302536964,0.0013959328643977642,28,42,42;28,0.001313251443207264,0.0014488492161035538,722.3607409897229,0.8361473232507706,1,l_shipmode,FilterScan,Eq,AIR,2999671,429704,8,23997368,"[FilterScan(col='l_shipmode', pred=PredicateEq(value='AIR'))]",cpu,DictionaryEncoding,0.5
string_tensor_query_processing | TPCH,"test_tpch_string_processing[op=FilterScan,col=l_shipmode,pred=Eq,val=AIR-device=cpu-encoding=CDictionaryEncoding-scale=0.5]","bench_test.py::TestStringColumnTensor::test_tpch_string_processing[op=FilterScan,col=l_shipmode,pred=Eq,val=AIR-device=cpu-encoding=CDictionaryEncoding-scale=0.5]","op=FilterScan,col=l_shipmode,pred=Eq,val=AIR-device=cpu-encoding=CDictionaryEncoding-scale=0.5",0.001651804894208908,0.002945980057120323,0.0017783541019683279,8.202014307963545e-05,508,0.0017600301653146744,6.351014599204063e-05,0.001738494262099266,0.0018020044080913067,27,77,77;27,0.001651804894208908,0.0018981918692588806,562.3177065204137,0.9034038837999105,1,l_shipmode,FilterScan,Eq,AIR,2999671,429704,8,23997368,"[FilterScan(col='l_shipmode', pred=PredicateEq(value='AIR'))]",cpu,CDictionaryEncoding,0.5
string_tensor_query_processing | TPCH,"test_tpch_string_processing[op=FilterScan,col=l_shipmode,pred=Eq,val=AIR-device=cpu-encoding=PlainEncoding-scale=0.6]","bench_test.py::TestStringColumnTensor::test_tpch_string_processing[op=FilterScan,col=l_shipmode,pred=Eq,val=AIR-device=cpu-encoding=PlainEncoding-scale=0.6]","op=FilterScan,col=l_shipmode,pred=Eq,val=AIR-device=cpu-encoding=PlainEncoding-scale=0.6",0.009874447248876095,0.011857057921588421,0.010115664151280818,0.0002939092512402301,99,0.010049228556454182,0.0001769503578543663,0.00996638648211956,0.010143336839973927,8,8,8;8,0.009874447248876095,0.010418469086289406,98.85658371461282,1.001450750976801,1,l_shipmode,FilterScan,Eq,AIR,3601036,515493,7,25207252,"[FilterScan(col='l_shipmode', pred=PredicateEq(value='AIR'))]",cpu,PlainEncoding,0.6
string_tensor_query_processing | TPCH,"test_tpch_string_processing[op=FilterScan,col=l_shipmode,pred=Eq,val=AIR-device=cpu-encoding=CPlainEncoding-scale=0.6]","bench_test.py::TestStringColumnTensor::test_tpch_string_processing[op=FilterScan,col=l_shipmode,pred=Eq,val=AIR-device=cpu-encoding=CPlainEncoding-scale=0.6]","op=FilterScan,col=l_shipmode,pred=Eq,val=AIR-device=cpu-encoding=CPlainEncoding-scale=0.6",0.014766029082238674,0.016689497977495193,0.015169501915806904,0.00029141097459666745,64,0.01511645270511508,0.00032415054738521576,0.014998894650489092,0.015323045197874308,1,17,17;1,0.014766029082238674,0.016689497977495193,65.92174255622601,0.9708481226116419,1,l_shipmode,FilterScan,Eq,AIR,3601036,515493,7,25207252,"[FilterScan(col='l_shipmode', pred=PredicateEq(value='AIR'))]",cpu,CPlainEncoding,0.6
string_tensor_query_processing | TPCH,"test_tpch_string_processing[op=FilterScan,col=l_shipmode,pred=Eq,val=AIR-device=cpu-encoding=DictionaryEncoding-scale=0.6]","bench_test.py::TestStringColumnTensor::test_tpch_string_processing[op=FilterScan,col=l_shipmode,pred=Eq,val=AIR-device=cpu-encoding=DictionaryEncoding-scale=0.6]","op=FilterScan,col=l_shipmode,pred=Eq,val=AIR-device=cpu-encoding=DictionaryEncoding-scale=0.6",0.0018022004514932632,0.0029656775295734406,0.0018872050896936185,7.92985063672208e-05,482,0.0018628048710525036,6.166752427816391e-05,0.0018445700407028198,0.0019062375649809837,35,58,58;35,0.0018022004514932632,0.0019998550415039062,529.8841156486849,0.9096328532323241,1,l_shipmode,FilterScan,Eq,AIR,3601036,515493,8,28808288,"[FilterScan(col='l_shipmode', pred=PredicateEq(value='AIR'))]",cpu,DictionaryEncoding,0.6
string_tensor_query_processing | TPCH,"test_tpch_string_processing[op=FilterScan,col=l_shipmode,pred=Eq,val=AIR-device=cpu-encoding=CDictionaryEncoding-scale=0.6]","bench_test.py::TestStringColumnTensor::test_tpch_string_processing[op=FilterScan,col=l_shipmode,pred=Eq,val=AIR-device=cpu-encoding=CDictionaryEncoding-scale=0.6]","op=FilterScan,col=l_shipmode,pred=Eq,val=AIR-device=cpu-encoding=CDictionaryEncoding-scale=0.6",0.0021925615146756172,0.0034216511994600296,0.0022995417024397734,9.922700600469891e-05,412,0.0022695804946124554,0.00011527352035045624,0.0022324412129819393,0.0023477147333323956,8,61,61;8,0.0021925615146756172,0.002529529854655266,434.86926066138204,0.9474111814051867,1,l_shipmode,FilterScan,Eq,AIR,3601036,515493,8,28808288,"[FilterScan(col='l_shipmode', pred=PredicateEq(value='AIR'))]",cpu,CDictionaryEncoding,0.6
string_tensor_query_processing | TPCH,"test_tpch_string_processing[op=FilterScan,col=l_shipmode,pred=Eq,val=AIR-device=cpu-encoding=PlainEncoding-scale=0.7]","bench_test.py::TestStringColumnTensor::test_tpch_string_processing[op=FilterScan,col=l_shipmode,pred=Eq,val=AIR-device=cpu-encoding=PlainEncoding-scale=0.7]","op=FilterScan,col=l_shipmode,pred=Eq,val=AIR-device=cpu-encoding=PlainEncoding-scale=0.7",0.011524227447807789,0.013282202184200287,0.01175943718746651,0.00023532416098050852,86,0.011700691655278206,0.00015850085765123367,0.011638914234936237,0.011797415092587471,8,8,8;8,0.011524227447807789,0.012068509124219418,85.03808337577787,1.01131159812212,1,l_shipmode,FilterScan,Eq,AIR,4200337,601095,7,29402359,"[FilterScan(col='l_shipmode', pred=PredicateEq(value='AIR'))]",cpu,PlainEncoding,0.7
string_tensor_query_processing | TPCH,"test_tpch_string_processing[op=FilterScan,col=l_shipmode,pred=Eq,val=AIR-device=cpu-encoding=CPlainEncoding-scale=0.7]","bench_test.py::TestStringColumnTensor::test_tpch_string_processing[op=FilterScan,col=l_shipmode,pred=Eq,val=AIR-device=cpu-encoding=CPlainEncoding-scale=0.7]","op=FilterScan,col=l_shipmode,pred=Eq,val=AIR-device=cpu-encoding=CPlainEncoding-scale=0.7",0.018456370569765568,0.020009216852486134,0.01887846922573562,0.0002577126898897565,52,0.018841722048819065,0.00024133268743753433,0.018737113568931818,0.018978446256369352,1,13,13;1,0.018456370569765568,0.020009216852486134,52.97039648939195,0.9816803997382522,1,l_shipmode,FilterScan,Eq,AIR,4200337,601095,7,29402359,"[FilterScan(col='l_shipmode', pred=PredicateEq(value='AIR'))]",cpu,CPlainEncoding,0.7
string_tensor_query_processing | TPCH,"test_tpch_string_processing[op=FilterScan,col=l_shipmode,pred=Eq,val=AIR-device=cpu-encoding=DictionaryEncoding-scale=0.7]","bench_test.py::TestStringColumnTensor::test_tpch_string_processing[op=FilterScan,col=l_shipmode,pred=Eq,val=AIR-device=cpu-encoding=DictionaryEncoding-scale=0.7]","op=FilterScan,col=l_shipmode,pred=Eq,val=AIR-device=cpu-encoding=DictionaryEncoding-scale=0.7",0.0023749051615595818,0.0038017844781279564,0.002526716778943823,0.000132248138094852,352,0.002492103725671768,0.00011981790885329247,0.0024446784518659115,0.002564496360719204,20,39,39;20,0.0023749051615595818,0.0027465512976050377,395.7705146589495,0.8894043061882257,1,l_shipmode,FilterScan,Eq,AIR,4200337,601095,8,33602696,"[FilterScan(col='l_shipmode', pred=PredicateEq(value='AIR'))]",cpu,DictionaryEncoding,0.7
string_tensor_query_processing | TPCH,"test_tpch_string_processing[op=FilterScan,col=l_shipmode,pred=Eq,val=AIR-device=cpu-encoding=CDictionaryEncoding-scale=0.7]","bench_test.py::TestStringColumnTensor::test_tpch_string_processing[op=FilterScan,col=l_shipmode,pred=Eq,val=AIR-device=cpu-encoding=CDictionaryEncoding-scale=0.7]","op=FilterScan,col=l_shipmode,pred=Eq,val=AIR-device=cpu-encoding=CDictionaryEncoding-scale=0.7",0.002744537778198719,0.004382304847240448,0.0029270736627923927,0.00014541315180840734,278,0.0029024421237409115,0.00018285587430000305,0.0028238091617822647,0.0030066650360822678,3,48,48;3,0.002744537778198719,0.003282698802649975,341.63813938526306,0.8137264782562852,1,l_shipmode,FilterScan,Eq,AIR,4200337,601095,8,33602696,"[FilterScan(col='l_shipmode', pred=PredicateEq(value='AIR'))]",cpu,CDictionaryEncoding,0.7
string_tensor_query_processing | TPCH,"test_tpch_string_processing[op=FilterScan,col=l_shipmode,pred=Eq,val=AIR-device=cpu-encoding=PlainEncoding-scale=0.8]","bench_test.py::TestStringColumnTensor::test_tpch_string_processing[op=FilterScan,col=l_shipmode,pred=Eq,val=AIR-device=cpu-encoding=PlainEncoding-scale=0.8]","op=FilterScan,col=l_shipmode,pred=Eq,val=AIR-device=cpu-encoding=PlainEncoding-scale=0.8",0.01317595224827528,0.014888480305671692,0.013395958506551228,0.00023583929259651104,76,0.013336911331862211,0.00024410756304860115,0.01325630908831954,0.013500416651368141,1,8,8;1,0.01317595224827528,0.014888480305671692,74.64938022247195,1.0180928464978933,1,l_shipmode,FilterScan,Eq,AIR,4800841,687034,7,33605887,"[FilterScan(col='l_shipmode', pred=PredicateEq(value='AIR'))]",cpu,PlainEncoding,0.8
string_tensor_query_processing | TPCH,"test_tpch_string_processing[op=FilterScan,col=l_shipmode,pred=Eq,val=AIR-device=cpu-encoding=CPlainEncoding-scale=0.8]","bench_test.py::TestStringColumnTensor::test_tpch_string_processing[op=FilterScan,col=l_shipmode,pred=Eq,val=AIR-device=cpu-encoding=CPlainEncoding-scale=0.8]","op=FilterScan,col=l_shipmode,pred=Eq,val=AIR-device=cpu-encoding=CPlainEncoding-scale=0.8",0.022806303575634956,0.029127749614417553,0.02741640291383697,0.001147857727752058,36,0.027546999976038933,0.00043334299698472023,0.027350060641765594,0.027783403638750315,4,4,4;4,0.027274771593511105,0.0287709916010499,36.474515024555,0.9869905048981309,1,l_shipmode,FilterScan,Eq,AIR,4800841,687034,7,33605887,"[FilterScan(col='l_shipmode', pred=PredicateEq(value='AIR'))]",cpu,CPlainEncoding,0.8
string_tensor_query_processing | TPCH,"test_tpch_string_processing[op=FilterScan,col=l_shipmode,pred=Eq,val=AIR-device=cpu-encoding=DictionaryEncoding-scale=0.8]","bench_test.py::TestStringColumnTensor::test_tpch_string_processing[op=FilterScan,col=l_shipmode,pred=Eq,val=AIR-device=cpu-encoding=DictionaryEncoding-scale=0.8]","op=FilterScan,col=l_shipmode,pred=Eq,val=AIR-device=cpu-encoding=DictionaryEncoding-scale=0.8",0.0029260823503136635,0.00411966722458601,0.003171605301298657,0.00019773110823572074,245,0.003096776083111763,0.00026917108334600925,0.003020692151039839,0.003289863234385848,6,52,52;6,0.0029260823503136635,0.0037281541153788567,315.2977451483437,0.777043298818171,1,l_shipmode,FilterScan,Eq,AIR,4800841,687034,8,38406728,"[FilterScan(col='l_shipmode', pred=PredicateEq(value='AIR'))]",cpu,DictionaryEncoding,0.8
string_tensor_query_processing | TPCH,"test_tpch_string_processing[op=FilterScan,col=l_shipmode,pred=Eq,val=AIR-device=cpu-encoding=CDictionaryEncoding-scale=0.8]","bench_test.py::TestStringColumnTensor::test_tpch_string_processing[op=FilterScan,col=l_shipmode,pred=Eq,val=AIR-device=cpu-encoding=CDictionaryEncoding-scale=0.8]","op=FilterScan,col=l_shipmode,pred=Eq,val=AIR-device=cpu-encoding=CDictionaryEncoding-scale=0.8",0.00332715455442667,0.004167728126049042,0.003551252219412062,0.00015667800883290462,225,0.003520379774272442,0.00020478223450481892,0.0034293150529265404,0.0036340972874313593,8,56,56;8,0.00332715455442667,0.003982787951827049,281.5908131035418,0.7990317493677139,1,l_shipmode,FilterScan,Eq,AIR,4800841,687034,8,38406728,"[FilterScan(col='l_shipmode', pred=PredicateEq(value='AIR'))]",cpu,CDictionaryEncoding,0.8
string_tensor_query_processing | TPCH,"test_tpch_string_processing[op=FilterScan,col=l_shipmode,pred=Eq,val=AIR-device=cpu-encoding=PlainEncoding-scale=0.9]","bench_test.py::TestStringColumnTensor::test_tpch_string_processing[op=FilterScan,col=l_shipmode,pred=Eq,val=AIR-device=cpu-encoding=PlainEncoding-scale=0.9]","op=FilterScan,col=l_shipmode,pred=Eq,val=AIR-device=cpu-encoding=PlainEncoding-scale=0.9",0.014771328307688236,0.01706688478589058,0.015012918248661418,0.0003036417761017237,67,0.014931472018361092,0.00014731497503817081,0.014878563350066543,0.015025878325104713,10,5,5;10,0.014771328307688236,0.015285143628716469,66.60930163189039,1.005865522660315,1,l_shipmode,FilterScan,Eq,AIR,5400556,772525,7,37803892,"[FilterScan(col='l_shipmode', pred=PredicateEq(value='AIR'))]",cpu,PlainEncoding,0.9
string_tensor_query_processing | TPCH,"test_tpch_string_processing[op=FilterScan,col=l_shipmode,pred=Eq,val=AIR-device=cpu-encoding=CPlainEncoding-scale=0.9]","bench_test.py::TestStringColumnTensor::test_tpch_string_processing[op=FilterScan,col=l_shipmode,pred=Eq,val=AIR-device=cpu-encoding=CPlainEncoding-scale=0.9]","op=FilterScan,col=l_shipmode,pred=Eq,val=AIR-device=cpu-encoding=CPlainEncoding-scale=0.9",0.02646112907677889,0.028534813784062862,0.026910936711607752,0.0003965483959088672,37,0.0268272552639246,0.0002529621124267578,0.026709689991548657,0.026962652103975415,2,3,3;2,0.02646112907677889,0.028203715570271015,37.15961323518926,0.9957046583294868,1,l_shipmode,FilterScan,Eq,AIR,5400556,772525,7,37803892,"[FilterScan(col='l_shipmode', pred=PredicateEq(value='AIR'))]",cpu,CPlainEncoding,0.9
string_tensor_query_processing | TPCH,"test_tpch_string_processing[op=FilterScan,col=l_shipmode,pred=Eq,val=AIR-device=cpu-encoding=DictionaryEncoding-scale=0.9]","bench_test.py::TestStringColumnTensor::test_tpch_string_processing[op=FilterScan,col=l_shipmode,pred=Eq,val=AIR-device=cpu-encoding=DictionaryEncoding-scale=0.9]","op=FilterScan,col=l_shipmode,pred=Eq,val=AIR-device=cpu-encoding=DictionaryEncoding-scale=0.9",0.0035100700333714485,0.004255054518580437,0.0037294449666932005,0.00013965308079071572,268,0.003699846100062132,0.00018144398927688599,0.0036193933337926865,0.0038008373230695724,9,65,65;9,0.0035100700333714485,0.00410620030015707,268.136414112761,0.9994912510737777,1,l_shipmode,FilterScan,Eq,AIR,5400556,772525,8,43204448,"[FilterScan(col='l_shipmode', pred=PredicateEq(value='AIR'))]",cpu,DictionaryEncoding,0.9
string_tensor_query_processing | TPCH,"test_tpch_string_processing[op=FilterScan,col=l_shipmode,pred=Eq,val=AIR-device=cpu-encoding=CDictionaryEncoding-scale=0.9]","bench_test.py::TestStringColumnTensor::test_tpch_string_processing[op=FilterScan,col=l_shipmode,pred=Eq,val=AIR-device=cpu-encoding=CDictionaryEncoding-scale=0.9]","op=FilterScan,col=l_shipmode,pred=Eq,val=AIR-device=cpu-encoding=CDictionaryEncoding-scale=0.9",0.003933211788535118,0.005694083869457245,0.00414314771640218,0.00020215572053304139,216,0.004096131771802902,0.000180837232619524,0.004018525127321482,0.004199362359941006,9,20,20;9,0.003933211788535118,0.004536277614533901,241.36238156345013,0.8949199067428708,1,l_shipmode,FilterScan,Eq,AIR,5400556,772525,8,43204448,"[FilterScan(col='l_shipmode', pred=PredicateEq(value='AIR'))]",cpu,CDictionaryEncoding,0.9
string_tensor_query_processing | TPCH,"test_tpch_string_processing[op=FilterScan,col=l_shipmode,pred=Eq,val=AIR-device=cpu-encoding=PlainEncoding-scale=1.0]","bench_test.py::TestStringColumnTensor::test_tpch_string_processing[op=FilterScan,col=l_shipmode,pred=Eq,val=AIR-device=cpu-encoding=PlainEncoding-scale=1.0]","op=FilterScan,col=l_shipmode,pred=Eq,val=AIR-device=cpu-encoding=PlainEncoding-scale=1.0",0.016319685615599155,0.017891819588840008,0.016610206776588667,0.00024399632190337696,61,0.01654009334743023,0.00025550718419253826,0.016457544872537255,0.016713052056729794,2,8,8;2,0.016319685615599155,0.017163027077913284,60.203946492072255,1.0132226133719087,1,l_shipmode,FilterScan,Eq,AIR,6001215,858104,7,42008505,"[FilterScan(col='l_shipmode', pred=PredicateEq(value='AIR'))]",cpu,PlainEncoding,1.0
string_tensor_query_processing | TPCH,"test_tpch_string_processing[op=FilterScan,col=l_shipmode,pred=Eq,val=AIR-device=cpu-encoding=CPlainEncoding-scale=1.0]","bench_test.py::TestStringColumnTensor::test_tpch_string_processing[op=FilterScan,col=l_shipmode,pred=Eq,val=AIR-device=cpu-encoding=CPlainEncoding-scale=1.0]","op=FilterScan,col=l_shipmode,pred=Eq,val=AIR-device=cpu-encoding=CPlainEncoding-scale=1.0",0.029705614782869816,0.0306856045499444,0.03016114717020708,0.00023236438298649583,34,0.030186176765710115,0.00030975788831710815,0.02998268138617277,0.03029243927448988,0,12,12;0,0.029705614782869816,0.0306856045499444,33.155237576234875,1.0254790037870407,1,l_shipmode,FilterScan,Eq,AIR,6001215,858104,7,42008505,"[FilterScan(col='l_shipmode', pred=PredicateEq(value='AIR'))]",cpu,CPlainEncoding,1.0
string_tensor_query_processing | TPCH,"test_tpch_string_processing[op=FilterScan,col=l_shipmode,pred=Eq,val=AIR-device=cpu-encoding=DictionaryEncoding-scale=1.0]","bench_test.py::TestStringColumnTensor::test_tpch_string_processing[op=FilterScan,col=l_shipmode,pred=Eq,val=AIR-device=cpu-encoding=DictionaryEncoding-scale=1.0]","op=FilterScan,col=l_shipmode,pred=Eq,val=AIR-device=cpu-encoding=DictionaryEncoding-scale=1.0",0.004014107398688793,0.005923690274357796,0.004224353970787605,0.00019179128306410858,238,0.0041851019486784935,0.0001820763573050499,0.004101692698895931,0.004283769056200981,10,24,24;10,0.004014107398688793,0.0046026743948459625,236.7225869127525,1.00539624504745,1,l_shipmode,FilterScan,Eq,AIR,6001215,858104,8,48009720,"[FilterScan(col='l_shipmode', pred=PredicateEq(value='AIR'))]",cpu,DictionaryEncoding,1.0
string_tensor_query_processing | TPCH,"test_tpch_string_processing[op=FilterScan,col=l_shipmode,pred=Eq,val=AIR-device=cpu-encoding=CDictionaryEncoding-scale=1.0]","bench_test.py::TestStringColumnTensor::test_tpch_string_processing[op=FilterScan,col=l_shipmode,pred=Eq,val=AIR-device=cpu-encoding=CDictionaryEncoding-scale=1.0]","op=FilterScan,col=l_shipmode,pred=Eq,val=AIR-device=cpu-encoding=CDictionaryEncoding-scale=1.0",0.0043628886342048645,0.0064055342227220535,0.004599488603722567,0.00019838022450218063,198,0.004557127133011818,0.00019048061221837997,0.004474731162190437,0.004665211774408817,6,24,24;6,0.0043628886342048645,0.004952918738126755,217.41547510100497,0.9106987435370684,1,l_shipmode,FilterScan,Eq,AIR,6001215,858104,8,48009720,"[FilterScan(col='l_shipmode', pred=PredicateEq(value='AIR'))]",cpu,CDictionaryEncoding,1.0
string_tensor_query_processing | TPCH,"test_tpch_string_processing[op=FilterScan,col=l_shipmode,pred=Eq,val=AIR-device=cpu-encoding=PlainEncoding-scale=1]","bench_test.py::TestStringColumnTensor::test_tpch_string_processing[op=FilterScan,col=l_shipmode,pred=Eq,val=AIR-device=cpu-encoding=PlainEncoding-scale=1]","op=FilterScan,col=l_shipmode,pred=Eq,val=AIR-device=cpu-encoding=PlainEncoding-scale=1",0.020993073470890522,0.023207285441458225,0.021717200683348852,0.0003810932738365423,46,0.0216877362690866,0.0003317296504974365,0.021543397568166256,0.021875127218663692,3,11,11;3,0.02110786084085703,0.022391347214579582,46.04645021154712,0.9989912314340472,1,l_shipmode,FilterScan,Eq,AIR,6001215,858104,7,42008505,"[FilterScan(col='l_shipmode', pred=PredicateEq(value='AIR'))]",cpu,PlainEncoding,1
string_tensor_query_processing | TPCH,"test_tpch_string_processing[op=FilterScan,col=l_shipmode,pred=Eq,val=AIR-device=cpu-encoding=CPlainEncoding-scale=1]","bench_test.py::TestStringColumnTensor::test_tpch_string_processing[op=FilterScan,col=l_shipmode,pred=Eq,val=AIR-device=cpu-encoding=CPlainEncoding-scale=1]","op=FilterScan,col=l_shipmode,pred=Eq,val=AIR-device=cpu-encoding=CPlainEncoding-scale=1",0.03433657344430685,0.03563810233026743,0.03503687631595751,0.0003618545033130559,29,0.03502955753356218,0.000564751448109746,0.0347849375102669,0.035349688958376646,0,8,8;0,0.03433657344430685,0.03563810233026743,28.541357139892945,1.0160694131627679,1,l_shipmode,FilterScan,Eq,AIR,6001215,858104,7,42008505,"[FilterScan(col='l_shipmode', pred=PredicateEq(value='AIR'))]",cpu,CPlainEncoding,1
string_tensor_query_processing | TPCH,"test_tpch_string_processing[op=FilterScan,col=l_shipmode,pred=Eq,val=AIR-device=cpu-encoding=DictionaryEncoding-scale=1]","bench_test.py::TestStringColumnTensor::test_tpch_string_processing[op=FilterScan,col=l_shipmode,pred=Eq,val=AIR-device=cpu-encoding=DictionaryEncoding-scale=1]","op=FilterScan,col=l_shipmode,pred=Eq,val=AIR-device=cpu-encoding=DictionaryEncoding-scale=1",0.003999187611043453,0.0066829100251197815,0.004270138433919503,0.00022944909958463495,234,0.00423751026391983,0.0001728292554616928,0.0041490523144602776,0.00432188156992197,13,17,17;13,0.003999187611043453,0.0045921336859464645,234.18444518252147,0.9992123935371637,1,l_shipmode,FilterScan,Eq,AIR,6001215,858104,8,48009720,"[FilterScan(col='l_shipmode', pred=PredicateEq(value='AIR'))]",cpu,DictionaryEncoding,1
string_tensor_query_processing | TPCH,"test_tpch_string_processing[op=FilterScan,col=l_shipmode,pred=Eq,val=AIR-device=cpu-encoding=CDictionaryEncoding-scale=1]","bench_test.py::TestStringColumnTensor::test_tpch_string_processing[op=FilterScan,col=l_shipmode,pred=Eq,val=AIR-device=cpu-encoding=CDictionaryEncoding-scale=1]","op=FilterScan,col=l_shipmode,pred=Eq,val=AIR-device=cpu-encoding=CDictionaryEncoding-scale=1",0.004408745095133781,0.005752574652433395,0.00465312411846674,0.0002021784546397665,184,0.004606324713677168,0.00021040905267000198,0.004504236858338118,0.00471464591100812,8,35,35;8,0.004408745095133781,0.005048820748925209,214.909375838767,0.8561748377978802,1,l_shipmode,FilterScan,Eq,AIR,6001215,858104,8,48009720,"[FilterScan(col='l_shipmode', pred=PredicateEq(value='AIR'))]",cpu,CDictionaryEncoding,1
string_tensor_query_processing | TPCH,"test_tpch_string_processing[op=FilterScan,col=l_shipmode,pred=Eq,val=AIR-device=cpu-encoding=PlainEncoding-scale=2]","bench_test.py::TestStringColumnTensor::test_tpch_string_processing[op=FilterScan,col=l_shipmode,pred=Eq,val=AIR-device=cpu-encoding=PlainEncoding-scale=2]","op=FilterScan,col=l_shipmode,pred=Eq,val=AIR-device=cpu-encoding=PlainEncoding-scale=2",0.04116487875580788,0.04432545602321625,0.04192842966100822,0.0006565307716416962,24,0.04175181267783046,0.0005213702097535133,0.041544543113559484,0.042065913323313,2,3,3;2,0.04116487875580788,0.0430437745526433,23.85016582030403,1.0062823118641973,1,l_shipmode,FilterScan,Eq,AIR,11997996,1715532,7,83985972,"[FilterScan(col='l_shipmode', pred=PredicateEq(value='AIR'))]",cpu,PlainEncoding,2
string_tensor_query_processing | TPCH,"test_tpch_string_processing[op=FilterScan,col=l_shipmode,pred=Eq,val=AIR-device=cpu-encoding=CPlainEncoding-scale=2]","bench_test.py::TestStringColumnTensor::test_tpch_string_processing[op=FilterScan,col=l_shipmode,pred=Eq,val=AIR-device=cpu-encoding=CPlainEncoding-scale=2]","op=FilterScan,col=l_shipmode,pred=Eq,val=AIR-device=cpu-encoding=CPlainEncoding-scale=2",0.06950136739760637,0.07110243383795023,0.07036272821327051,0.00048620638830985285,15,0.07041629124432802,0.0006155932787805796,0.07004546653479338,0.07066105981357396,0,5,5;0,0.06950136739760637,0.07110243383795023,14.212069733410345,1.0554409231990576,1,l_shipmode,FilterScan,Eq,AIR,11997996,1715532,7,83985972,"[FilterScan(col='l_shipmode', pred=PredicateEq(value='AIR'))]",cpu,CPlainEncoding,2
string_tensor_query_processing | TPCH,"test_tpch_string_processing[op=FilterScan,col=l_shipmode,pred=Eq,val=AIR-device=cpu-encoding=DictionaryEncoding-scale=2]","bench_test.py::TestStringColumnTensor::test_tpch_string_processing[op=FilterScan,col=l_shipmode,pred=Eq,val=AIR-device=cpu-encoding=DictionaryEncoding-scale=2]","op=FilterScan,col=l_shipmode,pred=Eq,val=AIR-device=cpu-encoding=DictionaryEncoding-scale=2",0.008125667460262775,0.009596899151802063,0.008381560716811008,0.00017461692790947484,113,0.008390581235289574,0.00021042325533926487,0.008249168517068028,0.008459591772407293,1,23,23;1,0.008125667460262775,0.009596899151802063,119.30952167348579,0.9471163609996438,1,l_shipmode,FilterScan,Eq,AIR,11997996,1715532,8,95983968,"[FilterScan(col='l_shipmode', pred=PredicateEq(value='AIR'))]",cpu,DictionaryEncoding,2
string_tensor_query_processing | TPCH,"test_tpch_string_processing[op=FilterScan,col=l_shipmode,pred=Eq,val=AIR-device=cpu-encoding=CDictionaryEncoding-scale=2]","bench_test.py::TestStringColumnTensor::test_tpch_string_processing[op=FilterScan,col=l_shipmode,pred=Eq,val=AIR-device=cpu-encoding=CDictionaryEncoding-scale=2]","op=FilterScan,col=l_shipmode,pred=Eq,val=AIR-device=cpu-encoding=CDictionaryEncoding-scale=2",0.008453348651528358,0.009717890061438084,0.008760093245655298,0.0004065151119319366,8,0.008674123790115118,0.0002490021288394928,0.00851581385359168,0.008764815982431173,1,1,1;1,0.008453348651528358,0.009717890061438084,114.15403603106225,0.07008074596524239,1,l_shipmode,FilterScan,Eq,AIR,11997996,1715532,8,95983968,"[FilterScan(col='l_shipmode', pred=PredicateEq(value='AIR'))]",cpu,CDictionaryEncoding,2
string_tensor_query_processing | TPCH,"test_tpch_string_processing[op=FilterScan,col=l_shipmode,pred=Eq,val=AIR-device=cpu-encoding=PlainEncoding-scale=3]","bench_test.py::TestStringColumnTensor::test_tpch_string_processing[op=FilterScan,col=l_shipmode,pred=Eq,val=AIR-device=cpu-encoding=PlainEncoding-scale=3]","op=FilterScan,col=l_shipmode,pred=Eq,val=AIR-device=cpu-encoding=PlainEncoding-scale=3",0.06118561699986458,0.06466631218791008,0.06207448604982346,0.0009647500767262534,16,0.061859987676143646,0.0006634695455431938,0.06150975730270147,0.06217322684824467,2,2,2;2,0.06118561699986458,0.06409737281501293,16.109678285493334,0.9931917767971754,1,l_shipmode,FilterScan,Eq,AIR,17996609,2571601,7,125976263,"[FilterScan(col='l_shipmode', pred=PredicateEq(value='AIR'))]",cpu,PlainEncoding,3
string_tensor_query_processing | TPCH,"test_tpch_string_processing[op=FilterScan,col=l_shipmode,pred=Eq,val=AIR-device=cpu-encoding=CPlainEncoding-scale=3]","bench_test.py::TestStringColumnTensor::test_tpch_string_processing[op=FilterScan,col=l_shipmode,pred=Eq,val=AIR-device=cpu-encoding=CPlainEncoding-scale=3]","op=FilterScan,col=l_shipmode,pred=Eq,val=AIR-device=cpu-encoding=CPlainEncoding-scale=3",0.10374817904084921,0.1060707364231348,0.10470702648162841,0.0006328751709942159,10,0.10454740049317479,0.0005513755604624748,0.10438784305006266,0.10493921861052513,1,2,2;1,0.10374817904084921,0.1060707364231348,9.550457439219297,1.0470702648162842,1,l_shipmode,FilterScan,Eq,AIR,17996609,2571601,7,125976263,"[FilterScan(col='l_shipmode', pred=PredicateEq(value='AIR'))]",cpu,CPlainEncoding,3
string_tensor_query_processing | TPCH,"test_tpch_string_processing[op=FilterScan,col=l_shipmode,pred=Eq,val=AIR-device=cpu-encoding=DictionaryEncoding-scale=3]","bench_test.py::TestStringColumnTensor::test_tpch_string_processing[op=FilterScan,col=l_shipmode,pred=Eq,val=AIR-device=cpu-encoding=DictionaryEncoding-scale=3]","op=FilterScan,col=l_shipmode,pred=Eq,val=AIR-device=cpu-encoding=DictionaryEncoding-scale=3",0.011978798545897007,0.014583681710064411,0.012245120170215765,0.00035520152162273007,78,0.01216078456491232,0.00014340132474899292,0.012112794443964958,0.012256195768713951,6,4,4;6,0.011978798545897007,0.01250138133764267,81.66518466942733,0.9551193732768297,1,l_shipmode,FilterScan,Eq,AIR,17996609,2571601,8,143972872,"[FilterScan(col='l_shipmode', pred=PredicateEq(value='AIR'))]",cpu,DictionaryEncoding,3
string_tensor_query_processing | TPCH,"test_tpch_string_processing[op=FilterScan,col=l_shipmode,pred=Eq,val=AIR-device=cpu-encoding=CDictionaryEncoding-scale=3]","bench_test.py::TestStringColumnTensor::test_tpch_string_processing[op=FilterScan,col=l_shipmode,pred=Eq,val=AIR-device=cpu-encoding=CDictionaryEncoding-scale=3]","op=FilterScan,col=l_shipmode,pred=Eq,val=AIR-device=cpu-encoding=CDictionaryEncoding-scale=3",0.01228390820324421,0.014010033570230007,0.012554275705234,0.0002911007928765125,76,0.012480692006647587,0.00018164422363042831,0.012404927983880043,0.012586572207510471,5,5,5;5,0.01228390820324421,0.01298592984676361,79.65413724211028,0.954124953597784,1,l_shipmode,FilterScan,Eq,AIR,17996609,2571601,8,143972872,"[FilterScan(col='l_shipmode', pred=PredicateEq(value='AIR'))]",cpu,CDictionaryEncoding,3
string_tensor_query_processing | TPCH,"test_tpch_string_processing[op=FilterScan,col=l_shipmode,pred=Eq,val=AIR-device=cpu-encoding=PlainEncoding-scale=4]","bench_test.py::TestStringColumnTensor::test_tpch_string_processing[op=FilterScan,col=l_shipmode,pred=Eq,val=AIR-device=cpu-encoding=PlainEncoding-scale=4]","op=FilterScan,col=l_shipmode,pred=Eq,val=AIR-device=cpu-encoding=PlainEncoding-scale=4",0.08120782021433115,0.08370005805045366,0.08189483961233726,0.0007468255018938772,13,0.08172550145536661,0.0006568355020135641,0.08139688824303448,0.08205372374504805,2,2,2;2,0.08120782021433115,0.08312619850039482,12.210781591778739,1.0646329149603844,1,l_shipmode,FilterScan,Eq,AIR,23996604,3427035,7,167976228,"[FilterScan(col='l_shipmode', pred=PredicateEq(value='AIR'))]",cpu,PlainEncoding,4
string_tensor_query_processing | TPCH,"test_tpch_string_processing[op=FilterScan,col=l_shipmode,pred=Eq,val=AIR-device=cpu-encoding=CPlainEncoding-scale=4]","bench_test.py::TestStringColumnTensor::test_tpch_string_processing[op=FilterScan,col=l_shipmode,pred=Eq,val=AIR-device=cpu-encoding=CPlainEncoding-scale=4]","op=FilterScan,col=l_shipmode,pred=Eq,val=AIR-device=cpu-encoding=CPlainEncoding-scale=4",0.13694011978805065,0.13901662919670343,0.13793157041072845,0.0006480325827721106,8,0.13790152361616492,0.0008385162800550461,0.1375039336271584,0.13834244990721345,0,2,2;0,0.13694011978805065,0.13901662919670343,7.249971830395538,1.1034525632858276,1,l_shipmode,FilterScan,Eq,AIR,23996604,3427035,7,167976228,"[FilterScan(col='l_shipmode', pred=PredicateEq(value='AIR'))]",cpu,CPlainEncoding,4
string_tensor_query_processing | TPCH,"test_tpch_string_processing[op=FilterScan,col=l_shipmode,pred=Eq,val=AIR-device=cpu-encoding=DictionaryEncoding-scale=4]","bench_test.py::TestStringColumnTensor::test_tpch_string_processing[op=FilterScan,col=l_shipmode,pred=Eq,val=AIR-device=cpu-encoding=DictionaryEncoding-scale=4]","op=FilterScan,col=l_shipmode,pred=Eq,val=AIR-device=cpu-encoding=DictionaryEncoding-scale=4",0.015761847607791424,0.016473007388412952,0.015961420071858263,0.00013046342656046055,63,0.015933292917907238,0.00018363213166594505,0.015850410796701908,0.016034042928367853,1,18,18;1,0.015761847607791424,0.016473007388412952,62.65106710418016,1.0055694645270705,1,l_shipmode,FilterScan,Eq,AIR,23996604,3427035,8,191972832,"[FilterScan(col='l_shipmode', pred=PredicateEq(value='AIR'))]",cpu,DictionaryEncoding,4
string_tensor_query_processing | TPCH,"test_tpch_string_processing[op=FilterScan,col=l_shipmode,pred=Eq,val=AIR-device=cpu-encoding=CDictionaryEncoding-scale=4]","bench_test.py::TestStringColumnTensor::test_tpch_string_processing[op=FilterScan,col=l_shipmode,pred=Eq,val=AIR-device=cpu-encoding=CDictionaryEncoding-scale=4]","op=FilterScan,col=l_shipmode,pred=Eq,val=AIR-device=cpu-encoding=CDictionaryEncoding-scale=4",0.01612253114581108,0.02760366816073656,0.016694668662168233,0.0019665895947617467,51,0.016310768201947212,0.00013772700913250446,0.01623587915673852,0.016373606165871024,2,2,2;2,0.01612253114581108,0.024845984764397144,59.89936190025135,0.8514281017705798,1,l_shipmode,FilterScan,Eq,AIR,23996604,3427035,8,191972832,"[FilterScan(col='l_shipmode', pred=PredicateEq(value='AIR'))]",cpu,CDictionaryEncoding,4
string_tensor_query_processing | TPCH,"test_tpch_string_processing[op=FilterScan,col=l_shipmode,pred=Eq,val=AIR-device=cpu-encoding=PlainEncoding-scale=5]","bench_test.py::TestStringColumnTensor::test_tpch_string_processing[op=FilterScan,col=l_shipmode,pred=Eq,val=AIR-device=cpu-encoding=PlainEncoding-scale=5]","op=FilterScan,col=l_shipmode,pred=Eq,val=AIR-device=cpu-encoding=PlainEncoding-scale=5",0.10015941597521305,0.10432337503880262,0.10109063144773245,0.0012144504952853092,11,0.10079778637737036,0.000527386087924242,0.10043761529959738,0.10096500138752162,2,2,2;2,0.10015941597521305,0.10231185983866453,9.892113499330911,1.111996945925057,1,l_shipmode,FilterScan,Eq,AIR,29999795,4285543,7,209998565,"[FilterScan(col='l_shipmode', pred=PredicateEq(value='AIR'))]",cpu,PlainEncoding,5
string_tensor_query_processing | TPCH,"test_tpch_string_processing[op=FilterScan,col=l_shipmode,pred=Eq,val=AIR-device=cpu-encoding=CPlainEncoding-scale=5]","bench_test.py::TestStringColumnTensor::test_tpch_string_processing[op=FilterScan,col=l_shipmode,pred=Eq,val=AIR-device=cpu-encoding=CPlainEncoding-scale=5]","op=FilterScan,col=l_shipmode,pred=Eq,val=AIR-device=cpu-encoding=CPlainEncoding-scale=5",0.18388113379478455,0.1911605056375265,0.1858323795410494,0.0026724935298399082,6,0.18493955163285136,0.001114794984459877,0.18447936978191137,0.18559416476637125,1,1,1;1,0.18388113379478455,0.1911605056375265,5.381193538336548,1.1149942772462964,1,l_shipmode,FilterScan,Eq,AIR,29999795,4285543,7,209998565,"[FilterScan(col='l_shipmode', pred=PredicateEq(value='AIR'))]",cpu,CPlainEncoding,5
string_tensor_query_processing | TPCH,"test_tpch_string_processing[op=FilterScan,col=l_shipmode,pred=Eq,val=AIR-device=cpu-encoding=DictionaryEncoding-scale=5]","bench_test.py::TestStringColumnTensor::test_tpch_string_processing[op=FilterScan,col=l_shipmode,pred=Eq,val=AIR-device=cpu-encoding=DictionaryEncoding-scale=5]","op=FilterScan,col=l_shipmode,pred=Eq,val=AIR-device=cpu-encoding=DictionaryEncoding-scale=5",0.019583696499466896,0.021008020266890526,0.019824574683226792,0.00021893515228787195,51,0.01977167371660471,0.00013509090058505535,0.01972263492643833,0.019857725827023387,3,5,5;3,0.019583696499466896,0.02022545412182808,50.442444086635646,1.0110533088445663,1,l_shipmode,FilterScan,Eq,AIR,29999795,4285543,8,239998360,"[FilterScan(col='l_shipmode', pred=PredicateEq(value='AIR'))]",cpu,DictionaryEncoding,5
string_tensor_query_processing | TPCH,"test_tpch_string_processing[op=FilterScan,col=l_shipmode,pred=Eq,val=AIR-device=cpu-encoding=CDictionaryEncoding-scale=5]","bench_test.py::TestStringColumnTensor::test_tpch_string_processing[op=FilterScan,col=l_shipmode,pred=Eq,val=AIR-device=cpu-encoding=CDictionaryEncoding-scale=5]","op=FilterScan,col=l_shipmode,pred=Eq,val=AIR-device=cpu-encoding=CDictionaryEncoding-scale=5",0.01989168021827936,0.0269284313544631,0.020286419857293368,0.0010158866064849752,50,0.020084065850824118,0.00010470952838659286,0.0200422964990139,0.020147006027400494,4,3,3;4,0.01989168021827936,0.020743736997246742,49.29406011679682,1.0143209928646684,1,l_shipmode,FilterScan,Eq,AIR,29999795,4285543,8,239998360,"[FilterScan(col='l_shipmode', pred=PredicateEq(value='AIR'))]",cpu,CDictionaryEncoding,5
string_tensor_query_processing | TPCH,"test_tpch_string_processing[op=FilterScan,col=l_shipmode,pred=Eq,val=AIR-device=cpu-encoding=PlainEncoding-scale=6]","bench_test.py::TestStringColumnTensor::test_tpch_string_processing[op=FilterScan,col=l_shipmode,pred=Eq,val=AIR-device=cpu-encoding=PlainEncoding-scale=6]","op=FilterScan,col=l_shipmode,pred=Eq,val=AIR-device=cpu-encoding=PlainEncoding-scale=6",0.11938432231545448,0.1201895596459508,0.11978390771481726,0.000262336612122091,9,0.11985188908874989,0.00028926809318363667,0.1196313404943794,0.11992060858756304,0,3,3;0,0.11938432231545448,0.1201895596459508,8.34836681385291,1.0780551694333553,1,l_shipmode,FilterScan,Eq,AIR,36000148,5141780,7,252001036,"[FilterScan(col='l_shipmode', pred=PredicateEq(value='AIR'))]",cpu,PlainEncoding,6
string_tensor_query_processing | TPCH,"test_tpch_string_processing[op=FilterScan,col=l_shipmode,pred=Eq,val=AIR-device=cpu-encoding=CPlainEncoding-scale=6]","bench_test.py::TestStringColumnTensor::test_tpch_string_processing[op=FilterScan,col=l_shipmode,pred=Eq,val=AIR-device=cpu-encoding=CPlainEncoding-scale=6]","op=FilterScan,col=l_shipmode,pred=Eq,val=AIR-device=cpu-encoding=CPlainEncoding-scale=6",0.2175811231136322,0.22011664509773254,0.21870268378406763,0.0009671203839516297,5,0.2185444524511695,0.0013454440049827099,0.2180161983706057,0.21936164237558842,0,2,2;0,0.2175811231136322,0.22011664509773254,4.572417597706908,1.0935134189203382,1,l_shipmode,FilterScan,Eq,AIR,36000148,5141780,7,252001036,"[FilterScan(col='l_shipmode', pred=PredicateEq(value='AIR'))]",cpu,CPlainEncoding,6
string_tensor_query_processing | TPCH,"test_tpch_string_processing[op=FilterScan,col=l_shipmode,pred=Eq,val=AIR-device=cpu-encoding=DictionaryEncoding-scale=6]","bench_test.py::TestStringColumnTensor::test_tpch_string_processing[op=FilterScan,col=l_shipmode,pred=Eq,val=AIR-device=cpu-encoding=DictionaryEncoding-scale=6]","op=FilterScan,col=l_shipmode,pred=Eq,val=AIR-device=cpu-encoding=DictionaryEncoding-scale=6",0.023248118348419666,0.02873987890779972,0.023638245043193184,0.000818131110003801,43,0.023503483273088932,0.00021472759544849396,0.02339174156077206,0.023606469156220555,3,1,1;3,0.023248118348419666,0.02393711544573307,42.30432496882664,1.016444536857307,1,l_shipmode,FilterScan,Eq,AIR,36000148,5141780,8,288001184,"[FilterScan(col='l_shipmode', pred=PredicateEq(value='AIR'))]",cpu,DictionaryEncoding,6
string_tensor_query_processing | TPCH,"test_tpch_string_processing[op=FilterScan,col=l_shipmode,pred=Eq,val=AIR-device=cpu-encoding=CDictionaryEncoding-scale=6]","bench_test.py::TestStringColumnTensor::test_tpch_string_processing[op=FilterScan,col=l_shipmode,pred=Eq,val=AIR-device=cpu-encoding=CDictionaryEncoding-scale=6]","op=FilterScan,col=l_shipmode,pred=Eq,val=AIR-device=cpu-encoding=CDictionaryEncoding-scale=6",0.023617430590093136,0.025424188002943993,0.02392188000471093,0.00032266741191830584,43,0.02383410930633545,0.00018670130521059036,0.023768309270963073,0.023955010576173663,4,4,4;4,0.023617430590093136,0.024297259747982025,41.802734559452276,1.02864084020257,1,l_shipmode,FilterScan,Eq,AIR,36000148,5141780,8,288001184,"[FilterScan(col='l_shipmode', pred=PredicateEq(value='AIR'))]",cpu,CDictionaryEncoding,6
string_tensor_query_processing | TPCH,"test_tpch_string_processing[op=FilterScan,col=l_shipmode,pred=Eq,val=AIR-device=cpu-encoding=PlainEncoding-scale=7]","bench_test.py::TestStringColumnTensor::test_tpch_string_processing[op=FilterScan,col=l_shipmode,pred=Eq,val=AIR-device=cpu-encoding=PlainEncoding-scale=7]","op=FilterScan,col=l_shipmode,pred=Eq,val=AIR-device=cpu-encoding=PlainEncoding-scale=7",0.14224482513964176,0.15634685289114714,0.14468674614493335,0.0051812910432102585,7,0.14235101733356714,0.001408049138262868,0.1422659584786743,0.14367400761693716,1,1,1;1,0.14224482513964176,0.15634685289114714,6.911483094645694,1.0128072230145335,1,l_shipmode,FilterScan,Eq,AIR,41995307,5997233,7,293967149,"[FilterScan(col='l_shipmode', pred=PredicateEq(value='AIR'))]",cpu,PlainEncoding,7
string_tensor_query_processing | TPCH,"test_tpch_string_processing[op=FilterScan,col=l_shipmode,pred=Eq,val=AIR-device=cpu-encoding=CPlainEncoding-scale=7]","bench_test.py::TestStringColumnTensor::test_tpch_string_processing[op=FilterScan,col=l_shipmode,pred=Eq,val=AIR-device=cpu-encoding=CPlainEncoding-scale=7]","op=FilterScan,col=l_shipmode,pred=Eq,val=AIR-device=cpu-encoding=CPlainEncoding-scale=7",0.27474605571478605,0.27986839320510626,0.2772709673270583,0.0019170959600562031,5,0.2775420490652323,0.0025563400704413652,0.2758730130735785,0.27842935314401984,0,2,2;0,0.27474605571478605,0.27986839320510626,3.606580269258548,1.3863548366352916,1,l_shipmode,FilterScan,Eq,AIR,41995307,5997233,7,293967149,"[FilterScan(col='l_shipmode', pred=PredicateEq(value='AIR'))]",cpu,CPlainEncoding,7
string_tensor_query_processing | TPCH,"test_tpch_string_processing[op=FilterScan,col=l_shipmode,pred=Eq,val=AIR-device=cpu-encoding=DictionaryEncoding-scale=7]","bench_test.py::TestStringColumnTensor::test_tpch_string_processing[op=FilterScan,col=l_shipmode,pred=Eq,val=AIR-device=cpu-encoding=DictionaryEncoding-scale=7]","op=FilterScan,col=l_shipmode,pred=Eq,val=AIR-device=cpu-encoding=DictionaryEncoding-scale=7",0.031659288331866264,0.03349096421152353,0.03203775994479656,0.00035344764691817637,30,0.031934996135532856,0.0004377402365207672,0.03179019596427679,0.03222793620079756,1,3,3;1,0.031659288331866264,0.03349096421152353,31.213168514998372,0.9611327983438969,1,l_shipmode,FilterScan,Eq,AIR,41995307,5997233,8,335962456,"[FilterScan(col='l_shipmode', pred=PredicateEq(value='AIR'))]",cpu,DictionaryEncoding,7
string_tensor_query_processing | TPCH,"test_tpch_string_processing[op=FilterScan,col=l_shipmode,pred=Eq,val=AIR-device=cpu-encoding=CDictionaryEncoding-scale=7]","bench_test.py::TestStringColumnTensor::test_tpch_string_processing[op=FilterScan,col=l_shipmode,pred=Eq,val=AIR-device=cpu-encoding=CDictionaryEncoding-scale=7]","op=FilterScan,col=l_shipmode,pred=Eq,val=AIR-device=cpu-encoding=CDictionaryEncoding-scale=7",0.0318480059504509,0.0327612292021513,0.03223716339562088,0.00023117789804173988,32,0.03220826014876366,0.0002857120707631111,0.03208132414147258,0.03236703621223569,0,10,10;0,0.0318480059504509,0.0327612292021513,31.020098999648358,1.0315892286598682,1,l_shipmode,FilterScan,Eq,AIR,41995307,5997233,8,335962456,"[FilterScan(col='l_shipmode', pred=PredicateEq(value='AIR'))]",cpu,CDictionaryEncoding,7
string_tensor_query_processing | TPCH,"test_tpch_string_processing[op=FilterScan,col=l_shipmode,pred=Eq,val=AIR-device=cpu-encoding=PlainEncoding-scale=8]","bench_test.py::TestStringColumnTensor::test_tpch_string_processing[op=FilterScan,col=l_shipmode,pred=Eq,val=AIR-device=cpu-encoding=PlainEncoding-scale=8]","op=FilterScan,col=l_shipmode,pred=Eq,val=AIR-device=cpu-encoding=PlainEncoding-scale=8",0.16074272245168686,0.16270686965435743,0.16155566927045584,0.0006676090330468753,7,0.16137544345110655,0.0007843112107366323,0.1612206611316651,0.16200497234240174,0,2,2;0,0.16074272245168686,0.16270686965435743,6.189816826086913,1.1308896848931909,1,l_shipmode,FilterScan,Eq,AIR,47989007,6853099,7,335923049,"[FilterScan(col='l_shipmode', pred=PredicateEq(value='AIR'))]",cpu,PlainEncoding,8
string_tensor_query_processing | TPCH,"test_tpch_string_processing[op=FilterScan,col=l_shipmode,pred=Eq,val=AIR-device=cpu-encoding=CPlainEncoding-scale=8]","bench_test.py::TestStringColumnTensor::test_tpch_string_processing[op=FilterScan,col=l_shipmode,pred=Eq,val=AIR-device=cpu-encoding=CPlainEncoding-scale=8]","op=FilterScan,col=l_shipmode,pred=Eq,val=AIR-device=cpu-encoding=CPlainEncoding-scale=8",0.33684492763131857,0.3434039009734988,0.33930243346840144,0.002485648780349381,5,0.33864249754697084,0.00266412366181612,0.3378068571910262,0.34047098085284233,0,1,1;0,0.33684492763131857,0.3434039009734988,2.947223188993509,1.6965121673420072,1,l_shipmode,FilterScan,Eq,AIR,47989007,6853099,7,335923049,"[FilterScan(col='l_shipmode', pred=PredicateEq(value='AIR'))]",cpu,CPlainEncoding,8
string_tensor_query_processing | TPCH,"test_tpch_string_processing[op=FilterScan,col=l_shipmode,pred=Eq,val=AIR-device=cpu-encoding=DictionaryEncoding-scale=8]","bench_test.py::TestStringColumnTensor::test_tpch_string_processing[op=FilterScan,col=l_shipmode,pred=Eq,val=AIR-device=cpu-encoding=DictionaryEncoding-scale=8]","op=FilterScan,col=l_shipmode,pred=Eq,val=AIR-device=cpu-encoding=DictionaryEncoding-scale=8",0.036078231409192085,0.03696420323103666,0.03642587220695402,0.00022731750278681,28,0.036363433580845594,0.0002834075130522251,0.03629738790914416,0.03658079542219639,0,9,9;0,0.036078231409192085,0.03696420323103666,27.453014558402014,1.0199244217947125,1,l_shipmode,FilterScan,Eq,AIR,47989007,6853099,8,383912056,"[FilterScan(col='l_shipmode', pred=PredicateEq(value='AIR'))]",cpu,DictionaryEncoding,8
string_tensor_query_processing | TPCH,"test_tpch_string_processing[op=FilterScan,col=l_shipmode,pred=Eq,val=AIR-device=cpu-encoding=CDictionaryEncoding-scale=8]","bench_test.py::TestStringColumnTensor::test_tpch_string_processing[op=FilterScan,col=l_shipmode,pred=Eq,val=AIR-device=cpu-encoding=CDictionaryEncoding-scale=8]","op=FilterScan,col=l_shipmode,pred=Eq,val=AIR-device=cpu-encoding=CDictionaryEncoding-scale=8",0.036387079395353794,0.03998626582324505,0.03688634579469051,0.0006494704729920237,28,0.03683502320200205,0.00038768118247389793,0.036572414450347424,0.03696009563282132,1,1,1;1,0.036387079395353794,0.03998626582324505,27.110302700245846,1.0328176822513342,1,l_shipmode,FilterScan,Eq,AIR,47989007,6853099,8,383912056,"[FilterScan(col='l_shipmode', pred=PredicateEq(value='AIR'))]",cpu,CDictionaryEncoding,8
string_tensor_query_processing | TPCH,"test_tpch_string_processing[op=FilterScan,col=l_shipmode,pred=Eq,val=AIR-device=cpu-encoding=PlainEncoding-scale=9]","bench_test.py::TestStringColumnTensor::test_tpch_string_processing[op=FilterScan,col=l_shipmode,pred=Eq,val=AIR-device=cpu-encoding=PlainEncoding-scale=9]","op=FilterScan,col=l_shipmode,pred=Eq,val=AIR-device=cpu-encoding=PlainEncoding-scale=9",0.18455479014664888,0.18528532702475786,0.1848294079924623,0.0002683489500785185,6,0.18477178737521172,0.0003686584532260895,0.18461204878985882,0.1849807072430849,0,2,2;0,0.18455479014664888,0.18528532702475786,5.410394432691046,1.108976447954774,1,l_shipmode,FilterScan,Eq,AIR,53986608,7709685,7,377906256,"[FilterScan(col='l_shipmode', pred=PredicateEq(value='AIR'))]",cpu,PlainEncoding,9
string_tensor_query_processing | TPCH,"test_tpch_string_processing[op=FilterScan,col=l_shipmode,pred=Eq,val=AIR-device=cpu-encoding=CPlainEncoding-scale=9]","bench_test.py::TestStringColumnTensor::test_tpch_string_processing[op=FilterScan,col=l_shipmode,pred=Eq,val=AIR-device=cpu-encoding=CPlainEncoding-scale=9]","op=FilterScan,col=l_shipmode,pred=Eq,val=AIR-device=cpu-encoding=CPlainEncoding-scale=9",0.37706347182393074,0.37972066458314657,0.37855937276035545,0.001003259990501623,5,0.37841992545872927,0.0012529348023235798,0.3780688503757119,0.3793217851780355,0,2,2;0,0.37706347182393074,0.37972066458314657,2.641593556932068,1.8927968638017774,1,l_shipmode,FilterScan,Eq,AIR,53986608,7709685,7,377906256,"[FilterScan(col='l_shipmode', pred=PredicateEq(value='AIR'))]",cpu,CPlainEncoding,9
string_tensor_query_processing | TPCH,"test_tpch_string_processing[op=FilterScan,col=l_shipmode,pred=Eq,val=AIR-device=cpu-encoding=DictionaryEncoding-scale=9]","bench_test.py::TestStringColumnTensor::test_tpch_string_processing[op=FilterScan,col=l_shipmode,pred=Eq,val=AIR-device=cpu-encoding=DictionaryEncoding-scale=9]","op=FilterScan,col=l_shipmode,pred=Eq,val=AIR-device=cpu-encoding=DictionaryEncoding-scale=9",0.044411142356693745,0.04998547863215208,0.04527374774055636,0.0011897714865370082,23,0.04489588178694248,0.0005720478948205709,0.044720342149958014,0.045292390044778585,2,2,2;2,0.044411142356693745,0.04745590966194868,22.087855543361542,1.0412961980327964,1,l_shipmode,FilterScan,Eq,AIR,53986608,7709685,8,431892864,"[FilterScan(col='l_shipmode', pred=PredicateEq(value='AIR'))]",cpu,DictionaryEncoding,9
string_tensor_query_processing | TPCH,"test_tpch_string_processing[op=FilterScan,col=l_shipmode,pred=Eq,val=AIR-device=cpu-encoding=CDictionaryEncoding-scale=9]","bench_test.py::TestStringColumnTensor::test_tpch_string_processing[op=FilterScan,col=l_shipmode,pred=Eq,val=AIR-device=cpu-encoding=CDictionaryEncoding-scale=9]","op=FilterScan,col=l_shipmode,pred=Eq,val=AIR-device=cpu-encoding=CDictionaryEncoding-scale=9",0.044826680794358253,0.04792243521660566,0.045616625977510754,0.0007958032608015482,22,0.04539965279400349,0.0005483794957399368,0.04517218749970198,0.045720566995441914,2,2,2;2,0.044826680794358253,0.04776701983064413,21.921831756978374,1.0035657715052366,1,l_shipmode,FilterScan,Eq,AIR,53986608,7709685,8,431892864,"[FilterScan(col='l_shipmode', pred=PredicateEq(value='AIR'))]",cpu,CDictionaryEncoding,9
string_tensor_query_processing | TPCH,"test_tpch_string_processing[op=FilterScan,col=l_shipmode,pred=Eq,val=AIR-device=cpu-encoding=PlainEncoding-scale=10_0]","bench_test.py::TestStringColumnTensor::test_tpch_string_processing[op=FilterScan,col=l_shipmode,pred=Eq,val=AIR-device=cpu-encoding=PlainEncoding-scale=10_0]","op=FilterScan,col=l_shipmode,pred=Eq,val=AIR-device=cpu-encoding=PlainEncoding-scale=10_0",0.20501649286597967,0.2069387910887599,0.205689612403512,0.0007352103357006014,5,0.20553455594927073,0.0006816403474658728,0.20526292361319065,0.20594456396065652,0,1,1;0,0.20501649286597967,0.2069387910887599,4.861694221282542,1.02844806201756,1,l_shipmode,FilterScan,Eq,AIR,59986052,8566164,7,419902364,"[FilterScan(col='l_shipmode', pred=PredicateEq(value='AIR'))]",cpu,PlainEncoding,10
string_tensor_query_processing | TPCH,"test_tpch_string_processing[op=FilterScan,col=l_shipmode,pred=Eq,val=AIR-device=cpu-encoding=CPlainEncoding-scale=10_0]","bench_test.py::TestStringColumnTensor::test_tpch_string_processing[op=FilterScan,col=l_shipmode,pred=Eq,val=AIR-device=cpu-encoding=CPlainEncoding-scale=10_0]","op=FilterScan,col=l_shipmode,pred=Eq,val=AIR-device=cpu-encoding=CPlainEncoding-scale=10_0",0.4158317996188998,0.41850612312555313,0.4172113424167037,0.0011746011549554464,5,0.41735457722097635,0.0021370993927121162,0.416110270190984,0.4182473695836961,0,2,2;0,0.4158317996188998,0.41850612312555313,2.396866763514825,2.0860567120835185,1,l_shipmode,FilterScan,Eq,AIR,59986052,8566164,7,419902364,"[FilterScan(col='l_shipmode', pred=PredicateEq(value='AIR'))]",cpu,CPlainEncoding,10
string_tensor_query_processing | TPCH,"test_tpch_string_processing[op=FilterScan,col=l_shipmode,pred=Eq,val=AIR-device=cpu-encoding=DictionaryEncoding-scale=10_0]","bench_test.py::TestStringColumnTensor::test_tpch_string_processing[op=FilterScan,col=l_shipmode,pred=Eq,val=AIR-device=cpu-encoding=DictionaryEncoding-scale=10_0]","op=FilterScan,col=l_shipmode,pred=Eq,val=AIR-device=cpu-encoding=DictionaryEncoding-scale=10_0",0.04955351818352938,0.05134190246462822,0.0500394067771378,0.0004502654991620958,21,0.04997257422655821,0.0006011785008013248,0.0496559077873826,0.05025708628818393,1,3,3;1,0.04955351818352938,0.05134190246462822,19.984249702514138,1.0508275423198938,1,l_shipmode,FilterScan,Eq,AIR,59986052,8566164,8,479888416,"[FilterScan(col='l_shipmode', pred=PredicateEq(value='AIR'))]",cpu,DictionaryEncoding,10
string_tensor_query_processing | TPCH,"test_tpch_string_processing[op=FilterScan,col=l_shipmode,pred=Eq,val=AIR-device=cpu-encoding=CDictionaryEncoding-scale=10_0]","bench_test.py::TestStringColumnTensor::test_tpch_string_processing[op=FilterScan,col=l_shipmode,pred=Eq,val=AIR-device=cpu-encoding=CDictionaryEncoding-scale=10_0]","op=FilterScan,col=l_shipmode,pred=Eq,val=AIR-device=cpu-encoding=CDictionaryEncoding-scale=10_0",0.04968358017504215,0.051349060609936714,0.05013486215223869,0.0004000454726707335,21,0.04997605551034212,0.0005569038912653923,0.04983927053399384,0.05039617442525923,1,3,3;1,0.04968358017504215,0.051349060609936714,19.94620025010574,1.0528321051970124,1,l_shipmode,FilterScan,Eq,AIR,59986052,8566164,8,479888416,"[FilterScan(col='l_shipmode', pred=PredicateEq(value='AIR'))]",cpu,CDictionaryEncoding,10
string_tensor_query_processing | TPCH,"test_tpch_string_processing[op=FilterScan,col=l_shipmode,pred=Eq,val=AIR-device=cpu-encoding=PlainEncoding-scale=10_1]","bench_test.py::TestStringColumnTensor::test_tpch_string_processing[op=FilterScan,col=l_shipmode,pred=Eq,val=AIR-device=cpu-encoding=PlainEncoding-scale=10_1]","op=FilterScan,col=l_shipmode,pred=Eq,val=AIR-device=cpu-encoding=PlainEncoding-scale=10_1",0.2056477777659893,0.20619099959731102,0.20597496144473554,0.00019911187201306486,5,0.20600992627441883,0.0001645847223699093,0.20590734365396202,0.20607192837633193,1,2,2;1,0.2059938656166196,0.20619099959731102,4.85495903475776,1.0298748072236776,1,l_shipmode,FilterScan,Eq,AIR,59986052,8566164,7,419902364,"[FilterScan(col='l_shipmode', pred=PredicateEq(value='AIR'))]",cpu,PlainEncoding,10
string_tensor_query_processing | TPCH,"test_tpch_string_processing[op=FilterScan,col=l_shipmode,pred=Eq,val=AIR-device=cpu-encoding=CPlainEncoding-scale=10_1]","bench_test.py::TestStringColumnTensor::test_tpch_string_processing[op=FilterScan,col=l_shipmode,pred=Eq,val=AIR-device=cpu-encoding=CPlainEncoding-scale=10_1]","op=FilterScan,col=l_shipmode,pred=Eq,val=AIR-device=cpu-encoding=CPlainEncoding-scale=10_1",0.4176115011796355,0.42180515732616186,0.41973891351372006,0.0015876129276662168,5,0.41954272519797087,0.0022176476195454597,0.4187189524527639,0.4209366000723094,0,2,2;0,0.4176115011796355,0.42180515732616186,2.382433383716549,2.0986945675686,1,l_shipmode,FilterScan,Eq,AIR,59986052,8566164,7,419902364,"[FilterScan(col='l_shipmode', pred=PredicateEq(value='AIR'))]",cpu,CPlainEncoding,10
string_tensor_query_processing | TPCH,"test_tpch_string_processing[op=FilterScan,col=l_shipmode,pred=Eq,val=AIR-device=cpu-encoding=DictionaryEncoding-scale=10_1]","bench_test.py::TestStringColumnTensor::test_tpch_string_processing[op=FilterScan,col=l_shipmode,pred=Eq,val=AIR-device=cpu-encoding=DictionaryEncoding-scale=10_1]","op=FilterScan,col=l_shipmode,pred=Eq,val=AIR-device=cpu-encoding=DictionaryEncoding-scale=10_1",0.04933597147464752,0.05066200718283653,0.0499234019911715,0.0003929637061521971,21,0.049794429913163185,0.0005618261639028788,0.04964932752773166,0.050211153691634536,0,6,6;0,0.04933597147464752,0.05066200718283653,20.030686213588588,1.0483914418146014,1,l_shipmode,FilterScan,Eq,AIR,59986052,8566164,8,479888416,"[FilterScan(col='l_shipmode', pred=PredicateEq(value='AIR'))]",cpu,DictionaryEncoding,10
string_tensor_query_processing | TPCH,"test_tpch_string_processing[op=FilterScan,col=l_shipmode,pred=Eq,val=AIR-device=cpu-encoding=CDictionaryEncoding-scale=10_1]","bench_test.py::TestStringColumnTensor::test_tpch_string_processing[op=FilterScan,col=l_shipmode,pred=Eq,val=AIR-device=cpu-encoding=CDictionaryEncoding-scale=10_1]","op=FilterScan,col=l_shipmode,pred=Eq,val=AIR-device=cpu-encoding=CDictionaryEncoding-scale=10_1",0.04954200051724911,0.05137711297720671,0.0501500317117288,0.0004221453676149129,21,0.05014931410551071,0.0005406450945883989,0.0498244680929929,0.0503651131875813,1,5,5;1,0.04954200051724911,0.05137711297720671,19.940166852698635,1.0531506659463048,1,l_shipmode,FilterScan,Eq,AIR,59986052,8566164,8,479888416,"[FilterScan(col='l_shipmode', pred=PredicateEq(value='AIR'))]",cpu,CDictionaryEncoding,10
string_tensor_query_processing | TPCH,"test_tpch_string_processing[op=FilterScan,col=l_shipmode,pred=Eq,val=AIR-device=cpu-encoding=PlainEncoding-scale=20]","bench_test.py::TestStringColumnTensor::test_tpch_string_processing[op=FilterScan,col=l_shipmode,pred=Eq,val=AIR-device=cpu-encoding=PlainEncoding-scale=20]","op=FilterScan,col=l_shipmode,pred=Eq,val=AIR-device=cpu-encoding=PlainEncoding-scale=20",0.40772661566734314,0.41379390843212605,0.41022127252072094,0.0022383356925782306,5,0.4097828855738044,0.002376432064920664,0.4089279568288475,0.4113043888937682,0,2,2;0,0.40772661566734314,0.41379390843212605,2.437708785444539,2.051106362603605,1,l_shipmode,FilterScan,Eq,AIR,119994608,17143690,7,839962256,"[FilterScan(col='l_shipmode', pred=PredicateEq(value='AIR'))]",cpu,PlainEncoding,20
string_tensor_query_processing | TPCH,"test_tpch_string_processing[op=FilterScan,col=l_shipmode,pred=Eq,val=AIR-device=cpu-encoding=CPlainEncoding-scale=20]","bench_test.py::TestStringColumnTensor::test_tpch_string_processing[op=FilterScan,col=l_shipmode,pred=Eq,val=AIR-device=cpu-encoding=CPlainEncoding-scale=20]","op=FilterScan,col=l_shipmode,pred=Eq,val=AIR-device=cpu-encoding=CPlainEncoding-scale=20",0.8003204064443707,0.8225861834362149,0.807910542562604,0.008878081963205692,5,0.8047027317807078,0.010815206682309508,0.8019344920758158,0.8127496987581253,0,1,1;0,0.8003204064443707,0.8225861834362149,1.2377608006303635,4.03955271281302,1,l_shipmode,FilterScan,Eq,AIR,119994608,17143690,7,839962256,"[FilterScan(col='l_shipmode', pred=PredicateEq(value='AIR'))]",cpu,CPlainEncoding,20
string_tensor_query_processing | TPCH,"test_tpch_string_processing[op=FilterScan,col=l_shipmode,pred=Eq,val=AIR-device=cpu-encoding=DictionaryEncoding-scale=20]","bench_test.py::TestStringColumnTensor::test_tpch_string_processing[op=FilterScan,col=l_shipmode,pred=Eq,val=AIR-device=cpu-encoding=DictionaryEncoding-scale=20]","op=FilterScan,col=l_shipmode,pred=Eq,val=AIR-device=cpu-encoding=DictionaryEncoding-scale=20",0.09628070704638958,0.09716912172734737,0.09679590631276369,0.00030563394775030096,11,0.09688334073871374,0.0005270028486847878,0.09654189203865826,0.09706889488734305,0,4,4;0,0.09628070704638958,0.09716912172734737,10.331015412664597,1.0647549694404006,1,l_shipmode,FilterScan,Eq,AIR,119994608,17143690,8,959956864,"[FilterScan(col='l_shipmode', pred=PredicateEq(value='AIR'))]",cpu,DictionaryEncoding,20
string_tensor_query_processing | TPCH,"test_tpch_string_processing[op=FilterScan,col=l_shipmode,pred=Eq,val=AIR-device=cpu-encoding=CDictionaryEncoding-scale=20]","bench_test.py::TestStringColumnTensor::test_tpch_string_processing[op=FilterScan,col=l_shipmode,pred=Eq,val=AIR-device=cpu-encoding=CDictionaryEncoding-scale=20]","op=FilterScan,col=l_shipmode,pred=Eq,val=AIR-device=cpu-encoding=CDictionaryEncoding-scale=20",0.09623161423951387,0.10949315596371889,0.09845206497067754,0.00381550011958627,11,0.09708939120173454,0.002181213116273284,0.09658803255297244,0.09876924566924572,1,1,1;1,0.09623161423951387,0.10949315596371889,10.157227279060473,1.082972714677453,1,l_shipmode,FilterScan,Eq,AIR,119994608,17143690,8,959956864,"[FilterScan(col='l_shipmode', pred=PredicateEq(value='AIR'))]",cpu,CDictionaryEncoding,20
string_tensor_query_processing | TPCH,"test_tpch_string_processing[op=FilterScan,col=l_shipmode,pred=Eq,val=AIR-device=cpu-encoding=PlainEncoding-scale=30]","bench_test.py::TestStringColumnTensor::test_tpch_string_processing[op=FilterScan,col=l_shipmode,pred=Eq,val=AIR-device=cpu-encoding=PlainEncoding-scale=30]","op=FilterScan,col=l_shipmode,pred=Eq,val=AIR-device=cpu-encoding=PlainEncoding-scale=30",0.6147591238841414,0.6192763149738312,0.6169470395892859,0.0020490190458854044,5,0.6161736780777574,0.0036800953093916178,0.615361662581563,0.6190417578909546,0,2,2;0,0.6147591238841414,0.6192763149738312,1.6208846721522812,3.0847351979464293,1,l_shipmode,FilterScan,Eq,AIR,179998372,25713820,7,1259988604,"[FilterScan(col='l_shipmode', pred=PredicateEq(value='AIR'))]",cpu,PlainEncoding,30
string_tensor_query_processing | TPCH,"test_tpch_string_processing[op=FilterScan,col=l_shipmode,pred=Eq,val=AIR-device=cpu-encoding=CPlainEncoding-scale=30]","bench_test.py::TestStringColumnTensor::test_tpch_string_processing[op=FilterScan,col=l_shipmode,pred=Eq,val=AIR-device=cpu-encoding=CPlainEncoding-scale=30]","op=FilterScan,col=l_shipmode,pred=Eq,val=AIR-device=cpu-encoding=CPlainEncoding-scale=30",1.1752937259152532,1.1887952042743564,1.1807491013780236,0.006356028666988606,5,1.177095154300332,0.011110117891803384,1.1759165907278657,1.187026708619669,0,1,1;0,1.1752937259152532,1.1887952042743564,0.8469199754909187,5.903745506890118,1,l_shipmode,FilterScan,Eq,AIR,179998372,25713820,7,1259988604,"[FilterScan(col='l_shipmode', pred=PredicateEq(value='AIR'))]",cpu,CPlainEncoding,30
string_tensor_query_processing | TPCH,"test_tpch_string_processing[op=FilterScan,col=l_shipmode,pred=Eq,val=AIR-device=cpu-encoding=DictionaryEncoding-scale=30]","bench_test.py::TestStringColumnTensor::test_tpch_string_processing[op=FilterScan,col=l_shipmode,pred=Eq,val=AIR-device=cpu-encoding=DictionaryEncoding-scale=30]","op=FilterScan,col=l_shipmode,pred=Eq,val=AIR-device=cpu-encoding=DictionaryEncoding-scale=30",0.14172734133899212,0.14501961693167686,0.14257837238255888,0.0010805932346452096,8,0.1421947730705142,0.0008902833797037601,0.14192747697234154,0.1428177603520453,1,1,1;1,0.14172734133899212,0.14501961693167686,7.013686460923063,1.140626979060471,1,l_shipmode,FilterScan,Eq,AIR,179998372,25713820,8,1439986976,"[FilterScan(col='l_shipmode', pred=PredicateEq(value='AIR'))]",cpu,DictionaryEncoding,30
string_tensor_query_processing | TPCH,"test_tpch_string_processing[op=FilterScan,col=l_shipmode,pred=Eq,val=AIR-device=cpu-encoding=CDictionaryEncoding-scale=30]","bench_test.py::TestStringColumnTensor::test_tpch_string_processing[op=FilterScan,col=l_shipmode,pred=Eq,val=AIR-device=cpu-encoding=CDictionaryEncoding-scale=30]","op=FilterScan,col=l_shipmode,pred=Eq,val=AIR-device=cpu-encoding=CDictionaryEncoding-scale=30",0.1410547662526369,0.14538344740867615,0.14277270587626845,0.0013292725464695927,8,0.1428167880512774,0.0014572665095329285,0.14179883105680346,0.1432560975663364,0,2,2;0,0.1410547662526369,0.14538344740867615,7.004139858963191,1.1421816470101476,1,l_shipmode,FilterScan,Eq,AIR,179998372,25713820,8,1439986976,"[FilterScan(col='l_shipmode', pred=PredicateEq(value='AIR'))]",cpu,CDictionaryEncoding,30
string_tensor_query_processing | TPCH,"test_tpch_string_processing[op=FilterScan,col=l_shipmode,pred=Eq,val=AIR-device=cpu-encoding=PlainEncoding-scale=40]","bench_test.py::TestStringColumnTensor::test_tpch_string_processing[op=FilterScan,col=l_shipmode,pred=Eq,val=AIR-device=cpu-encoding=PlainEncoding-scale=40]","op=FilterScan,col=l_shipmode,pred=Eq,val=AIR-device=cpu-encoding=PlainEncoding-scale=40",0.8217980498448014,0.8337731817737222,0.8263358497992158,0.004857020551383691,5,0.8265456780791283,0.006902279099449515,0.8220811416395009,0.8289834207389504,0,1,1;0,0.8217980498448014,0.8337731817737222,1.2101617039161272,4.131679248996079,1,l_shipmode,FilterScan,Eq,AIR,240012290,34289827,7,1680086030,"[FilterScan(col='l_shipmode', pred=PredicateEq(value='AIR'))]",cpu,PlainEncoding,40
string_tensor_query_processing | TPCH,"test_tpch_string_processing[op=FilterScan,col=l_shipmode,pred=Eq,val=AIR-device=cpu-encoding=CPlainEncoding-scale=40]","bench_test.py::TestStringColumnTensor::test_tpch_string_processing[op=FilterScan,col=l_shipmode,pred=Eq,val=AIR-device=cpu-encoding=CPlainEncoding-scale=40]","op=FilterScan,col=l_shipmode,pred=Eq,val=AIR-device=cpu-encoding=CPlainEncoding-scale=40",1.5998839577659965,1.643020037561655,1.6192944889888168,0.016918657933611435,5,1.6221569795161486,0.024667790392413735,1.604808405507356,1.6294761958997697,0,2,2;0,1.5998839577659965,1.643020037561655,0.6175528952886508,8.096472444944084,1,l_shipmode,FilterScan,Eq,AIR,240012290,34289827,7,1680086030,"[FilterScan(col='l_shipmode', pred=PredicateEq(value='AIR'))]",cpu,CPlainEncoding,40
string_tensor_query_processing | TPCH,"test_tpch_string_processing[op=FilterScan,col=l_shipmode,pred=Eq,val=AIR-device=cpu-encoding=DictionaryEncoding-scale=40]","bench_test.py::TestStringColumnTensor::test_tpch_string_processing[op=FilterScan,col=l_shipmode,pred=Eq,val=AIR-device=cpu-encoding=DictionaryEncoding-scale=40]","op=FilterScan,col=l_shipmode,pred=Eq,val=AIR-device=cpu-encoding=DictionaryEncoding-scale=40",0.1925804279744625,0.20142239518463612,0.1975504683330655,0.003314641880768648,5,0.19835030566900969,0.004214567132294178,0.19541777414269745,0.19963234127499163,0,2,2;0,0.1925804279744625,0.20142239518463612,5.061997617307711,0.9877523416653275,1,l_shipmode,FilterScan,Eq,AIR,240012290,34289827,8,1920098320,"[FilterScan(col='l_shipmode', pred=PredicateEq(value='AIR'))]",cpu,DictionaryEncoding,40
string_tensor_query_processing | TPCH,"test_tpch_string_processing[op=FilterScan,col=l_shipmode,pred=Eq,val=AIR-device=cpu-encoding=CDictionaryEncoding-scale=40]","bench_test.py::TestStringColumnTensor::test_tpch_string_processing[op=FilterScan,col=l_shipmode,pred=Eq,val=AIR-device=cpu-encoding=CDictionaryEncoding-scale=40]","op=FilterScan,col=l_shipmode,pred=Eq,val=AIR-device=cpu-encoding=CDictionaryEncoding-scale=40",0.1793895997107029,0.18783731944859028,0.1826453610944251,0.0034899274323644688,6,0.1817926550284028,0.006219620816409588,0.17942015826702118,0.18563977908343077,0,1,1;0,0.1793895997107029,0.18783731944859028,5.475091149361378,1.0958721665665507,1,l_shipmode,FilterScan,Eq,AIR,240012290,34289827,8,1920098320,"[FilterScan(col='l_shipmode', pred=PredicateEq(value='AIR'))]",cpu,CDictionaryEncoding,40
string_tensor_query_processing | TPCH,"test_tpch_string_processing[op=FilterScan,col=l_shipmode,pred=Eq,val=AIR-device=cpu-encoding=PlainEncoding-scale=50]","bench_test.py::TestStringColumnTensor::test_tpch_string_processing[op=FilterScan,col=l_shipmode,pred=Eq,val=AIR-device=cpu-encoding=PlainEncoding-scale=50]","op=FilterScan,col=l_shipmode,pred=Eq,val=AIR-device=cpu-encoding=PlainEncoding-scale=50",1.039051491767168,1.0803047670051455,1.0532137218862772,0.01606739389565395,5,1.0474353302270174,0.016953848768025637,1.043671490624547,1.0606253393925726,0,1,1;0,1.039051491767168,1.0803047670051455,0.9494749063931935,5.266068609431386,1,l_shipmode,FilterScan,Eq,AIR,300005811,42860070,7,2100040677,"[FilterScan(col='l_shipmode', pred=PredicateEq(value='AIR'))]",cpu,PlainEncoding,50
string_tensor_query_processing | TPCH,"test_tpch_string_processing[op=FilterScan,col=l_shipmode,pred=Eq,val=AIR-device=cpu-encoding=CPlainEncoding-scale=50]","bench_test.py::TestStringColumnTensor::test_tpch_string_processing[op=FilterScan,col=l_shipmode,pred=Eq,val=AIR-device=cpu-encoding=CPlainEncoding-scale=50]","op=FilterScan,col=l_shipmode,pred=Eq,val=AIR-device=cpu-encoding=CPlainEncoding-scale=50",2.0867490600794554,2.1183833135291934,2.1009011244401337,0.013259306373115556,5,2.096155467443168,0.02189182350412011,2.09090230287984,2.1127941263839602,0,2,2;0,2.0867490600794554,2.1183833135291934,0.47598622722737066,10.504505622200668,1,l_shipmode,FilterScan,Eq,AIR,300005811,42860070,7,2100040677,"[FilterScan(col='l_shipmode', pred=PredicateEq(value='AIR'))]",cpu,CPlainEncoding,50
string_tensor_query_processing | TPCH,"test_tpch_string_processing[op=FilterScan,col=l_shipmode,pred=Eq,val=AIR-device=cpu-encoding=DictionaryEncoding-scale=50]","bench_test.py::TestStringColumnTensor::test_tpch_string_processing[op=FilterScan,col=l_shipmode,pred=Eq,val=AIR-device=cpu-encoding=DictionaryEncoding-scale=50]","op=FilterScan,col=l_shipmode,pred=Eq,val=AIR-device=cpu-encoding=DictionaryEncoding-scale=50",0.22769370768219233,0.23848492093384266,0.23095208052545785,0.004394536299154212,5,0.2299673594534397,0.004683881299570203,0.22791079338639975,0.23259467468596995,0,1,1;0,0.22769370768219233,0.23848492093384266,4.329902539629947,1.1547604026272893,1,l_shipmode,FilterScan,Eq,AIR,300005811,42860070,8,2400046488,"[FilterScan(col='l_shipmode', pred=PredicateEq(value='AIR'))]",cpu,DictionaryEncoding,50
string_tensor_query_processing | TPCH,"test_tpch_string_processing[op=FilterScan,col=l_shipmode,pred=Eq,val=AIR-device=cpu-encoding=CDictionaryEncoding-scale=50]","bench_test.py::TestStringColumnTensor::test_tpch_string_processing[op=FilterScan,col=l_shipmode,pred=Eq,val=AIR-device=cpu-encoding=CDictionaryEncoding-scale=50]","op=FilterScan,col=l_shipmode,pred=Eq,val=AIR-device=cpu-encoding=CDictionaryEncoding-scale=50",0.24220144841820002,0.26165706384927034,0.24680730383843183,0.0083376256881911,5,0.2433006949722767,0.006093011470511556,0.24251480028033257,0.24860781175084412,1,1,1;1,0.24220144841820002,0.26165706384927034,4.05174394941988,1.2340365191921592,1,l_shipmode,FilterScan,Eq,AIR,300005811,42860070,8,2400046488,"[FilterScan(col='l_shipmode', pred=PredicateEq(value='AIR'))]",cpu,CDictionaryEncoding,50
string_tensor_query_processing | TPCH,"test_tpch_string_processing[op=FilterScan,col=l_shipmode,pred=Eq,val=AIR-device=cpu-encoding=PlainEncoding-scale=60]","bench_test.py::TestStringColumnTensor::test_tpch_string_processing[op=FilterScan,col=l_shipmode,pred=Eq,val=AIR-device=cpu-encoding=PlainEncoding-scale=60]","op=FilterScan,col=l_shipmode,pred=Eq,val=AIR-device=cpu-encoding=PlainEncoding-scale=60",1.2789637064561248,1.3044242728501558,1.286348944529891,0.0104538394644114,5,1.2828583158552647,0.010836448986083269,1.2795671832282096,1.2904036322142929,0,1,1;0,1.2789637064561248,1.3044242728501558,0.7773940377938895,6.431744722649455,1,l_shipmode,FilterScan,Eq,AIR,360011594,51432481,7,2520081158,"[FilterScan(col='l_shipmode', pred=PredicateEq(value='AIR'))]",cpu,PlainEncoding,60
string_tensor_query_processing | TPCH,"test_tpch_string_processing[op=FilterScan,col=l_shipmode,pred=Eq,val=AIR-device=cpu-encoding=CPlainEncoding-scale=60]","bench_test.py::TestStringColumnTensor::test_tpch_string_processing[op=FilterScan,col=l_shipmode,pred=Eq,val=AIR-device=cpu-encoding=CPlainEncoding-scale=60]","op=FilterScan,col=l_shipmode,pred=Eq,val=AIR-device=cpu-encoding=CPlainEncoding-scale=60",2.529612368904054,2.5534365717321634,2.537414745427668,0.00950791566150965,5,2.5343796145170927,0.010859839851036668,2.531068137148395,2.541927976999432,0,1,1;0,2.529612368904054,2.5534365717321634,0.3941019109319691,12.68707372713834,1,l_shipmode,FilterScan,Eq,AIR,360011594,51432481,7,2520081158,"[FilterScan(col='l_shipmode', pred=PredicateEq(value='AIR'))]",cpu,CPlainEncoding,60
string_tensor_query_processing | TPCH,"test_tpch_string_processing[op=FilterScan,col=l_shipmode,pred=Eq,val=AIR-device=cpu-encoding=DictionaryEncoding-scale=60]","bench_test.py::TestStringColumnTensor::test_tpch_string_processing[op=FilterScan,col=l_shipmode,pred=Eq,val=AIR-device=cpu-encoding=DictionaryEncoding-scale=60]","op=FilterScan,col=l_shipmode,pred=Eq,val=AIR-device=cpu-encoding=DictionaryEncoding-scale=60",0.28962348494678736,0.31333304941654205,0.30203654170036315,0.010050306639464978,5,0.30309689324349165,0.017604949651286006,0.2931155723053962,0.3107205219566822,0,2,2;0,0.28962348494678736,0.31333304941654205,3.3108576676528596,1.5101827085018158,1,l_shipmode,FilterScan,Eq,AIR,360011594,51432481,8,2880092752,"[FilterScan(col='l_shipmode', pred=PredicateEq(value='AIR'))]",cpu,DictionaryEncoding,60
string_tensor_query_processing | TPCH,"test_tpch_string_processing[op=FilterScan,col=l_shipmode,pred=Eq,val=AIR-device=cpu-encoding=CDictionaryEncoding-scale=60]","bench_test.py::TestStringColumnTensor::test_tpch_string_processing[op=FilterScan,col=l_shipmode,pred=Eq,val=AIR-device=cpu-encoding=CDictionaryEncoding-scale=60]","op=FilterScan,col=l_shipmode,pred=Eq,val=AIR-device=cpu-encoding=CDictionaryEncoding-scale=60",0.28988407272845507,0.30826637614518404,0.29832526575773954,0.008667055083079083,5,0.29694031458348036,0.016617458779364824,0.2901609137188643,0.30677837249822915,0,1,1;0,0.28988407272845507,0.30826637614518404,3.3520459538015404,1.4916263287886977,1,l_shipmode,FilterScan,Eq,AIR,360011594,51432481,8,2880092752,"[FilterScan(col='l_shipmode', pred=PredicateEq(value='AIR'))]",cpu,CDictionaryEncoding,60
string_tensor_query_processing | TPCH,"test_tpch_string_processing[op=FilterScan,col=l_shipmode,pred=Eq,val=AIR-device=cpu-encoding=PlainEncoding-scale=70]","bench_test.py::TestStringColumnTensor::test_tpch_string_processing[op=FilterScan,col=l_shipmode,pred=Eq,val=AIR-device=cpu-encoding=PlainEncoding-scale=70]","op=FilterScan,col=l_shipmode,pred=Eq,val=AIR-device=cpu-encoding=PlainEncoding-scale=70",1.469194463454187,1.534958640113473,1.4994809670373797,0.02741669785905323,5,1.5072736497968435,0.04421632154844701,1.4731527578551322,1.5173690794035792,0,2,2;0,1.469194463454187,1.534958640113473,0.6668974278318209,7.497404835186899,1,l_shipmode,FilterScan,Eq,AIR,420017438,60005955,7,2940122066,"[FilterScan(col='l_shipmode', pred=PredicateEq(value='AIR'))]",cpu,PlainEncoding,70
string_tensor_query_processing | TPCH,"test_tpch_string_processing[op=FilterScan,col=l_shipmode,pred=Eq,val=AIR-device=cpu-encoding=CPlainEncoding-scale=70]","bench_test.py::TestStringColumnTensor::test_tpch_string_processing[op=FilterScan,col=l_shipmode,pred=Eq,val=AIR-device=cpu-encoding=CPlainEncoding-scale=70]","op=FilterScan,col=l_shipmode,pred=Eq,val=AIR-device=cpu-encoding=CPlainEncoding-scale=70",2.8997527733445168,3.0007241163402796,2.9432242276147007,0.04214673381204522,5,2.9517676066607237,0.06742527126334608,2.9028007162269205,2.9702259874902666,0,2,2;0,2.8997527733445168,3.0007241163402796,0.3397634439868815,14.716121138073504,1,l_shipmode,FilterScan,Eq,AIR,420017438,60005955,7,2940122066,"[FilterScan(col='l_shipmode', pred=PredicateEq(value='AIR'))]",cpu,CPlainEncoding,70
string_tensor_query_processing | TPCH,"test_tpch_string_processing[op=FilterScan,col=l_shipmode,pred=Eq,val=AIR-device=cpu-encoding=DictionaryEncoding-scale=70]","bench_test.py::TestStringColumnTensor::test_tpch_string_processing[op=FilterScan,col=l_shipmode,pred=Eq,val=AIR-device=cpu-encoding=DictionaryEncoding-scale=70]","op=FilterScan,col=l_shipmode,pred=Eq,val=AIR-device=cpu-encoding=DictionaryEncoding-scale=70",0.32906562369316816,0.35033734515309334,0.33749908190220596,0.008472911797223774,5,0.33649829775094986,0.012387170223519206,0.33057958958670497,0.3429667598102242,0,1,1;0,0.32906562369316816,0.35033734515309334,2.9629710231026967,1.6874954095110297,1,l_shipmode,FilterScan,Eq,AIR,420017438,60005955,8,3360139504,"[FilterScan(col='l_shipmode', pred=PredicateEq(value='AIR'))]",cpu,DictionaryEncoding,70
string_tensor_query_processing | TPCH,"test_tpch_string_processing[op=FilterScan,col=l_shipmode,pred=Eq,val=AIR-device=cpu-encoding=CDictionaryEncoding-scale=70]","bench_test.py::TestStringColumnTensor::test_tpch_string_processing[op=FilterScan,col=l_shipmode,pred=Eq,val=AIR-device=cpu-encoding=CDictionaryEncoding-scale=70]","op=FilterScan,col=l_shipmode,pred=Eq,val=AIR-device=cpu-encoding=CDictionaryEncoding-scale=70",0.3212982341647148,0.32234341744333506,0.32170388791710136,0.00045354211693851256,5,0.3214889960363507,0.0007390524260699749,0.3213564772158861,0.3220955296419561,0,1,1;0,0.3212982341647148,0.32234341744333506,3.1084485999674523,1.608519439585507,1,l_shipmode,FilterScan,Eq,AIR,420017438,60005955,8,3360139504,"[FilterScan(col='l_shipmode', pred=PredicateEq(value='AIR'))]",cpu,CDictionaryEncoding,70
string_tensor_query_processing | TPCH,"test_tpch_string_processing[op=FilterScan,col=l_shipmode,pred=Eq,val=AIR-device=cpu-encoding=PlainEncoding-scale=80]","bench_test.py::TestStringColumnTensor::test_tpch_string_processing[op=FilterScan,col=l_shipmode,pred=Eq,val=AIR-device=cpu-encoding=PlainEncoding-scale=80]","op=FilterScan,col=l_shipmode,pred=Eq,val=AIR-device=cpu-encoding=PlainEncoding-scale=80",1.6871031122282147,1.732812561094761,1.7051470415666699,0.01934212253095243,5,1.6959866294637322,0.03044506022706628,1.6909542684443295,1.7213993286713958,0,1,1;0,1.6871031122282147,1.732812561094761,0.5864596868321756,8.52573520783335,1,l_shipmode,FilterScan,Eq,AIR,480025129,68580321,7,3360175903,"[FilterScan(col='l_shipmode', pred=PredicateEq(value='AIR'))]",cpu,PlainEncoding,80
string_tensor_query_processing | TPCH,"test_tpch_string_processing[op=FilterScan,col=l_shipmode,pred=Eq,val=AIR-device=cpu-encoding=CPlainEncoding-scale=80]","bench_test.py::TestStringColumnTensor::test_tpch_string_processing[op=FilterScan,col=l_shipmode,pred=Eq,val=AIR-device=cpu-encoding=CPlainEncoding-scale=80]","op=FilterScan,col=l_shipmode,pred=Eq,val=AIR-device=cpu-encoding=CPlainEncoding-scale=80",3.3369791340082884,3.391504599712789,3.354019810818136,0.02231431142994058,5,3.347425184212625,0.026914062909781933,3.33792473631911,3.3648387992288917,0,1,1;0,3.3369791340082884,3.391504599712789,0.29814969988387546,16.77009905409068,1,l_shipmode,FilterScan,Eq,AIR,480025129,68580321,7,3360175903,"[FilterScan(col='l_shipmode', pred=PredicateEq(value='AIR'))]",cpu,CPlainEncoding,80
string_tensor_query_processing | TPCH,"test_tpch_string_processing[op=FilterScan,col=l_shipmode,pred=Eq,val=AIR-device=cpu-encoding=DictionaryEncoding-scale=80]","bench_test.py::TestStringColumnTensor::test_tpch_string_processing[op=FilterScan,col=l_shipmode,pred=Eq,val=AIR-device=cpu-encoding=DictionaryEncoding-scale=80]","op=FilterScan,col=l_shipmode,pred=Eq,val=AIR-device=cpu-encoding=DictionaryEncoding-scale=80",0.27974187210202217,0.4336496787145734,0.3122499495744705,0.0679359484180127,5,0.28060725424438715,0.043939232593402267,0.279923431109637,0.3238626637030393,1,1,1;1,0.27974187210202217,0.4336496787145734,3.2025625668243816,1.5612497478723526,1,l_shipmode,FilterScan,Eq,AIR,480025129,68580321,8,3840201032,"[FilterScan(col='l_shipmode', pred=PredicateEq(value='AIR'))]",cpu,DictionaryEncoding,80
string_tensor_query_processing | TPCH,"test_tpch_string_processing[op=FilterScan,col=l_shipmode,pred=Eq,val=AIR-device=cpu-encoding=CDictionaryEncoding-scale=80]","bench_test.py::TestStringColumnTensor::test_tpch_string_processing[op=FilterScan,col=l_shipmode,pred=Eq,val=AIR-device=cpu-encoding=CDictionaryEncoding-scale=80]","op=FilterScan,col=l_shipmode,pred=Eq,val=AIR-device=cpu-encoding=CDictionaryEncoding-scale=80",0.2991958511993289,0.30118244886398315,0.3003670768812299,0.0007392358074864967,5,0.3003690466284752,0.0008088808972388506,0.3000508612021804,0.30085974209941924,0,2,2;0,0.2991958511993289,0.30118244886398315,3.32925968579245,1.5018353844061494,1,l_shipmode,FilterScan,Eq,AIR,480025129,68580321,8,3840201032,"[FilterScan(col='l_shipmode', pred=PredicateEq(value='AIR'))]",cpu,CDictionaryEncoding,80
string_tensor_query_processing | TPCH,"test_tpch_string_processing[op=FilterScan,col=l_shipmode,pred=Eq,val=AIR-device=cpu-encoding=PlainEncoding-scale=90]","bench_test.py::TestStringColumnTensor::test_tpch_string_processing[op=FilterScan,col=l_shipmode,pred=Eq,val=AIR-device=cpu-encoding=PlainEncoding-scale=90]","op=FilterScan,col=l_shipmode,pred=Eq,val=AIR-device=cpu-encoding=PlainEncoding-scale=90",1.449773478321731,1.4948275042697787,1.473357066884637,0.016919961536975756,5,1.4736289773136377,0.023179118055850267,1.4621938292402774,1.4853729472961277,0,2,2;0,1.449773478321731,1.4948275042697787,0.6787220983128454,7.366785334423184,1,l_shipmode,FilterScan,Eq,AIR,540030432,77156646,7,3780213024,"[FilterScan(col='l_shipmode', pred=PredicateEq(value='AIR'))]",cpu,PlainEncoding,90
string_tensor_query_processing | TPCH,"test_tpch_string_processing[op=FilterScan,col=l_shipmode,pred=Eq,val=AIR-device=cpu-encoding=CPlainEncoding-scale=90]","bench_test.py::TestStringColumnTensor::test_tpch_string_processing[op=FilterScan,col=l_shipmode,pred=Eq,val=AIR-device=cpu-encoding=CPlainEncoding-scale=90]","op=FilterScan,col=l_shipmode,pred=Eq,val=AIR-device=cpu-encoding=CPlainEncoding-scale=90",2.523777303285897,2.563286949880421,2.537051204033196,0.01697379772263971,5,2.529570703394711,0.025500038638710976,2.523865911178291,2.549365949817002,0,1,1;0,2.523777303285897,2.563286949880421,0.39415838293302163,12.68525602016598,1,l_shipmode,FilterScan,Eq,AIR,540030432,77156646,7,3780213024,"[FilterScan(col='l_shipmode', pred=PredicateEq(value='AIR'))]",cpu,CPlainEncoding,90
string_tensor_query_processing | TPCH,"test_tpch_string_processing[op=FilterScan,col=l_shipmode,pred=Eq,val=AIR-device=cpu-encoding=DictionaryEncoding-scale=90]","bench_test.py::TestStringColumnTensor::test_tpch_string_processing[op=FilterScan,col=l_shipmode,pred=Eq,val=AIR-device=cpu-encoding=DictionaryEncoding-scale=90]","op=FilterScan,col=l_shipmode,pred=Eq,val=AIR-device=cpu-encoding=DictionaryEncoding-scale=90",0.34424189291894436,0.36830180510878563,0.35724897105246783,0.011307227675843029,5,0.36318866442888975,0.020119864493608475,0.3454502148088068,0.36557007930241525,0,2,2;0,0.34424189291894436,0.36830180510878563,2.7991683140583032,1.7862448552623391,1,l_shipmode,FilterScan,Eq,AIR,540030432,77156646,8,4320243456,"[FilterScan(col='l_shipmode', pred=PredicateEq(value='AIR'))]",cpu,DictionaryEncoding,90
string_tensor_query_processing | TPCH,"test_tpch_string_processing[op=FilterScan,col=l_shipmode,pred=Eq,val=AIR-device=cpu-encoding=CDictionaryEncoding-scale=90]","bench_test.py::TestStringColumnTensor::test_tpch_string_processing[op=FilterScan,col=l_shipmode,pred=Eq,val=AIR-device=cpu-encoding=CDictionaryEncoding-scale=90]","op=FilterScan,col=l_shipmode,pred=Eq,val=AIR-device=cpu-encoding=CDictionaryEncoding-scale=90",0.3237534752115607,0.32798870000988245,0.32527105007320645,0.0016212460872845032,5,0.3247341252863407,0.001655919710174203,0.3243444182444364,0.3260003379546106,0,1,1;0,0.3237534752115607,0.32798870000988245,3.0743590607738907,1.6263552503660321,1,l_shipmode,FilterScan,Eq,AIR,540030432,77156646,8,4320243456,"[FilterScan(col='l_shipmode', pred=PredicateEq(value='AIR'))]",cpu,CDictionaryEncoding,90
string_tensor_query_processing | TPCH,"test_tpch_string_processing[op=FilterScan,col=l_shipmode,pred=Eq,val=AIR-device=cpu-encoding=PlainEncoding-scale=100]","bench_test.py::TestStringColumnTensor::test_tpch_string_processing[op=FilterScan,col=l_shipmode,pred=Eq,val=AIR-device=cpu-encoding=PlainEncoding-scale=100]","op=FilterScan,col=l_shipmode,pred=Eq,val=AIR-device=cpu-encoding=PlainEncoding-scale=100",1.6040840288624167,1.6863554129377007,1.636914562061429,0.044032545704761596,5,1.6060823295265436,0.08039378747344017,1.604127176105976,1.6845209635794163,0,2,2;0,1.6040840288624167,1.6863554129377007,0.6109054334153285,8.184572810307145,1,l_shipmode,FilterScan,Eq,AIR,600037902,85729153,7,4200265314,"[FilterScan(col='l_shipmode', pred=PredicateEq(value='AIR'))]",cpu,PlainEncoding,100
string_tensor_query_processing | TPCH,"test_tpch_string_processing[op=FilterScan,col=l_shipmode,pred=Eq,val=AIR-device=cpu-encoding=CPlainEncoding-scale=100]","bench_test.py::TestStringColumnTensor::test_tpch_string_processing[op=FilterScan,col=l_shipmode,pred=Eq,val=AIR-device=cpu-encoding=CPlainEncoding-scale=100]","op=FilterScan,col=l_shipmode,pred=Eq,val=AIR-device=cpu-encoding=CPlainEncoding-scale=100",2.8002783292904496,2.8646544264629483,2.828070824407041,0.026260042982703385,5,2.827976713888347,0.042285007424652576,2.804765835404396,2.8470508428290486,0,2,2;0,2.8002783292904496,2.8646544264629483,0.3535979337468216,14.140354122035205,1,l_shipmode,FilterScan,Eq,AIR,600037902,85729153,7,4200265314,"[FilterScan(col='l_shipmode', pred=PredicateEq(value='AIR'))]",cpu,CPlainEncoding,100
string_tensor_query_processing | TPCH,"test_tpch_string_processing[op=FilterScan,col=l_shipmode,pred=Eq,val=AIR-device=cpu-encoding=DictionaryEncoding-scale=100]","bench_test.py::TestStringColumnTensor::test_tpch_string_processing[op=FilterScan,col=l_shipmode,pred=Eq,val=AIR-device=cpu-encoding=DictionaryEncoding-scale=100]","op=FilterScan,col=l_shipmode,pred=Eq,val=AIR-device=cpu-encoding=DictionaryEncoding-scale=100",0.37630296871066093,0.4047697214409709,0.3924108738079667,0.014011442714838151,5,0.4009291445836425,0.025152363814413548,0.3775776047259569,0.40272996854037046,0,2,2;0,0.37630296871066093,0.4047697214409709,2.5483493622283464,1.9620543690398335,1,l_shipmode,FilterScan,Eq,AIR,600037902,85729153,8,4800303216,"[FilterScan(col='l_shipmode', pred=PredicateEq(value='AIR'))]",cpu,DictionaryEncoding,100
string_tensor_query_processing | TPCH,"test_tpch_string_processing[op=FilterScan,col=l_shipmode,pred=Eq,val=AIR-device=cpu-encoding=CDictionaryEncoding-scale=100]","bench_test.py::TestStringColumnTensor::test_tpch_string_processing[op=FilterScan,col=l_shipmode,pred=Eq,val=AIR-device=cpu-encoding=CDictionaryEncoding-scale=100]","op=FilterScan,col=l_shipmode,pred=Eq,val=AIR-device=cpu-encoding=CDictionaryEncoding-scale=100",0.36007294151932,0.523949708789587,0.44616137370467185,0.06446348538769082,5,0.45821733213961124,0.09913671994581819,0.39414705359376967,0.49328377353958786,0,2,2;0,0.36007294151932,0.523949708789587,2.2413414942144483,2.2308068685233593,1,l_shipmode,FilterScan,Eq,AIR,600037902,85729153,8,4800303216,"[FilterScan(col='l_shipmode', pred=PredicateEq(value='AIR'))]",cpu,CDictionaryEncoding,100
